order_id,order_date,city,category,fragile,weight_kg,length_cm,width_cm,height_cm,material,freight_cost,value,damaged
101357,2026-08-18,成都市,clothing,1,0.77,51.6,25.0,31.5,cardboard,8.9,29.0,0.0
100985,2026-01-26,成都,electronics,0,4.1,33.9,31.2,30.4,cardboard,15.39,117.0,0.0
100860,2026-08-28,成都,electronics,1,3.52,18.7,22.8,39.1,wood,19.04,99.0,0.0
101985,2026-05-02,武汉,electronics,0,2.37,54.1,22.5,12.3,bubble,10.03,130.0,0.0
101294,2026-03-09,杭州,electronics,1,3.69,57.8,10.1,21.0,cardboard,12.58,112.0,0.0
101470,2026-04-23,上海,electronics,0,0.74,36.6,30.1,24.7,bubble,7.49,97.0,0.0
101211,2026-06-02,武汉,electronics,0,4.4,20.2,13.4,7.2,wood,19.99,130.0,0.0
100368,2026-02-13,成都,clothing,0,0.38,26.7,18.5,14.3,bubble,6.95,41.0,0.0
101704,2026-05-21,杭州,glass,1,3.01,45.7,40.5,21.6,cardboard,14.58,169.0,0.0
101384,2026-07-30,上海,books,0,2.71,28.2,30.4,9.2,bubble,9.68,52.0,0.0
101788,2026-05-19,北京,electronics,0,2.5,46.6,27.6,32.0,bubble,11.28,80.0,0.0
100252,2026-05-27,广州,books,0,1.5,59.6,15.7,33.0,bubble,8.89,50.0,0.0
100472,2026-02-20,杭州,ceramics,1,3.05,45.4,40.8,39.1,wood,20.22,125.0,0.0
100383,2026-01-21,成都,electronics,0,0.78,46.5,22.5,20.7,cardboard,10.31,91.0,0.0
100782,2026-01-21,西安,electronics,0,3.78,20.2,32.2,25.0,wood,19.55,123.0,0.0
100619,2026-03-19,深圳,glass,1,1.24,43.5,16.7,9.3,wood,15.14,204.0,0.0
101092,2026-07-18,武汉,ceramics,1,4.15,38.0,16.8,26.9,wood,19.64,99.0,0.0
101403,2026-02-24,北京,electronics,0,1.44,30.6,22.5,21.4,bubble,7.48,126.0,0.0
101138,2026-01-07,北京,glass,1,2.78,28.1,29.0,34.9,bubble,10.1,169.0,0.0
101602,2026-05-16,北京,ceramics,1,4.08,38.1,21.6,20.1,wood,19.66,123.0,0.0
100584,2026-07-31,广州,glass,1,2.76,34.9,13.8,37.1,wood,20.41,165.0,0.0
100926,2026-01-26,杭州,books,0,,,32.8,31.9,bubble,8.26,48.0,0.0
100066,2026-05-20,北京,electronics,0,3.44,34.5,11.3,38.6,cardboard,12.43,94.0,0.0
100924,2026-03-10,北京,electronics,0,1.49,48.0,19.4,28.1,cardboard,8.56,92.0,0.0
100322,2026-06-08,深圳,clothing,0,0.5,28.7,41.1,24.0,cardboard,9.32,29.0,0.0
100306,2026-04-01,深圳,ceramics,1,1.98,41.8,21.0,16.6,cardboard,9.87,88.0,0.0
101542,2026-06-19,成都,electronics,0,0.77,19.9,26.3,24.9,bubble,7.89,99.0,0.0
101772,2026-03-28,北京,glass,1,4.38,,15.4,39.3,wood,20.39,206.0,0.0
101402,2026-02-02,西安,clothing,0,0.55,38.2,26.8,37.3,cardboard,9.93,35.0,0.0
100433,2026-05-14,成都,books,0,1.65,37.8,25.3,14.5,bubble,8.1,37.0,0.0
100695,2026-02-10,西安,electronics,1,2.88,49.3,37.8,32.2,wood,19.98,105.0,0.0
101665,2026-06-15,广州,glass,1,2.08,36.9,22.8,31.1,cardboard,10.5,186.0,0.0
100112,2026-08-05,北京,clothing,0,0.81,17.7,17.5,25.5,bubble,5.46,27.0,0.0
101023,2026-08-07,广州,electronics,0,3.03,23.3,21.2,16.2,wood,18.23,83.0,0.0
100030,2026-01-18,广州,books,0,2.77,39.1,39.7,27.8,cardboard,14.42,47.0,0.0
101883,2026-08-26,上海,clothing,0,0.55,34.9,37.1,15.7,bubble,8.23,27.0,0.0
100384,2026-08-04,上海,electronics,0,4.89,15.6,21.7,10.3,cardboard,14.78,116.0,0.0
101473,2026-05-23,深圳,clothing,0,0.76,55.3,18.5,36.9,bubble,7.87,27.0,0.0
101874,2026-07-24,武汉,electronics,1,3.62,22.0,28.5,34.6,wood,17.58,112.0,0.0
100307,2026-01-09,广州,clothing,0,0.25,37.8,24.9,5.4,cardboard,8.2,41.0,0.0
100057,2026-02-23,杭州,electronics,0,0.68,59.3,,39.2,bubble,9.66,85.0,0.0
100772,2026-05-06,武汉,electronics,0,0.58,41.9,33.8,14.8,cardboard,9.29,136.0,0.0
100778,2026-06-15,北京,clothing,0,0.79,43.3,43.0,33.1,bubble,9.64,33.0,0.0
101694,2026-07-03,广州,clothing,0,0.99,31.1,28.4,25.2,cardboard,11.7,35.0,0.0
101272,2026-05-31,广州,books,0,2.89,35.2,37.6,38.4,bubble,12.62,41.0,0.0
101577,2026-01-26,武汉,electronics,0,3.21,34.9,36.2,22.4,cardboard,12.66,135.0,0.0
100421,2026-06-21,成都,electronics,0,3.3,23.8,19.3,14.6,cardboard,13.65,96.0,0.0
100820,2026-08-01,广州,electronics,0,0.86,32.9,41.1,21.2,bubble,6.67,113.0,0.0
101511,2026-06-18,武汉,glass,1,2.88,31.1,34.7,15.1,cardboard,14.69,146.0,0.0
101183,2026-07-23,北京,electronics,1,2.07,20.4,14.5,5.2,wood,14.81,117.0,0.0
100495,2026-08-06,上海,clothing,0,1.45,30.8,28.8,20.6,bubble,8.26,,0.0
100325,2026-06-27,成都,clothing,0,0.6,28.8,25.6,16.3,cardboard,8.8,28.0,0.0
101437,2026-02-05,西安,clothing,0,1.13,30.2,42.7,26.1,bubble,8.74,26.0,0.0
101134,2026-08-26,SHANGHAI,clothing,1,0.48,36.9,38.7,27.5,wood,16.02,31.0,0.0
100679,2026-01-15,武汉,ceramics,1,2.58,55.9,27.6,37.1,wood,18.37,97.0,
100904,2026-01-28,西安,glass,1,3.66,21.0,25.6,16.7,cardboard,15.64,132.0,0.0
101367,2026-07-24,武汉,clothing,0,1.26,28.2,44.2,24.1,cardboard,11.52,35.0,0.0
101152,2026-02-25,成都,clothing,0,0.59,28.6,30.1,37.7,bubble,8.17,38.0,0.0
101556,2026-02-04,武汉,ceramics,1,1.5,54.3,11.7,,wood,14.26,136.0,0.0
100352,2026-06-05,深圳,glass,1,3.17,36.0,23.0,12.1,cardboard,13.92,209.0,0.0
101519,2026-08-01,武汉,clothing,0,999.0,37.3,23.7,38.0,bubble,6.94,39.0,0.0
101464,2026-06-03,深圳,ceramics,1,3.73,32.6,,5.9,wood,17.65,91.0,0.0
100819,2026-01-08,武汉,glass,1,3.79,59.7,41.8,22.0,wood,22.57,188.0,0.0
100615,2026-02-19,广州,clothing,0,0.71,35.9,44.2,23.1,bubble,7.91,33.0,0.0
100071,2026-05-16,深圳,ceramics,1,3.94,42.9,15.7,32.1,cardboard,13.49,135.0,0.0
100451,2026-05-22,北京,glass,1,3.8,36.9,18.5,13.2,wood,18.49,,0.0
101308,2026-08-31,杭州市,clothing,0,0.61,46.4,22.2,5.0,bubble,7.42,25.0,0.0
101579,2026-04-27,北京,books,0,1.77,16.3,30.3,36.6,bubble,8.71,51.0,0.0
101950,2026-06-07,广州,books,0,0.95,48.6,14.5,40.0,cardboard,11.33,50.0,0.0
101186,2026-08-05,上海,books,0,1.9,15.1,37.3,34.0,bubble,8.65,47.0,0.0
100870,2026-08-31,上海,electronics,1,3.71,52.1,38.3,34.9,wood,22.16,126.0,0.0
100354,2026-01-10,深圳,clothing,0,1.41,44.8,28.1,23.3,cardboard,11.71,29.0,0.0
101469,2026-04-20,上海,books,0,2.79,17.1,11.0,9.8,bubble,10.59,54.0,0.0
100975,2026-03-19,武汉,glass,1,3.83,50.5,11.0,33.6,cardboard,13.74,164.0,0.0
101340,2026-08-22,深圳,clothing,0,0.24,39.1,29.6,12.9,bubble,7.33,25.0,0.0
101551,2026-04-18,西安,glass,1,2.58,31.9,27.1,15.0,cardboard,12.11,128.0,0.0
100125,2026-08-03,成都,electronics,1,2.05,33.2,38.3,39.1,cardboard,13.23,,0.0
100211,2026-03-13,广州,glass,1,2.01,37.3,42.2,6.1,cardboard,9.61,127.0,0.0
100949,2026-06-21,成都,clothing,0,1.23,50.1,28.4,11.1,bubble,7.28,41.0,0.0
101079,2026-03-24,杭州,ceramics,1,4.31,59.0,13.8,32.9,wood,20.34,89.0,0.0
101647,2026-08-21,武汉,books,0,1.6,37.3,43.5,7.9,bubble,7.49,51.0,0.0
101494,2026-05-30,广州,electronics,0,3.72,54.9,21.8,13.9,cardboard,14.3,83.0,0.0
101112,2026-07-06,成都,ceramics,1,3.38,18.8,14.4,31.6,wood,18.07,134.0,0.0
100585,2026-01-03,成都,clothing,0,0.95,52.7,38.4,12.9,bubble,8.11,32.0,0.0
101334,2026-01-28,成都,electronics,1,3.77,46.5,16.3,34.1,cardboard,13.22,138.0,0.0
100353,2026-05-21,西安,electronics,1,4.79,47.3,42.0,,wood,21.17,82.0,0.0
101042,2026-07-07,杭州,electronics,0,1.19,53.1,31.8,26.8,bubble,10.94,96.0,0.0
101755,2026-05-21,上海,electronics,1,4.61,59.8,35.5,27.6,wood,21.45,127.0,0.0
101567,2026-02-25,广州,glass,1,2.24,29.3,14.2,25.2,cardboard,12.69,120.0,0.0
100520,2026-05-25,西安,electronics,0,0.81,54.7,32.8,16.3,bubble,8.15,96.0,0.0
100070,2026-01-22,杭州,electronics,1,0.71,15.4,16.6,6.1,bubble,4.59,94.0,0.0
100523,2026-07-19,深圳,electronics,1,3.24,25.8,11.9,7.8,wood,17.71,135.0,0.0
101631,2026-02-10,杭州,books,0,1.37,49.0,42.0,24.3,bubble,10.04,51.0,0.0
101081,2026-03-27,西安,electronics,0,3.72,33.2,31.2,36.3,cardboard,15.99,96.0,0.0
101561,2026-03-06,北京,ceramics,1,1.78,54.0,29.9,13.6,wood,16.15,133.0,0.0
101014,2026-07-13,深圳,electronics,0,4.48,18.2,34.8,33.2,cardboard,16.35,110.0,0.0
101834,2026-05-22,杭州,ceramics,1,3.41,39.2,35.3,15.5,wood,18.28,131.0,0.0
100212,2026-01-24,成都,books,0,,37.4,30.3,18.2,bubble,8.51,42.0,0.0
101011,2026-01-22,北京,books,0,2.41,55.8,26.8,11.0,bubble,11.23,49.0,0.0
101568,2026-08-18,广州,clothing,1,1.17,34.7,32.8,9.4,cardboard,8.67,30.0,0.0
100100,2026-02-02,武汉,electronics,0,3.14,51.7,40.1,10.9,cardboard,13.09,127.0,0.0
101311,2026-02-25,杭州,glass,1,3.77,20.6,15.9,26.5,cardboard,11.72,181.0,0.0
100731,2026-04-06,广州,books,0,1.78,48.8,41.8,29.6,bubble,9.77,45.0,0.0
100530,2026-08-17,广州,electronics,0,2.0,19.3,40.6,22.9,bubble,10.24,102.0,0.0
100299,2026-06-27,杭州,electronics,1,0.92,43.3,24.7,8.2,cardboard,9.93,123.0,0.0
101019,2026-03-18,西安,ceramics,1,1.08,26.2,20.3,30.1,wood,13.87,83.0,0.0
101331,2026-08-16,北京,glass,1,1.86,50.6,27.9,5.5,cardboard,11.98,194.0,
100713,2026-01-12,成都市,clothing,0,0.91,36.8,19.1,32.7,bubble,8.53,39.0,0.0
101330,2026-08-31,广州,clothing,0,1.36,19.9,25.3,26.4,bubble,6.07,41.0,0.0
100651,2026-02-03,北京,glass,1,3.82,16.0,27.6,24.1,wood,19.73,152.0,0.0
100240,2026-03-11,武汉,ceramics,1,2.73,24.4,38.8,11.9,wood,17.9,114.0,0.0
101962,2026-04-23,深圳,glass,1,4.16,36.2,26.8,6.5,cardboard,14.57,136.0,0.0
101722,2026-04-19,北京,clothing,0,0.44,49.1,29.2,23.5,bubble,8.3,26.0,0.0
101847,2026-02-07,西安,electronics,1,3.14,50.7,41.2,13.6,wood,19.49,116.0,0.0
101877,2026-08-09,成都,books,0,1.15,15.7,44.8,5.4,bubble,7.36,53.0,
100395,2026-06-26,杭州,ceramics,1,3.8,40.6,18.2,30.6,wood,18.46,132.0,0.0
101354,2026-08-04,武汉市,glass,1,3.38,25.0,37.2,13.7,wood,17.3,162.0,0.0
101230,2026-07-29,北京,clothing,0,1.48,27.6,15.4,32.6,cardboard,10.91,40.0,0.0
101717,2026-06-27,成都,electronics,0,1.27,30.5,44.5,32.8,cardboard,11.5,101.0,0.0
101145,2026-05-06,西安,clothing,0,1.09,46.6,15.5,32.8,cardboard,10.3,28.0,0.0
101621,2026-06-22,武汉,ceramics,1,1.65,28.1,35.5,27.4,cardboard,9.1,132.0,0.0
100803,2026-02-16,上海,electronics,0,1.16,41.9,38.3,25.7,bubble,8.33,103.0,0.0
100129,2026-04-21,深圳,clothing,0,1.43,39.6,29.0,36.5,bubble,10.86,32.0,0.0
100863,2026-02-02,广州,ceramics,1,1.56,40.7,16.5,30.3,cardboard,8.88,106.0,0.0
100276,2026-05-21,成都,glass,1,4.12,25.4,44.5,29.7,wood,22.3,136.0,1.0
100535,2026-03-14,北京,electronics,0,1.21,,30.6,23.1,cardboard,10.16,126.0,0.0
101056,2026-03-10,西安,ceramics,1,3.31,21.4,27.0,22.9,wood,17.46,134.0,0.0
101426,2026-02-06,北京,ceramics,1,4.41,59.0,24.5,20.1,wood,19.12,98.0,0.0
101377,2026-08-18,广州,electronics,1,3.43,33.0,33.5,18.4,cardboard,12.31,133.0,0.0
101346,2026-01-23,上海,books,0,1.6,19.4,25.4,36.3,bubble,8.8,52.0,0.0
100527,2026-03-31,北京,ceramics,1,2.27,49.2,29.8,22.8,cardboard,11.66,129.0,0.0
100486,2026-07-09,西安,electronics,0,0.81,45.0,17.1,37.0,bubble,7.77,119.0,0.0
101810,2026-04-04,西安,books,0,1.71,47.4,44.4,20.3,cardboard,12.7,41.0,0.0
101971,2026-06-04,广州,ceramics,1,1.5,53.3,16.2,33.4,cardboard,10.46,114.0,0.0
101892,2026-06-08,上海,electronics,1,2.73,50.8,29.2,36.3,cardboard,12.79,85.0,0.0
101560,2026-03-27,成都,clothing,0,0.61,39.8,29.2,16.4,cardboard,9.28,26.0,0.0
101610,2026-03-16,上海,glass,1,1.13,57.0,44.7,9.3,wood,13.63,168.0,
101813,2026-02-24,武汉,books,0,0.91,15.2,34.1,12.7,bubble,6.02,53.0,0.0
101191,2026-07-27,杭州,ceramics,1,4.31,23.3,28.9,18.5,cardboard,13.87,91.0,0.0
100528,2026-03-18,深圳,clothing,0,0.87,47.2,28.3,32.8,bubble,9.43,30.0,0.0
101236,2026-05-29,杭州,glass,1,3.38,20.8,12.9,39.8,cardboard,12.78,174.0,0.0
100531,2026-01-25,北京,electronics,0,3.05,57.4,17.7,8.5,cardboard,12.69,131.0,0.0
100901,2026-07-02,北京,electronics,0,2.9,19.3,44.0,28.3,cardboard,12.4,110.0,0.0
101871,2026-04-10,武汉,books,0,0.3,42.3,25.8,14.1,bubble,5.75,46.0,0.0
101259,2026-03-27,杭州,electronics,0,1.06,21.1,41.9,17.6,bubble,8.13,133.0,0.0
100818,2026-02-23,成都,electronics,0,2.97,35.2,33.9,36.1,cardboard,13.55,130.0,0.0
100908,2026-02-24,西安,electronics,0,2.18,47.0,17.1,6.3,bubble,9.26,103.0,0.0
101041,2026-03-04,北京,clothing,0,1.15,51.7,36.5,19.0,bubble,7.2,25.0,0.0
101454,2026-06-12,西安,ceramics,1,1.58,46.8,44.9,11.3,cardboard,12.22,118.0,0.0
100680,2026-08-14,广州,electronics,1,0.59,57.6,45.0,31.7,wood,16.32,124.0,0.0
101165,2026-02-27,西安,electronics,0,2.18,22.1,19.5,9.5,cardboard,11.11,110.0,0.0
101537,2026-03-05,杭州,electronics,1,1.15,19.6,21.9,23.6,bubble,8.15,127.0,0.0
100116,2026-01-08,杭州,glass,1,4.88,41.3,14.5,16.2,wood,20.91,197.0,0.0
100966,2026-03-21,广州,ceramics,1,1.94,50.4,44.2,27.3,bubble,11.94,128.0,0.0
100343,2026-05-02,成都,ceramics,1,2.05,57.3,43.6,28.8,cardboard,12.66,109.0,0.0
101692,2026-07-08,成都,clothing,0,0.24,50.8,38.3,25.4,bubble,7.16,25.0,
101942,2026-03-27,深圳,glass,1,1.87,52.6,16.0,15.8,cardboard,11.05,133.0,0.0
101997,2026-04-28,深圳,electronics,1,,15.9,43.9,18.3,cardboard,10.43,111.0,0.0
100255,2026-07-13,上海,ceramics,0,3.65,17.8,30.9,9.2,cardboard,11.32,123.0,0.0
101827,2026-02-05,杭州,electronics,1,2.37,30.1,43.6,29.0,cardboard,12.75,94.0,0.0
101832,2026-05-25,西安,ceramics,1,2.34,45.3,38.1,15.6,cardboard,13.23,124.0,0.0
101951,2026-05-08,西安,electronics,0,3.18,41.1,16.1,37.3,cardboard,13.96,135.0,0.0
101091,2026-06-11,成都,glass,0,1030.0,41.3,17.6,14.7,bubble,8.75,121.0,0.0
101275,2026-07-12,广州,ceramics,1,3.86,51.7,19.7,39.8,cardboard,14.44,82.0,0.0
100121,2026-01-19,西安,glass,1,4.49,27.2,15.6,32.1,wood,17.74,206.0,0.0
101944,2026-02-01,成都,ceramics,1,4.38,59.2,37.3,32.0,wood,22.58,114.0,0.0
100580,2026-02-18,上海,clothing,0,0.43,20.8,44.2,12.1,cardboard,8.12,29.0,0.0
101302,2026-01-14,武汉,glass,1,3.32,32.4,22.0,18.6,wood,18.07,207.0,0.0
100257,2026-02-01,上海,electronics,1,3.56,59.1,35.9,21.3,bubble,12.41,124.0,0.0
100809,2026-08-18,上海,clothing,0,0.78,37.5,31.7,19.2,bubble,6.91,33.0,0.0
100136,2026-04-16,成都市,glass,1,1.05,50.2,25.0,27.3,cardboard,12.69,151.0,0.0
101111,2026-03-28,杭州,books,0,2.14,49.4,33.6,12.8,bubble,9.64,52.0,0.0
101582,2026-07-29,上海,glass,1,0.9,36.7,10.7,25.3,bubble,7.31,135.0,0.0
100940,2026-05-10,杭州市,glass,1,,45.6,27.0,28.1,wood,17.76,194.0,0.0
100465,2026-01-26,深圳,clothing,0,1.42,42.1,36.8,6.9,bubble,7.86,29.0,0.0
100439,2026-06-14,武汉,glass,1,1.55,55.9,30.8,15.5,cardboard,10.23,149.0,0.0
101345,2026-05-19,深圳,clothing,0,0.22,49.1,43.0,23.2,bubble,6.18,34.0,
101048,2026-01-09,武汉,electronics,0,2.43,46.3,30.6,17.2,bubble,9.85,88.0,0.0
100931,2026-01-29,北京,books,0,1.15,55.0,24.4,18.2,cardboard,9.52,55.0,0.0
100110,2026-02-08,深圳,clothing,1,0.23,36.9,19.1,19.7,cardboard,7.98,34.0,0.0
100362,2026-02-23,北京,electronics,1,0.75,44.3,13.1,20.4,cardboard,7.58,102.0,0.0
100351,2026-02-23,西安,ceramics,1,,46.8,12.9,21.4,cardboard,10.64,100.0,0.0
101633,2026-01-14,广州,clothing,0,1.04,27.5,34.0,35.2,wood,15.33,36.0,0.0
101757,2026-06-14,北京,electronics,0,4.16,16.7,35.0,12.0,cardboard,12.11,93.0,0.0
100621,2026-03-04,杭州,glass,1,1.48,59.3,41.4,29.6,cardboard,11.82,150.0,0.0
100234,2026-07-14,武汉,electronics,0,3.45,40.1,36.3,33.9,wood,20.54,121.0,0.0
101526,2026-01-07,西安,ceramics,1,0.98,56.8,42.8,34.6,cardboard,13.53,118.0,0.0
101428,2026-05-05,北京,books,0,2.98,22.7,34.3,34.3,bubble,10.31,55.0,0.0
100693,2026-04-29,广州,clothing,0,0.86,41.0,14.1,5.1,bubble,4.19,34.0,0.0
101926,2026-05-03,武汉,clothing,0,0.29,26.5,11.1,27.0,cardboard,5.73,38.0,0.0
100789,2026-04-24,广州,electronics,0,0.64,29.7,10.4,6.2,bubble,5.45,88.0,0.0
101343,2026-03-25,北京,clothing,0,1.21,33.6,32.7,21.9,bubble,7.24,34.0,0.0
100882,2026-07-26,西安,glass,1,4.41,37.0,19.3,8.0,wood,20.04,185.0,1.0
100757,2026-05-15,武汉,electronics,0,3.58,33.0,35.7,10.7,wood,19.42,101.0,0.0
100480,2026-05-28,杭州,clothing,0,0.43,28.6,44.5,18.2,bubble,5.37,38.0,0.0
100553,2026-02-12,西安市,electronics,0,4.1,30.7,35.5,7.3,cardboard,15.01,116.0,0.0
100248,2026-06-21,广州,clothing,0,,48.3,37.5,9.8,cardboard,8.54,24.0,
101745,2026-04-27,杭州,books,0,2.78,29.8,18.1,6.0,bubble,10.79,39.0,0.0
100345,2026-06-06,深圳,glass,1,3.73,16.0,15.4,24.7,wood,18.13,190.0,0.0
101860,2026-04-09,上海,glass,1,2.16,51.1,43.1,39.1,wood,21.53,171.0,0.0
100568,2026-04-20,上海,electronics,0,2.43,56.4,32.8,8.9,bubble,11.02,133.0,0.0
100571,2026-06-06,上海,clothing,0,0.93,30.1,,30.2,bubble,10.04,41.0,0.0
100308,2026-04-07,成都市,clothing,0,1.4,45.8,29.2,38.1,cardboard,12.44,26.0,0.0
101783,2026-02-07,上海,electronics,0,3.94,53.8,23.0,29.2,cardboard,15.04,94.0,0.0
100213,2026-08-29,武汉,clothing,0,0.68,22.7,12.4,30.5,cardboard,8.09,25.0,0.0
100501,2026-05-31,杭州,ceramics,1,1.17,29.7,13.9,39.3,cardboard,9.42,88.0,0.0
100905,2026-06-10,成都,electronics,0,0.55,23.1,28.7,30.3,bubble,8.7,100.0,0.0
100232,2026-05-14,成都,glass,1,4.87,28.2,29.0,22.5,wood,20.59,145.0,0.0
100415,2026-06-03,杭州,electronics,0,3.67,27.3,38.5,10.6,cardboard,13.81,82.0,0.0
101352,2026-03-22,杭州,glass,1,4.98,53.1,24.5,35.6,wood,21.81,123.0,0.0
100282,2026-01-15,成都,electronics,0,0.88,22.6,43.4,11.8,cardboard,8.15,118.0,0.0
101968,2026-06-15,广州,glass,1,2.64,29.4,40.4,33.2,wood,19.26,164.0,0.0
101240,2026-05-17,广州,electronics,0,4.79,20.4,31.4,24.4,cardboard,14.75,126.0,0.0
100434,2026-05-14,广州,ceramics,1,2.27,15.3,12.6,20.1,wood,14.2,119.0,0.0
100050,2026-08-12,上海,ceramics,0,3.9,35.2,23.7,7.8,wood,18.7,108.0,0.0
100298,2026-04-26,北京,ceramics,1,3.17,51.9,26.9,23.7,cardboard,14.83,119.0,0.0
100779,2026-02-27,深圳,electronics,1,3.3,31.3,28.7,5.1,wood,19.43,,0.0
100483,2026-07-13,成都市,electronics,0,2.06,32.8,11.4,37.1,cardboard,11.56,85.0,0.0
100707,2026-07-15,深圳,electronics,0,2.21,53.1,28.9,13.4,bubble,10.42,90.0,0.0
100775,2026-08-24,西安,books,0,2.3,57.7,13.9,14.0,cardboard,12.41,39.0,0.0
101126,2026-07-17,成都,ceramics,1,3.73,57.1,35.4,23.5,wood,21.07,115.0,0.0
101125,2026-06-24,杭州,clothing,0,0.66,17.5,12.5,18.2,bubble,7.64,25.0,0.0
101353,2026-06-13,广州市,clothing,0,0.72,30.7,32.5,27.8,bubble,9.49,35.0,0.0
100174,2026-02-04,成都,electronics,0,4.11,23.0,41.6,24.2,wood,19.97,119.0,0.0
100810,2026-07-20,深圳,clothing,0,1.17,15.3,22.1,20.4,bubble,6.63,41.0,0.0
100430,2026-07-03,成都,clothing,0,0.54,29.2,42.1,17.0,bubble,4.1,37.0,0.0
100496,2026-03-13,北京,books,0,1.73,23.6,12.2,,bubble,7.13,49.0,0.0
101736,2026-03-26,上海,ceramics,1,1.9,29.2,17.3,39.4,wood,15.78,130.0,0.0
100238,2026-08-09,西安,clothing,0,0.84,37.2,16.9,35.1,cardboard,10.94,39.0,0.0
101748,2026-06-06,西安,clothing,0,0.34,40.5,23.7,12.1,cardboard,8.15,33.0,0.0
100544,2026-01-23,SHENZHEN,glass,1,0.98,36.7,13.8,29.1,bubble,6.46,171.0,0.0
100024,2026-08-13,上海,electronics,0,1.56,19.7,12.3,25.8,bubble,8.15,98.0,0.0
101670,2026-07-31,成都市,electronics,1,1.55,30.8,39.3,21.7,bubble,7.71,106.0,0.0
100064,2026-01-15,杭州,ceramics,1,3.55,28.5,18.4,16.3,cardboard,13.46,96.0,0.0
100631,2026-04-15,成都,glass,1,4.05,47.2,41.2,25.8,cardboard,17.55,176.0,0.0
100189,2026-06-23,成都,electronics,0,,58.9,16.5,15.5,cardboard,14.32,92.0,0.0
101880,2026-05-17,武汉,books,0,2.92,44.5,39.4,28.1,bubble,10.6,47.0,0.0
100862,2026-06-26,成都,books,0,2.69,22.2,12.7,8.8,cardboard,11.96,48.0,0.0
101678,2026-07-23,杭州,clothing,0,0.35,35.3,33.9,32.9,bubble,9.42,27.0,0.0
100369,2026-07-02,上海,ceramics,1,2.46,28.2,43.4,18.8,cardboard,11.28,122.0,0.0
100271,2026-02-16,北京,ceramics,1,3.83,47.2,40.6,,cardboard,16.02,116.0,0.0
101618,2026-01-03,杭州,glass,1,2.35,33.3,39.7,24.1,wood,17.73,159.0,0.0
100874,2026-06-26,广州,clothing,0,1.22,31.2,43.2,28.1,cardboard,10.26,28.0,0.0
100197,2026-01-13,深圳,glass,1,1.91,54.6,19.5,36.3,cardboard,12.76,165.0,0.0
100484,2026-03-10,上海,clothing,0,0.25,42.1,42.2,20.3,cardboard,7.55,37.0,0.0
101217,2026-02-02,成都,glass,1,3.64,22.8,31.2,9.1,wood,19.19,141.0,0.0
101270,2026-06-28,上海,glass,0,1.05,25.0,35.4,5.0,bubble,8.02,154.0,0.0
101273,2026-05-06,成都,glass,1,4.25,47.0,23.3,24.5,wood,18.46,185.0,0.0
101314,2026-06-22,成都,electronics,1,1.14,50.9,25.8,34.4,cardboard,10.58,127.0,0.0
100101,2026-03-12,西安,electronics,1,3.98,59.9,16.7,10.4,wood,20.21,,0.0
101829,2026-08-13,西安,glass,1,1.94,51.8,12.4,30.8,cardboard,10.96,124.0,0.0
101588,2026-03-04,北京,ceramics,1,3.57,50.1,12.5,22.8,cardboard,13.06,126.0,0.0
101969,2026-07-01,深圳,clothing,0,0.83,58.7,36.8,30.6,cardboard,12.41,26.0,0.0
100221,2026-08-12,成都,books,0,2.26,43.4,36.5,34.0,bubble,12.1,39.0,0.0
100556,2026-08-24,北京,electronics,1,,31.4,34.0,17.0,wood,19.17,94.0,
101674,2026-05-12,武汉,clothing,0,0.99,24.7,15.8,39.9,bubble,5.91,,0.0
100481,2026-03-19,广州,glass,1,3.36,53.8,33.4,31.7,wood,19.79,141.0,0.0
101677,2026-01-07,杭州,electronics,0,4.35,49.4,39.7,22.9,cardboard,16.09,136.0,0.0
101447,2026-07-17,广州,ceramics,1,3.51,44.0,18.8,29.6,wood,17.81,80.0,0.0
100734,2026-02-04,广州,electronics,1,3.27,20.7,38.7,37.9,wood,18.15,86.0,0.0
100758,2026-06-05,武汉,ceramics,1,3.12,17.3,41.6,35.9,wood,17.55,111.0,0.0
100980,2026-01-21,杭州,ceramics,1,4.38,23.2,20.7,37.9,wood,18.62,94.0,0.0
100612,2026-03-29,北京,books,0,0.34,29.9,30.9,17.7,bubble,5.9,34.0,0.0
101988,2026-03-30,上海,electronics,0,4.15,58.8,37.2,12.5,wood,19.6,128.0,0.0
100858,2026-01-09,上海,ceramics,1,1.72,26.3,38.0,28.4,bubble,9.01,92.0,0.0
100317,2026-03-13,杭州,glass,1,3.76,46.5,36.2,28.7,wood,22.1,164.0,0.0
100597,2026-03-27,武汉,ceramics,1,2.77,34.5,31.9,20.5,cardboard,12.63,137.0,0.0
101943,2026-04-07,北京,electronics,0,0.86,17.5,,24.7,bubble,6.76,81.0,
101508,2026-03-19,杭州,electronics,0,4.35,20.3,33.1,17.6,cardboard,15.87,132.0,0.0
101243,2026-05-09,上海,glass,1,2.13,20.0,17.7,11.7,cardboard,11.53,151.0,0.0
101284,2026-04-18,深圳,electronics,0,3.4,52.7,22.8,37.0,cardboard,14.37,96.0,0.0
100079,2026-04-15,成都,clothing,0,1.15,19.7,41.6,35.3,bubble,7.39,27.0,0.0
100839,2026-04-07,杭州,clothing,0,1.45,16.3,18.9,18.1,bubble,9.03,30.0,0.0
100033,2026-07-10,北京,ceramics,1,2.92,49.4,38.0,22.2,wood,16.69,87.0,0.0
100463,2026-02-26,杭州,glass,1,3.99,59.8,29.4,29.1,wood,21.09,197.0,0.0
100747,2026-08-11,西安,electronics,0,1.12,57.7,32.9,13.1,cardboard,8.41,116.0,0.0
101848,2026-01-29,广州,electronics,0,0.81,30.6,11.9,,bubble,5.86,138.0,0.0
100423,2026-01-27,北京,books,0,0.88,53.0,38.1,9.4,bubble,4.66,53.0,0.0
100164,2026-07-02,深圳,electronics,0,2.99,43.1,14.7,29.3,bubble,9.93,84.0,0.0
100204,2026-03-16,成都,glass,1,2.35,17.7,22.9,13.9,wood,16.21,143.0,0.0
101415,2026-07-08,北京,ceramics,1,1.17,50.9,28.7,5.1,wood,13.66,118.0,0.0
100290,2026-04-29,成都,electronics,1,0.76,53.9,15.0,15.1,cardboard,8.16,113.0,0.0
100938,2026-03-07,成都市,clothing,0,0.7,15.3,16.6,37.6,bubble,9.64,29.0,0.0
100781,2026-07-30,上海,glass,1,3.05,59.5,33.2,19.7,wood,19.98,143.0,0.0
100539,2026-02-25,成都,books,0,0.97,27.0,29.3,13.4,cardboard,9.49,52.0,0.0
101996,2026-02-06,杭州,electronics,0,1.52,58.7,37.7,7.7,bubble,8.96,88.0,0.0
101474,2026-04-23,广州,books,0,0.56,20.0,43.3,24.2,bubble,7.04,32.0,0.0
101812,2026-01-09,西安,glass,1,4.97,18.2,17.4,6.1,bubble,13.85,135.0,0.0
101455,2026-05-14,武汉,books,0,2.46,37.4,42.1,34.1,bubble,10.3,38.0,0.0
101393,2026-02-09,成都,electronics,0,2.83,34.1,26.1,14.8,bubble,10.48,133.0,0.0
100219,2026-05-02,深圳,clothing,0,1360.0,40.0,20.4,16.5,cardboard,11.42,41.0,0.0
101961,2026-03-07,广州,ceramics,1,2.56,33.5,30.0,36.0,cardboard,14.24,131.0,0.0
101669,2026-05-10,武汉,books,0,0.68,42.4,31.1,14.5,cardboard,8.27,51.0,0.0
101327,2026-08-07,西安,clothing,0,0.26,33.3,15.0,26.4,bubble,5.8,37.0,
100611,2026-04-23,北京市,glass,1,2.44,48.8,30.2,33.2,wood,17.9,191.0,0.0
100722,2026-04-12,北京,electronics,0,4.57,54.9,12.0,34.3,cardboard,15.92,,0.0
100060,2026-05-14,西安市,clothing,0,1.07,30.7,39.9,15.5,bubble,5.72,28.0,0.0
101709,2026-08-24,深圳,clothing,0,0.56,38.6,16.8,24.2,bubble,7.77,36.0,0.0
101406,2026-01-19,成都,electronics,0,3.24,46.8,,36.3,cardboard,13.59,120.0,0.0
100074,2026-05-20,西安,electronics,1,3.62,59.6,10.1,5.6,wood,19.76,,0.0
100163,2026-08-28,杭州,glass,1,3.68,49.4,20.8,12.6,wood,17.76,146.0,0.0
100367,2026-08-06,SHENZHEN,ceramics,1,2.11,20.6,23.7,16.0,wood,17.0,129.0,0.0
100533,2026-01-19,上海,ceramics,1,2.03,20.8,16.8,27.3,cardboard,10.39,89.0,0.0
100562,2026-05-11,深圳,ceramics,1,1.53,26.8,,26.4,cardboard,11.35,91.0,0.0
101826,2026-02-20,广州,glass,1,3.69,55.9,22.9,17.4,wood,19.25,153.0,0.0
100603,2026-01-04,北京,electronics,0,3.66,16.1,38.6,,cardboard,12.36,85.0,0.0
101965,2026-05-18,北京,clothing,0,1.35,27.7,30.5,20.3,bubble,9.45,39.0,0.0
100046,2026-05-07,武汉,ceramics,1,2.13,54.9,42.2,22.6,cardboard,12.86,98.0,0.0
100979,2026-03-09,武汉,ceramics,1,1.76,54.1,35.8,9.8,bubble,8.36,136.0,0.0
100355,2026-05-09,杭州,electronics,1,1.37,46.7,28.6,18.1,bubble,7.98,132.0,0.0
101648,2026-04-23,西安,clothing,0,1.33,17.3,21.9,22.3,cardboard,8.77,37.0,0.0
101001,2026-07-27,杭州,clothing,0,0.52,52.2,27.3,37.8,wood,15.49,41.0,0.0
100077,2026-04-24,上海,glass,1,2.96,38.4,24.3,8.3,cardboard,12.43,181.0,0.0
101947,2026-05-23,杭州,glass,1,0.96,50.1,35.7,35.3,wood,16.38,190.0,0.0
101789,2026-05-08,武汉,ceramics,1,1.51,17.9,23.7,26.5,cardboard,10.79,99.0,0.0
100681,2026-06-14,武汉,ceramics,1,3.25,48.0,16.6,20.5,wood,17.74,137.0,0.0
101332,2026-07-29,成都,electronics,1,2.57,35.7,43.3,8.1,wood,16.02,87.0,0.0
100983,2026-01-21,北京,ceramics,1,3.36,34.5,36.6,6.5,cardboard,13.37,99.0,0.0
100394,2026-08-21,北京,clothing,0,1.29,57.3,12.4,21.6,cardboard,11.06,24.0,0.0
100837,2026-08-08,西安,books,0,2.98,59.0,21.5,16.7,cardboard,11.8,51.0,0.0
100031,2026-06-25,上海,clothing,0,0.46,20.9,31.5,8.3,bubble,7.83,40.0,0.0
101107,2026-05-17,武汉,ceramics,1,1.3,26.2,15.1,10.1,cardboard,9.38,125.0,0.0
101612,2026-04-08,西安,books,0,0.98,31.4,41.0,13.5,bubble,7.01,44.0,0.0
100716,2026-04-13,北京,glass,1,3.78,28.4,17.7,29.7,wood,19.45,201.0,0.0
100977,2026-02-07,武汉,books,0,0.8,52.0,32.3,15.3,cardboard,8.38,51.0,0.0
101557,2026-01-01,西安,glass,1,1.8,18.6,32.0,17.9,bubble,10.89,169.0,0.0
100825,2026-08-19,上海,electronics,1,0.61,51.9,28.4,19.9,wood,13.94,87.0,0.0
101958,2026-07-25,杭州,electronics,1,4.2,48.2,31.5,26.0,wood,20.55,132.0,0.0
101574,2026-01-25,北京,electronics,0,4.23,43.1,15.2,24.9,cardboard,14.59,114.0,0.0
101977,2026-02-12,深圳,ceramics,1,4.47,24.5,25.1,7.2,wood,19.37,124.0,0.0
100375,2026-05-17,武汉,glass,0,2.83,54.9,23.5,,bubble,11.64,163.0,0.0
101597,2026-07-21,西安,electronics,1,3.05,36.8,13.9,24.5,cardboard,12.16,83.0,0.0
100045,2026-02-17,深圳,glass,1,1.75,46.6,32.7,27.8,cardboard,12.54,169.0,0.0
101695,2026-07-04,北京市,ceramics,1,1.88,39.8,43.1,28.3,cardboard,12.68,137.0,0.0
100169,2026-01-03,西安,ceramics,1,3.6,25.1,20.0,13.8,bubble,11.28,139.0,0.0
100304,2026-02-03,杭州,clothing,0,0.58,52.0,15.5,8.6,cardboard,8.24,38.0,0.0
101966,2026-03-27,成都,glass,1,4.47,22.7,39.7,10.4,wood,19.98,161.0,0.0
101614,2026-06-15,深圳,clothing,0,0.55,18.0,21.2,12.4,cardboard,8.2,41.0,0.0
101955,2026-02-12,深圳,clothing,0,1.19,26.2,32.5,16.2,bubble,7.86,30.0,0.0
100620,2026-07-12,西安,electronics,0,3.08,53.8,31.7,31.1,wood,22.02,95.0,0.0
101436,2026-05-03,深圳,glass,1,2.56,49.7,21.2,23.1,cardboard,13.17,175.0,0.0
100721,2026-01-03,深圳,electronics,0,1.47,31.3,34.1,23.0,cardboard,8.55,135.0,0.0
101774,2026-01-31,上海,books,0,2.61,17.4,30.1,6.2,cardboard,12.43,,0.0
101320,2026-05-06,北京,books,0,2.87,59.0,31.0,35.8,bubble,13.54,44.0,0.0
100594,2026-01-13,杭州,ceramics,1,2.67,26.1,42.3,23.1,cardboard,12.49,82.0,0.0
101970,2026-06-03,杭州,clothing,0,1.32,26.1,18.1,25.5,bubble,8.42,37.0,0.0
101293,2026-01-25,成都,electronics,0,0.8,29.8,31.3,25.4,cardboard,9.63,106.0,1.0
101613,2026-07-15,上海,glass,1,1.37,41.2,19.6,24.3,cardboard,10.58,178.0,0.0
101090,2026-05-18,北京,books,0,0.77,,36.7,21.0,cardboard,11.9,53.0,0.0
100508,2026-02-13,杭州,glass,1,3.38,41.3,10.3,24.9,cardboard,12.8,157.0,0.0
100186,2026-07-12,广州,clothing,0,0.57,56.8,44.3,6.5,bubble,6.06,26.0,0.0
100652,2026-08-30,广州,electronics,0,4.88,26.6,25.3,29.1,cardboard,14.18,104.0,0.0
100428,2026-04-17,杭州,glass,1,2.37,18.9,25.0,10.9,wood,16.81,201.0,0.0
100487,2026-04-14,西安,books,0,1.91,51.9,32.6,7.7,bubble,9.04,53.0,0.0
101221,2026-04-26,上海,books,0,0.64,33.6,32.1,18.0,cardboard,8.62,45.0,0.0
100301,2026-04-17,广州,clothing,0,0.26,42.0,12.5,37.7,wood,12.92,35.0,0.0
101051,2026-08-16,武汉,clothing,0,0.29,44.9,29.4,22.3,cardboard,9.11,30.0,0.0
100742,2026-07-01,杭州,electronics,0,2.27,41.7,28.9,7.6,bubble,9.3,114.0,0.0
100555,2026-04-25,深圳,books,0,0.65,18.8,23.4,14.1,bubble,7.88,50.0,0.0
101624,2026-07-08,上海,glass,1,2.81,53.2,23.2,9.9,cardboard,11.75,139.0,0.0
101672,2026-03-18,成都,books,1,0.34,27.0,34.0,32.8,cardboard,7.67,,0.0
101963,2026-06-21,深圳,electronics,0,0.59,30.2,37.2,10.1,bubble,5.58,135.0,0.0
101385,2026-04-25,上海,electronics,0,0.82,23.9,15.9,15.7,cardboard,8.98,95.0,0.0
100999,2026-05-20,武汉市,electronics,0,4.46,20.4,38.3,27.7,cardboard,13.35,113.0,0.0
100176,2026-02-13,北京,glass,1,3.5,51.5,34.9,8.6,cardboard,12.59,142.0,0.0
100582,2026-08-15,上海,clothing,0,1.45,24.5,10.6,31.5,bubble,8.45,33.0,0.0
101481,2026-02-24,成都,clothing,0,1.37,59.9,34.6,25.7,cardboard,11.08,38.0,0.0
101733,2026-05-02,成都,electronics,0,4.28,39.5,20.4,20.4,cardboard,16.1,83.0,0.0
100124,2026-04-19,上海,glass,1,3.7,32.0,31.7,6.4,cardboard,14.21,139.0,0.0
100454,2026-05-07,成都,clothing,0,1.11,25.1,15.9,21.5,bubble,7.78,27.0,0.0
100412,2026-01-28,北京,ceramics,1,3.48,39.8,37.0,16.1,wood,18.56,110.0,0.0
101007,2026-08-12,深圳,ceramics,1,2.85,31.9,11.5,33.6,cardboard,12.6,89.0,0.0
100040,2026-04-20,上海,clothing,0,1.41,52.7,11.4,12.1,bubble,8.97,39.0,0.0
100807,2026-05-08,北京,electronics,0,0.72,16.6,37.4,29.7,bubble,7.05,103.0,0.0
101924,2026-08-19,上海,clothing,0,1.31,56.2,34.1,16.3,bubble,7.91,32.0,0.0
100332,2026-08-01,北京,clothing,0,0.66,53.7,20.4,12.4,cardboard,9.23,29.0,0.0
101652,2026-07-22,广州,electronics,0,999.0,16.8,12.3,34.3,bubble,7.77,98.0,0.0
100195,2026-04-19,武汉,clothing,0,1.3,49.5,,15.8,bubble,7.77,41.0,0.0
100536,2026-02-03,杭州,clothing,0,0.89,16.2,14.8,32.9,bubble,8.47,35.0,0.0
101572,2026-08-14,西安市,electronics,0,4.59,47.4,17.4,18.5,cardboard,17.18,122.0,0.0
101739,2026-02-03,深圳,electronics,0,2.14,43.7,44.6,36.3,cardboard,14.71,86.0,0.0
100323,2026-08-17,深圳,glass,1,4.99,53.9,29.4,17.0,cardboard,16.03,191.0,0.0
101386,2026-07-31,西安,electronics,1,,19.6,21.1,31.3,wood,17.0,117.0,0.0
100267,2026-02-07,西安,ceramics,1,1.57,45.0,26.5,16.3,bubble,7.41,80.0,0.0
100671,2026-08-21,西安,clothing,0,0.91,25.1,19.1,5.5,cardboard,7.64,39.0,0.0
101451,2026-06-24,西安,electronics,1,3.69,21.9,35.3,25.3,wood,19.72,92.0,0.0
100068,2026-04-24,武汉,glass,1,0.81,15.1,27.8,22.1,bubble,5.2,190.0,0.0
101260,2026-01-03,杭州,electronics,0,999.0,29.6,34.3,11.8,bubble,9.67,110.0,0.0
100549,2026-06-24,深圳,glass,1,0.82,38.8,23.6,18.7,bubble,8.89,165.0,0.0
101803,2026-05-25,西安,clothing,0,0.44,48.8,41.6,14.6,bubble,6.2,39.0,0.0
100986,2026-02-20,成都,ceramics,1,2.62,28.5,17.3,24.1,cardboard,11.46,83.0,0.0
101418,2026-07-04,成都,electronics,0,1.87,28.6,35.9,6.3,bubble,9.21,117.0,0.0
101705,2026-06-25,上海,glass,1,1.41,29.4,30.3,38.4,wood,16.64,146.0,0.0
101432,2026-01-04,深圳,ceramics,1,1.24,18.2,44.6,25.3,bubble,7.86,115.0,1.0
101638,2026-02-21,杭州,clothing,0,0.9,40.4,19.5,36.5,bubble,8.78,33.0,0.0
101817,2026-04-20,深圳,ceramics,1,3.72,53.7,22.7,22.6,wood,19.21,107.0,0.0
100906,2026-07-03,西安,electronics,0,3.69,20.7,19.8,5.4,wood,19.53,116.0,0.0
101182,2026-02-01,深圳,glass,1,2.43,34.9,31.3,8.9,cardboard,12.37,153.0,0.0
101658,2026-03-29,上海,glass,1,3.9,42.3,26.1,20.7,cardboard,15.51,159.0,
100991,2026-04-24,广州,ceramics,0,4.25,42.8,38.1,5.0,cardboard,13.42,123.0,0.0
101517,2026-08-13,广州,glass,1,3.5,37.1,26.1,24.1,wood,20.58,167.0,0.0
100893,2026-08-09,上海,clothing,0,1.12,22.7,26.5,34.8,wood,16.41,27.0,0.0
100417,2026-07-27,上海,ceramics,1,3.73,45.2,36.9,22.7,bubble,13.29,133.0,0.0
101845,2026-03-24,武汉,glass,1,4.53,22.2,19.5,35.4,wood,19.81,201.0,0.0
101554,2026-02-27,广州,electronics,0,4.21,58.4,37.3,17.2,wood,21.0,139.0,0.0
101603,2026-06-14,成都,clothing,0,0.46,32.4,19.4,7.0,bubble,7.61,26.0,0.0
101683,2026-08-27,杭州,clothing,0,0.63,51.4,33.3,13.3,cardboard,7.46,37.0,0.0
100889,2026-08-18,北京,electronics,1,4.56,16.6,11.6,11.7,wood,17.44,97.0,0.0
100744,2026-02-06,西安,clothing,0,0.35,38.4,31.9,12.4,bubble,7.54,24.0,0.0
100545,2026-05-30,成都,ceramics,1,3.82,35.5,14.2,24.9,cardboard,14.22,109.0,0.0
101934,2026-04-25,武汉,glass,1,1.82,18.3,24.3,23.9,cardboard,9.44,138.0,0.0
100907,2026-01-06,广州,clothing,0,1.26,28.1,22.1,17.9,cardboard,9.38,32.0,0.0
100932,2026-03-13,广州,electronics,0,1.85,28.1,37.7,12.8,bubble,7.89,116.0,0.0
100262,2026-03-22,上海,electronics,0,1.74,15.0,15.7,8.3,bubble,8.66,112.0,0.0
100591,2026-02-19,上海,clothing,0,0.25,41.5,30.1,32.5,cardboard,9.19,37.0,0.0
100989,2026-05-11,广州,electronics,0,4.42,58.3,20.5,31.6,cardboard,16.25,89.0,0.0
100241,2026-01-17,深圳,electronics,0,4.47,44.9,39.6,39.8,cardboard,18.16,124.0,0.0
101475,2026-05-09,上海,glass,1,,51.7,16.1,29.5,wood,19.5,135.0,0.0
100706,2026-04-12,杭州,electronics,0,4790.0,24.0,40.6,12.1,cardboard,16.4,97.0,0.0
101663,2026-05-28,深圳,electronics,0,0.69,58.7,22.3,5.2,wood,13.53,129.0,0.0
101101,2026-02-19,武汉,books,0,2.51,18.7,40.5,23.1,bubble,9.15,51.0,0.0
101053,2026-03-23,成都,glass,1,2.8,53.2,14.5,14.2,wood,15.38,129.0,0.0
100366,2026-06-07,西安,clothing,0,0.49,55.6,37.9,38.1,cardboard,12.19,32.0,0.0
101037,2026-05-27,上海,clothing,0,0.34,18.5,34.3,34.2,cardboard,8.39,39.0,0.0
101784,2026-02-09,杭州,electronics,0,3.52,34.3,10.1,19.4,cardboard,12.5,134.0,0.0
100600,2026-02-10,北京,electronics,1,3.79,25.0,13.8,5.4,cardboard,14.4,110.0,0.0
101337,2026-02-09,成都,electronics,0,3.84,57.7,27.2,31.1,wood,18.74,124.0,0.0
100515,2026-06-01,西安,ceramics,1,1.75,52.5,31.5,35.4,cardboard,13.29,110.0,0.0
100592,2026-02-04,西安,glass,1,3.87,28.7,43.9,20.7,wood,20.64,150.0,0.0
100072,2026-07-20,北京,ceramics,1,4.44,29.3,38.0,26.0,cardboard,16.8,99.0,0.0
101024,2026-03-27,西安,electronics,0,1.07,19.1,31.2,22.6,cardboard,8.51,97.0,0.0
100260,2026-05-08,北京,glass,1,3.98,34.4,36.2,21.0,cardboard,15.24,148.0,0.0
100052,2026-05-10,武汉,ceramics,1,3.2,17.6,22.8,23.9,cardboard,13.26,108.0,0.0
100199,2026-04-04,成都,clothing,0,0.38,51.8,30.4,14.2,cardboard,8.39,34.0,0.0
101241,2026-06-14,深圳,ceramics,1,4.23,54.4,42.4,12.3,cardboard,16.14,139.0,0.0
101387,2026-04-27,西安,electronics,0,4.07,51.4,14.3,,bubble,12.12,89.0,0.0
100333,2026-03-24,上海,electronics,0,2.38,24.6,,36.2,cardboard,13.23,105.0,0.0
101379,2026-04-20,上海,electronics,1,1.29,29.7,20.6,25.8,cardboard,9.84,85.0,0.0
101768,2026-01-04,上海,ceramics,1,1.91,34.6,12.6,13.0,cardboard,12.06,110.0,0.0
101461,2026-05-24,SHENZHEN,books,0,0.77,28.8,23.8,7.8,bubble,6.28,48.0,0.0
100589,2026-03-22,武汉,clothing,0,1.16,26.5,33.1,5.7,bubble,9.67,35.0,0.0
100974,2026-04-07,广州,clothing,0,1.0,38.4,11.2,29.8,bubble,8.97,32.0,0.0
100586,2026-01-23,成都,clothing,0,0.58,,33.4,31.1,bubble,5.47,33.0,0.0
101742,2026-07-31,深圳,electronics,0,2.71,59.7,37.5,27.5,bubble,13.03,111.0,0.0
101038,2026-01-15,广州,electronics,0,3.74,39.3,21.8,13.3,cardboard,13.61,99.0,0.0
101069,2026-08-21,杭州,glass,1,3.53,15.1,22.1,17.7,wood,17.35,167.0,0.0
100427,2026-08-27,深圳,electronics,0,3.77,45.1,24.0,21.7,cardboard,13.91,138.0,0.0
100577,2026-05-18,广州,clothing,0,1.4,27.3,27.5,16.5,bubble,7.11,32.0,0.0
101904,2026-05-27,西安,clothing,0,1.0,28.2,12.3,38.1,bubble,6.9,30.0,0.0
101263,2026-05-14,广州,glass,1,2.33,54.3,13.6,40.0,wood,17.25,170.0,
101002,2026-08-10,杭州,clothing,0,1.38,39.9,39.7,38.8,bubble,11.3,29.0,0.0
101641,2026-06-29,杭州,books,0,1.27,51.4,25.4,22.0,bubble,9.29,53.0,0.0
100967,2026-02-09,深圳,electronics,0,3.76,21.5,21.7,14.4,cardboard,12.82,107.0,0.0
100479,2026-08-11,杭州,glass,1,4450.0,58.0,40.6,33.9,wood,24.74,188.0,0.0
100737,2026-08-04,上海,clothing,0,0.36,30.0,23.9,30.4,bubble,6.68,36.0,0.0
100399,2026-03-06,杭州,electronics,0,2.62,28.6,15.4,30.2,bubble,9.14,125.0,0.0
101575,2026-06-08,西安,electronics,0,3.45,15.1,19.5,24.2,wood,18.28,116.0,0.0
100437,2026-04-05,西安,glass,1,4.22,41.8,25.3,25.3,wood,20.36,165.0,0.0
100193,2026-08-27,广州,electronics,1,0.68,27.3,11.1,14.8,wood,12.03,103.0,0.0
101456,2026-08-10,深圳,electronics,0,1.87,58.3,27.2,11.7,cardboard,10.53,118.0,0.0
100850,2026-01-10,武汉,electronics,0,1.76,,36.7,14.2,bubble,7.73,125.0,0.0
100293,2026-08-27,成都,glass,1,0.85,27.3,38.4,31.6,cardboard,11.79,192.0,0.0
100950,2026-01-03,武汉,electronics,0,3.67,32.3,17.0,21.4,cardboard,13.49,114.0,
101482,2026-03-02,西安,electronics,1,3.24,41.3,32.2,10.1,wood,19.16,116.0,0.0
101657,2026-03-03,杭州,ceramics,1,4.23,23.3,29.1,12.2,wood,18.66,109.0,0.0
101976,2026-04-19,西安,glass,1,4.2,26.3,12.6,32.0,cardboard,14.64,148.0,0.0
100555,2026-04-25,深圳,books,0,0.65,18.8,23.4,14.1,bubble,7.88,50.0,0.0
100142,2026-03-29,SHENZHEN,clothing,0,1.41,54.0,45.0,26.5,bubble,10.24,38.0,0.0
100746,2026-01-27,西安,ceramics,1,1.68,40.8,24.5,33.4,bubble,8.43,99.0,0.0
100003,2026-04-10,广州,books,0,2.71,36.0,11.5,10.4,cardboard,11.98,55.0,0.0
100766,2026-04-24,深圳,ceramics,1,3.62,50.9,42.8,11.0,wood,19.19,99.0,0.0
101978,2026-06-19,杭州,ceramics,1,2.45,51.2,39.3,12.4,cardboard,11.65,136.0,0.0
101176,2026-08-09,杭州,electronics,0,1.58,28.5,19.3,19.2,bubble,7.08,88.0,0.0
100340,2026-07-15,杭州,ceramics,0,1.42,47.6,37.9,,cardboard,11.83,131.0,0.0
101462,2026-08-18,武汉,glass,1,2.34,21.8,34.4,35.4,wood,17.38,167.0,0.0
100409,2026-07-07,杭州,books,0,0.59,36.6,27.3,35.0,bubble,7.94,42.0,0.0
101287,2026-02-08,西安,electronics,0,2.7,35.7,12.8,22.1,bubble,8.51,99.0,0.0
100266,2026-03-25,成都,clothing,1,1.5,45.3,12.1,25.6,wood,15.73,30.0,0.0
100377,2026-08-28,上海,glass,1,3.02,36.3,18.9,6.1,wood,16.5,157.0,0.0
100702,2026-03-03,北京市,ceramics,1,1.36,30.0,18.4,33.8,cardboard,9.88,106.0,0.0
100994,2026-01-23,西安,books,0,2.51,32.3,42.8,17.7,cardboard,12.36,55.0,0.0
100440,2026-05-24,上海,electronics,1,0.55,54.6,24.9,14.6,wood,15.0,98.0,0.0
100272,2026-01-13,深圳,electronics,0,0.77,42.5,37.7,33.8,cardboard,11.84,113.0,0.0
100185,2026-08-27,杭州,ceramics,1,3.0,30.5,24.7,8.5,wood,17.51,81.0,0.0
101245,2026-06-04,杭州,electronics,0,3.2,44.2,15.3,27.4,cardboard,13.08,,0.0
100245,2026-08-18,深圳,electronics,0,2.8,54.4,44.5,35.6,bubble,14.48,81.0,0.0
100614,2026-03-29,深圳,clothing,0,0.74,41.6,41.8,28.7,cardboard,10.44,38.0,0.0
101118,2026-01-04,北京,electronics,0,2.67,53.0,28.7,21.4,bubble,8.82,104.0,0.0
100446,2026-01-10,深圳,electronics,0,4.45,54.6,14.3,28.9,cardboard,13.52,107.0,0.0
100608,2026-03-14,杭州,electronics,0,4.52,27.6,,9.3,cardboard,14.22,94.0,0.0
100875,2026-08-06,武汉,ceramics,1,0.89,42.5,20.3,30.3,bubble,7.41,86.0,0.0
101740,2026-03-19,武汉,ceramics,1,3.7,46.4,27.2,34.5,wood,19.32,110.0,0.0
101764,2026-07-15,武汉,glass,1,1.21,32.1,44.1,16.9,cardboard,9.7,123.0,0.0
101291,2026-07-28,武汉,clothing,0,0.22,53.3,43.4,19.8,cardboard,8.21,29.0,0.0
100694,2026-06-18,武汉,electronics,0,4.62,46.2,18.9,7.2,cardboard,14.55,122.0,0.0
100416,2026-05-24,北京,ceramics,1,1.92,31.4,39.7,11.7,wood,15.05,109.0,0.0
100274,2026-03-02,北京,electronics,0,0.86,55.0,36.7,29.4,cardboard,11.77,136.0,
100745,2026-07-03,成都,electronics,0,3.17,32.9,21.7,27.3,cardboard,11.82,138.0,0.0
101972,2026-04-02,上海,clothing,0,0.82,,27.7,36.4,bubble,8.59,41.0,0.0
101476,2026-04-02,成都,ceramics,1,1.12,18.6,41.1,38.6,bubble,7.77,96.0,0.0
100251,2026-01-07,北京,clothing,0,1.24,45.3,28.4,27.8,bubble,7.91,29.0,0.0
100414,2026-05-06,成都,electronics,0,3.77,45.7,10.1,28.7,wood,18.7,126.0,0.0
100629,2026-08-21,杭州,glass,1,2.94,26.7,41.9,15.8,wood,16.38,185.0,0.0
101420,2026-07-03,杭州,electronics,0,2.35,53.1,15.0,,wood,17.07,90.0,0.0
101238,2026-04-19,上海,electronics,1,3.88,26.7,39.9,9.9,wood,18.64,104.0,0.0
100311,2026-03-26,上海,electronics,0,1.54,17.6,39.8,35.1,bubble,7.23,104.0,
100583,2026-03-10,北京,glass,1,1.65,30.4,28.5,28.4,cardboard,10.55,122.0,0.0
100382,2026-08-11,武汉,ceramics,1,1.23,,17.2,33.2,wood,12.11,124.0,0.0
101842,2026-05-03,深圳,ceramics,1,1.01,52.5,37.9,32.8,cardboard,12.62,117.0,0.0
100426,2026-01-02,深圳,books,0,0.43,59.9,22.2,15.0,bubble,7.12,49.0,0.0
101905,2026-03-01,成都,clothing,0,0.32,,44.9,31.1,bubble,7.25,30.0,0.0
101838,2026-08-02,北京,clothing,0,0.88,19.6,32.1,30.4,cardboard,8.51,33.0,0.0
101171,2026-01-29,西安,ceramics,1,1.8,30.8,18.5,30.4,cardboard,11.3,88.0,0.0
101375,2026-05-16,杭州,glass,0,1.25,29.0,43.1,6.2,bubble,9.6,139.0,0.0
100708,2026-01-27,上海,ceramics,1,3.52,32.1,19.5,11.8,cardboard,12.48,109.0,0.0
101600,2026-07-19,杭州,electronics,0,1.37,58.7,34.8,19.4,bubble,8.92,127.0,0.0
101487,2026-05-30,广州,glass,1,1.01,29.8,40.1,8.0,bubble,8.29,138.0,0.0
100927,2026-01-10,成都,ceramics,1,1.56,15.4,24.6,5.1,cardboard,8.55,113.0,0.0
101617,2026-03-03,上海,clothing,0,0.48,54.4,,20.0,bubble,5.37,35.0,0.0
100183,2026-03-07,广州,glass,1,1.39,17.1,20.0,9.9,cardboard,8.96,166.0,0.0
100171,2026-07-16,广州,books,0,2.46,39.6,29.6,22.7,cardboard,12.49,49.0,0.0
100573,2026-01-17,杭州,ceramics,1,3.94,22.1,39.6,38.3,cardboard,15.27,110.0,0.0
101252,2026-07-06,深圳,electronics,0,1.17,53.8,19.2,27.3,bubble,6.82,82.0,0.0
101907,2026-08-26,西安,clothing,0,1.27,48.0,37.2,32.7,bubble,11.31,29.0,0.0
100908,2026-02-24,西安,electronics,0,2.18,47.0,17.1,6.3,bubble,9.26,103.0,0.0
101382,2026-06-28,西安,ceramics,1,3.32,29.2,21.0,31.1,wood,18.32,119.0,0.0
101731,2026-06-22,西安,clothing,0,0.81,46.5,29.2,31.7,bubble,8.64,32.0,0.0
100273,2026-06-09,杭州,ceramics,0,1.58,52.3,30.8,13.6,cardboard,8.86,126.0,0.0
101573,2026-03-26,武汉,electronics,0,1.72,37.8,12.1,9.5,bubble,7.98,,0.0
100705,2026-03-02,北京,books,0,0.99,15.2,35.5,18.2,bubble,8.16,33.0,0.0
101562,2026-05-16,杭州,ceramics,1,1.37,55.3,12.9,35.6,bubble,6.95,127.0,0.0
100372,2026-02-18,广州,books,0,1.76,23.0,13.5,31.8,cardboard,9.66,37.0,0.0
100223,2026-01-07,杭州,electronics,0,2.32,44.6,35.2,27.5,bubble,10.17,112.0,0.0
101809,2026-08-20,西安,books,0,0.5,41.7,11.3,26.7,bubble,5.06,47.0,0.0
100945,2026-08-30,深圳,clothing,0,1.07,37.8,10.8,9.5,cardboard,8.85,41.0,0.0
100793,2026-06-26,成都,ceramics,1,2.2,27.3,28.8,16.7,cardboard,11.47,80.0,0.0
100519,2026-06-28,武汉,clothing,0,0.92,19.7,16.9,33.9,bubble,8.54,25.0,0.0
100335,2026-05-28,杭州,electronics,0,0.74,34.2,27.0,11.5,cardboard,9.68,137.0,0.0
101310,2026-07-02,成都,electronics,0,2.29,46.0,38.2,35.7,cardboard,13.5,88.0,0.0
101685,2026-07-16,杭州,clothing,0,1.01,49.0,24.4,30.6,cardboard,12.09,34.0,0.0
101424,2026-06-16,西安,electronics,0,1.76,26.5,44.1,8.0,cardboard,10.66,127.0,0.0
101404,2026-02-17,杭州,clothing,0,0.28,20.8,16.3,12.8,cardboard,7.87,40.0,0.0
100016,2026-05-10,北京,glass,1,4.29,57.9,20.2,23.0,wood,20.17,134.0,0.0
101660,2026-03-30,深圳,electronics,0,1.99,50.0,26.2,20.7,bubble,8.38,131.0,0.0
101993,2026-07-24,杭州,clothing,0,1.48,50.6,16.8,16.2,bubble,9.02,26.0,0.0
101563,2026-04-17,广州,books,0,0.84,52.0,12.9,,cardboard,8.8,37.0,0.0
101711,2026-08-17,深圳,glass,1,2.55,35.0,40.2,36.4,wood,19.84,146.0,0.0
100618,2026-06-03,广州,ceramics,1,2.62,49.8,,38.3,cardboard,14.6,90.0,0.0
100922,2026-01-01,杭州,clothing,0,0.26,30.3,27.1,32.7,bubble,7.63,26.0,0.0
100466,2026-03-22,深圳,ceramics,1,2.84,24.6,42.1,39.2,wood,18.88,93.0,0.0
101266,2026-02-15,武汉,glass,1,3.77,50.6,38.3,5.8,wood,18.13,201.0,0.0
100200,2026-03-04,上海,electronics,0,3.19,38.1,19.0,28.2,wood,17.28,133.0,0.0
101224,2026-01-07,西安,books,0,1.24,,23.8,35.5,cardboard,9.64,44.0,0.0
101466,2026-06-06,广州,electronics,1,1.4,25.3,14.1,18.2,wood,16.8,129.0,0.0
101538,2026-01-10,上海,clothing,0,0.31,25.0,44.2,37.9,bubble,8.82,30.0,0.0
101319,2026-03-20,广州,books,0,2.69,24.5,13.4,25.4,cardboard,12.06,46.0,0.0
101712,2026-02-28,西安,ceramics,1,3.4,40.0,43.6,13.4,wood,19.49,88.0,0.0
101987,2026-07-30,西安,clothing,0,1.16,,22.1,12.3,bubble,7.77,32.0,0.0
101421,2026-01-31,杭州,clothing,0,1.31,42.4,17.9,32.3,cardboard,10.93,41.0,0.0
101434,2026-08-07,成都,glass,1,3.68,15.2,42.0,30.1,cardboard,12.78,208.0,0.0
101119,2026-02-07,广州,glass,1,2.47,21.5,17.8,24.6,wood,16.37,182.0,0.0
101594,2026-01-13,杭州,electronics,0,0.77,,32.4,8.3,bubble,5.94,116.0,0.0
100044,2026-03-14,深圳,glass,1,2.6,33.5,24.3,12.6,cardboard,9.6,123.0,0.0
100275,2026-01-02,杭州,glass,1,1.79,36.3,30.0,16.0,cardboard,10.85,197.0,0.0
101114,2026-04-17,杭州,electronics,0,1.14,27.5,14.8,30.7,cardboard,10.24,119.0,0.0
100102,2026-05-04,杭州,electronics,0,1.12,54.8,33.2,8.9,cardboard,8.06,105.0,0.0
100887,2026-04-10,北京,electronics,0,3.43,31.8,36.1,30.3,wood,18.76,86.0,
101839,2026-04-02,西安市,glass,1,2.82,22.6,10.3,9.3,wood,16.64,137.0,0.0
101589,2026-06-28,北京,electronics,0,2.55,40.6,21.9,27.6,cardboard,11.94,127.0,0.0
100108,2026-08-12,深圳,electronics,1,0.89,52.0,23.9,39.7,wood,16.16,106.0,0.0
101076,2026-07-14,杭州,electronics,0,1.07,55.2,18.4,16.2,bubble,8.33,117.0,0.0
100498,2026-07-08,西安,electronics,0,2.53,16.2,10.0,17.3,bubble,7.25,,0.0
101189,2026-02-05,广州,glass,1,3.05,50.2,23.4,6.2,wood,17.58,184.0,0.0
101129,2026-07-14, 上海,books,0,2.23,15.8,29.1,19.5,cardboard,10.28,42.0,0.0
101180,2026-07-23,杭州,glass,1,4.53,39.5,23.5,29.6,cardboard,15.29,158.0,0.0
100655,2026-02-15,上海,ceramics,1,2.7,42.1,38.5,7.4,cardboard,13.02,96.0,0.0
101448,2026-02-19,广州,electronics,0,3.94,40.6,17.9,19.9,cardboard,13.86,119.0,0.0
101316,2026-08-10,西安,clothing,0,0.56,26.0,26.6,36.9,bubble,3.95,32.0,0.0
101673,2026-05-16,杭州,glass,1,3.6,57.2,28.2,22.8,cardboard,14.76,168.0,0.0
100965,2026-01-21,西安,electronics,0,4.35,28.4,44.6,27.2,cardboard,15.84,138.0,0.0
100073,2026-02-27,上海,electronics,1,,47.6,34.8,30.9,wood,19.21,115.0,0.0
100768,2026-05-21,杭州,electronics,0,4.78,39.8,42.2,27.9,cardboard,17.27,119.0,0.0
101232,2026-01-12,西安,electronics,0,2.24,17.8,,,cardboard,12.05,104.0,0.0
101587,2026-03-28,广州,ceramics,1,2.87,18.2,15.6,26.2,wood,15.86,112.0,0.0
101915,2026-03-08,深圳,electronics,0,4.93,59.0,28.8,30.5,cardboard,18.53,137.0,0.0
100482,2026-04-03,深圳,electronics,0,2.99,30.1,10.4,27.1,bubble,13.2,96.0,0.0
101084,2026-07-14,深圳,books,0,1.27,35.5,18.4,13.6,bubble,7.06,35.0,0.0
100507,2026-01-17,广州,ceramics,1,3.95,32.3,21.4,30.1,cardboard,16.12,114.0,0.0
100756,2026-06-20,杭州,books,0,2.64,40.6,38.0,21.6,bubble,10.07,33.0,0.0
100786,2026-07-27,北京,glass,1,1.67,40.4,24.9,14.5,cardboard,10.73,203.0,0.0
101694,2026-07-03,广州,clothing,0,0.99,31.1,28.4,25.2,cardboard,11.7,35.0,0.0
101940,2026-06-04,武汉,clothing,0,1.03,30.0,21.3,19.9,bubble,7.77,33.0,0.0
100675,2026-04-13,西安,books,0,2.55,21.0,10.3,20.2,bubble,10.97,37.0,0.0
101623,2026-03-17,北京,ceramics,1,1.18,56.7,15.3,21.9,wood,14.4,112.0,0.0
100312,2026-02-06,杭州,ceramics,1,1.12,52.0,29.7,24.5,bubble,5.98,84.0,0.0
101756,2026-04-25,武汉,clothing,0,1.42,44.3,28.2,18.8,bubble,6.88,31.0,0.0
100406,2026-08-06,上海,clothing,0,0.75,58.6,16.1,10.3,cardboard,8.32,41.0,0.0
101117,2026-07-28,深圳,glass,1,4.49,31.9,21.2,34.2,cardboard,15.8,202.0,0.0
101161,2026-03-07,成都,glass,1,3.78,27.1,32.9,10.2,cardboard,11.84,137.0,1.0
100310,2026-05-11,北京,books,0,,26.3,27.7,8.5,bubble,9.18,44.0,0.0
100227,2026-02-18,北京,books,0,1.39,54.8,28.3,24.3,bubble,9.85,43.0,0.0
101724,2026-08-26,深圳,clothing,0,0.82,37.8,14.7,24.1,cardboard,9.45,38.0,0.0
101006,2026-05-05,武汉,electronics,0,3.89,23.7,34.8,15.9,cardboard,15.22,115.0,0.0
101552,2026-01-09,武汉,clothing,0,0.33,29.1,28.3,35.1,bubble,8.18,35.0,0.0
101850,2026-05-17,杭州,ceramics,1,1.27,45.4,20.3,36.0,cardboard,11.25,107.0,0.0
100846,2026-07-01,杭州市,books,0,2.69,19.3,35.9,14.9,bubble,9.7,43.0,0.0
100149,2026-04-11,深圳,ceramics,0,3.35,33.2,42.3,13.6,cardboard,12.25,85.0,0.0
100638,2026-05-27,上海,books,0,1.21,38.5,31.0,13.8,cardboard,8.47,32.0,0.0
100728,2026-04-17,上海,electronics,0,1.58,29.9,31.9,11.8,bubble,7.9,104.0,0.0
101133,2026-06-11,深圳,ceramics,1,4.37,44.1,12.9,33.4,cardboard,17.18,90.0,0.0
100833,2026-05-30,深圳,electronics,0,1.22,36.9,27.3,32.1,bubble,8.27,85.0,0.0
101199,2026-02-13,武汉市,glass,1,2.57,39.1,41.6,30.4,cardboard,11.81,155.0,0.0
100576,2026-06-29,成都,clothing,0,1.33,35.3,19.9,27.3,bubble,8.94,32.0,0.0
100558,2026-07-18,成都市,glass,1,1.6,43.8,31.4,27.8,wood,16.42,202.0,0.0
100711,2026-03-04,成都,electronics,1,4.12,45.9,13.2,29.3,bubble,10.28,95.0,0.0
101279,2026-03-12,武汉,electronics,0,0.88,37.3,30.1,37.7,cardboard,10.96,102.0,0.0
101376,2026-04-26,上海,clothing,0,0.62,21.6,14.1,13.7,bubble,5.57,33.0,0.0
101179,2026-02-10,武汉,glass,1,3.71,43.2,17.6,21.6,wood,19.49,137.0,0.0
101507,2026-05-24,广州,electronics,0,4.3,25.7,14.5,8.9,cardboard,14.05,137.0,0.0
101390,2026-08-14,成都,electronics,0,3190.0,48.1,24.6,24.0,cardboard,13.71,85.0,0.0
100287,2026-07-08,西安,electronics,0,3.19,23.4,21.6,7.5,wood,16.77,98.0,0.0
101628,2026-06-01,深圳,ceramics,1,,18.7,43.8,13.0,wood,17.29,118.0,0.0
100753,2026-08-30,成都,clothing,0,1.43,46.0,24.5,28.6,wood,15.37,30.0,1.0
100599,2026-08-31,广州,glass,0,4.17,26.0,19.4,8.3,cardboard,14.08,130.0,0.0
100951,2026-07-25,成都,clothing,0,0.72,34.5,16.9,36.4,bubble,8.42,38.0,0.0
101008,2026-01-23,深圳,clothing,0,0.32,54.0,16.0,33.0,bubble,8.22,30.0,0.0
101661,2026-06-06,上海,glass,1,4.61,57.1,19.4,16.9,bubble,13.95,185.0,0.0
101611,2026-08-20,广州,clothing,0,0.42,43.6,42.3,30.8,bubble,8.86,32.0,0.0
101055,2026-02-07,广州,electronics,0,1.58,37.3,33.6,33.8,cardboard,11.14,,0.0
101248,2026-07-10,北京,clothing,0,0.92,34.9,15.9,25.2,bubble,8.53,40.0,0.0
101730,2026-04-22,深圳,glass,1,1.47,15.0,28.8,25.2,cardboard,11.2,148.0,0.0
100923,2026-07-22,西安,glass,1,3.06,55.8,38.9,36.2,bubble,14.01,148.0,0.0
101303,2026-06-02,上海,electronics,0,3.88,57.0,37.2,10.1,wood,20.18,107.0,0.0
101222,2026-01-30,成都,clothing,0,0.96,37.5,29.7,14.3,cardboard,8.4,27.0,0.0
100783,2026-03-22,杭州,ceramics,1,1.53,17.2,20.6,36.7,cardboard,10.33,110.0,0.0
100610,2026-01-18,上海,ceramics,1,3.12,52.8,31.9,20.7,cardboard,13.48,105.0,0.0
101059,2026-01-31,深圳,glass,1,2.43,46.6,41.1,21.0,cardboard,13.98,177.0,0.0
100813,2026-08-26,深圳,ceramics,0,2.02,31.7,33.6,27.8,bubble,9.68,94.0,0.0
101443,2026-01-08,西安,ceramics,1,3.67,23.2,11.8,22.2,wood,18.04,130.0,0.0
101121,2026-06-08,深圳,glass,1,1.44,,40.6,22.6,bubble,7.54,139.0,0.0
100494,2026-02-08,武汉,ceramics,1,2.38,52.3,17.1,38.0,wood,17.33,128.0,0.0
101339,2026-01-15,广州,glass,0,2.75,23.6,19.6,17.8,bubble,9.75,192.0,0.0
100278,2026-07-14,深圳,electronics,0,3.42,37.3,31.6,10.3,cardboard,14.67,115.0,0.0
101876,2026-08-26,西安,clothing,0,0.62,29.8,21.4,20.9,bubble,8.3,39.0,0.0
100359,2026-06-03,西安,electronics,1,,24.4,13.2,35.7,cardboard,12.35,137.0,0.0
101570,2026-02-01,广州,ceramics,0,1.52,15.5,43.0,20.0,cardboard,10.55,81.0,0.0
100237,2026-03-15,西安,glass,1,,16.4,15.0,26.5,cardboard,11.35,151.0,0.0
100552,2026-06-10,北京,electronics,0,4.15,31.1,12.4,35.0,cardboard,15.08,114.0,0.0
101897,2026-08-21,杭州,glass,1,2.33,26.0,11.5,35.0,wood,17.91,163.0,0.0
100916,2026-03-15,成都,clothing,0,1.11,37.4,33.3,8.6,cardboard,9.53,39.0,0.0
100209,2026-02-21,深圳,ceramics,1,1.94,,11.5,5.2,wood,16.41,125.0,0.0
101407,2026-05-16,成都,glass,1,2.28,58.1,24.6,39.9,wood,18.05,203.0,0.0
101584,2026-05-17,广州,clothing,0,0.73,40.6,22.2,16.5,cardboard,8.76,25.0,0.0
100059,2026-07-04,深圳,clothing,1,1.24,43.0,40.0,5.2,wood,14.7,24.0,0.0
100632,2026-08-15,杭州,glass,1,2.01,55.9,22.5,11.1,wood,16.66,128.0,0.0
101608,2026-07-28,上海,clothing,0,1.14,58.9,27.9,26.7,bubble,8.05,34.0,0.0
101889,2026-07-06,上海,glass,0,1.07,48.6,17.0,39.6,bubble,8.3,123.0,0.0
101601,2026-03-10,西安,clothing,0,0.43,44.9,16.9,10.1,bubble,7.09,37.0,0.0
100364,2026-07-13,上海,glass,1,2.23,31.1,39.8,13.4,cardboard,10.92,164.0,0.0
100506,2026-01-27,西安,ceramics,1,1.38,21.7,10.7,22.5,bubble,6.14,87.0,0.0
101981,2026-01-22,深圳,ceramics,1,2.68,51.0,16.6,39.7,wood,17.62,90.0,0.0
101139,2026-05-20,杭州,ceramics,1,2.4,24.0,12.9,18.7,cardboard,11.66,117.0,0.0
101627,2026-04-06,西安,glass,1,3.29,56.8,42.5,22.4,wood,18.92,154.0,0.0
101234,2026-05-16,杭州,ceramics,1,0.96,20.6,37.9,21.3,cardboard,10.54,100.0,0.0
101646,2026-03-30,广州,glass,0,1.89,40.3,10.3,11.4,bubble,9.19,135.0,0.0
101890,2026-04-08,杭州,ceramics,1,,41.5,45.0,33.0,wood,21.04,132.0,0.0
100944,2026-02-01,上海,glass,1,1.03,51.2,42.5,10.3,bubble,7.72,138.0,0.0
100119,2026-08-12,杭州,clothing,0,0.53,41.9,33.4,6.8,bubble,7.77,40.0,0.0
101822,2026-07-10,广州,electronics,0,0.59,36.7,33.7,20.7,bubble,8.06,139.0,0.0
100782,2026-01-21,西安,electronics,0,3.78,20.2,32.2,,wood,19.55,123.0,0.0
100523,2026-07-19,SHENZHEN,electronics,1,3.24,25.8,11.9,7.8,wood,17.71,135.0,0.0
100514,2026-01-11,上海,electronics,0,1.41,21.0,36.1,19.6,bubble,8.22,87.0,0.0
100082,2026-01-03,深圳,electronics,0,3.89,24.1,16.5,23.3,cardboard,13.1,82.0,0.0
101891,2026-05-01,北京,electronics,0,3.69,27.4,37.4,33.7,cardboard,16.81,102.0,0.0
101034,2026-08-10,武汉,electronics,1,3.68,,25.9,29.6,wood,18.63,120.0,0.0
100381,2026-08-08,广州,books,0,2.48,18.1,27.3,7.8,cardboard,9.4,52.0,0.0
101044,2026-04-30,北京,books,0,1.74,38.4,26.5,26.5,bubble,9.28,43.0,0.0
101714,2026-07-05,广州,electronics,1,2.95,36.8,27.5,16.9,wood,19.7,,0.0
100085,2026-05-27,西安市,electronics,0,4.33,28.3,23.0,19.2,cardboard,14.66,92.0,0.0
101703,2026-01-01,广州,electronics,0,0.94,28.4,19.1,12.9,bubble,6.53,124.0,0.0
100988,2026-06-25,广州,electronics,0,4.36,55.3,18.0,23.2,cardboard,18.26,83.0,0.0
100330,2026-07-08,深圳,clothing,0,1.07,45.3,32.5,11.6,bubble,9.17,34.0,0.0
100007,2026-08-11,广州,ceramics,1,1.92,24.7,24.3,34.9,cardboard,9.99,96.0,0.0
100760,2026-02-16,武汉,clothing,0,0.63,39.7,17.2,19.2,bubble,6.56,37.0,0.0
100773,2026-04-26,杭州,electronics,0,2.88,32.7,29.7,37.5,bubble,10.82,86.0,0.0
100933,2026-05-27,上海,electronics,0,1.1,17.1,44.4,28.5,bubble,6.21,137.0,0.0
101844,2026-05-09,西安,clothing,0,0.97,56.0,17.5,6.1,cardboard,8.63,30.0,0.0
100452,2026-03-15,西安,ceramics,1,3.12,54.3,30.4,19.4,wood,19.8,128.0,0.0
100491,2026-05-03,武汉,electronics,1,3.57,21.6,29.3,30.5,wood,17.15,93.0,0.0
101504,2026-01-20,西安,books,0,2.13,55.6,11.9,27.3,bubble,8.43,35.0,0.0
100288,2026-06-10,成都,books,0,0.68,46.1,13.4,11.6,bubble,8.27,55.0,0.0
101854,2026-07-25,武汉,electronics,0,3.64,28.2,42.6,26.3,bubble,12.29,94.0,0.0
101063,2026-07-18,广州,ceramics,1,1.1,42.6,11.9,8.3,cardboard,7.71,132.0,0.0
101388,2026-07-15,上海,electronics,0,4.0,19.1,35.4,22.9,cardboard,14.53,86.0,0.0
100808,2026-08-10,深圳,electronics,0,1.86,23.5,41.6,32.4,cardboard,12.37,94.0,0.0
101360,2026-01-26,广州,ceramics,1,4.1,47.5,42.5,27.5,wood,22.32,131.0,0.0
100963,2026-01-12,深圳,electronics,0,2.18,49.6,17.2,11.8,bubble,9.03,115.0,0.0
101727,2026-07-22,上海,glass,1,1.56,35.9,33.1,23.0,bubble,7.79,128.0,0.0
100814,2026-08-23,武汉,clothing,0,0.92,37.7,21.2,37.0,cardboard,9.26,31.0,0.0
101484,2026-06-09,成都,ceramics,1,0.95,59.9,23.0,5.7,bubble,7.52,133.0,0.0
100939,2026-04-20,广州,clothing,1,1.47,32.6,39.3,24.1,bubble,9.5,38.0,0.0
101104,2026-07-18,西安,clothing,0,0.36,43.3,16.0,30.2,wood,14.77,32.0,0.0
101675,2026-07-17,西安,electronics,1,,30.5,14.8,37.6,wood,17.35,134.0,0.0
100328,2026-04-08,广州,electronics,1,2.76,15.2,15.0,13.6,cardboard,10.65,119.0,0.0
100443,2026-08-04,广州,ceramics,1,2.4,41.3,28.2,24.4,cardboard,11.27,103.0,0.0
101478,2026-03-20,北京,ceramics,0,0.99,28.9,26.5,30.4,bubble,6.79,110.0,0.0
101095,2026-01-11,北京,glass,1,2.94,46.5,37.8,16.4,cardboard,12.68,206.0,0.0
100943,2026-06-13,成都市,clothing,0,0.6,21.4,16.8,28.9,bubble,7.5,34.0,0.0
101433,2026-02-01, 上海,electronics,1,2.71,29.9,26.8,32.5,bubble,9.5,136.0,0.0
100178,2026-04-27,深圳,electronics,0,3.93,58.7,29.3,7.7,bubble,9.03,116.0,0.0
101341,2026-03-10,西安,electronics,0,1.94,35.5,20.5,,bubble,10.03,94.0,0.0
101365,2026-01-19,杭州,clothing,0,0.21,32.6,38.0,19.3,cardboard,7.47,33.0,0.0
100087,2026-03-10,深圳,clothing,0,0.64,26.0,15.6,37.9,cardboard,8.91,33.0,0.0
101429,2026-03-27,广州,glass,1,3.13,42.4,12.7,11.3,cardboard,11.64,166.0,0.0
101930,2026-04-14,北京,clothing,0,0.72,17.5,44.5,11.3,cardboard,8.01,30.0,0.0
100458,2026-02-06,西安,electronics,1,4.53,49.3,18.4,10.3,cardboard,15.54,94.0,0.0
101857,2026-03-01,武汉,electronics,0,4.31,36.3,12.5,17.7,cardboard,14.66,134.0,0.0
100055,2026-04-22,武汉,clothing,0,1.02,36.5,36.7,36.6,bubble,6.67,38.0,0.0
101525,2026-08-06,西安,ceramics,1,2.86,37.1,25.8,20.4,wood,16.05,87.0,0.0
100644,2026-01-20,上海,electronics,0,1.98,,36.9,28.7,bubble,10.63,100.0,0.0
100678,2026-04-02,深圳,books,0,0.31,50.2,30.9,11.2,cardboard,9.42,43.0,0.0
100222,2026-07-23,杭州,books,0,1.89,49.0,44.9,,bubble,7.53,,0.0
100114,2026-01-26,武汉,electronics,0,4.5,19.8,14.0,26.7,wood,18.37,125.0,0.0
101974,2026-05-04,杭州,electronics,1,0.99,34.2,35.0,5.1,bubble,7.35,135.0,0.0
101246,2026-03-17,深圳,electronics,0,3.57,59.7,26.1,28.5,cardboard,14.71,116.0,0.0
101895,2026-02-28,深圳,electronics,1,1.41,59.8,21.8,12.4,wood,13.81,113.0,0.0
100175,2026-03-29,北京,ceramics,1,4.33,36.5,22.6,12.9,wood,20.18,122.0,0.0
101147,2026-05-20,杭州市,clothing,0,1.44,45.0,10.3,32.5,cardboard,9.61,34.0,0.0
100590,2026-05-10,西安,electronics,1,4.32,36.2,23.1,25.5,wood,20.36,114.0,0.0
101583,2026-08-02,成都,glass,1,,34.2,15.1,35.7,cardboard,11.78,175.0,0.0
100019,2026-08-24,北京,electronics,0,1.9,37.5,15.0,5.5,bubble,9.6,120.0,0.0
100424,2026-04-06,武汉,ceramics,1,1.38,35.5,12.9,25.3,bubble,8.25,100.0,0.0
101362,2026-02-12,广州,electronics,0,1.86,22.7,20.9,38.4,bubble,8.46,89.0,0.0
100286,2026-03-13,上海,glass,1,2.07,17.9,38.9,27.4,bubble,7.69,197.0,0.0
101607,2026-02-03,上海,clothing,0,1.14,58.5,17.0,5.6,bubble,6.06,33.0,0.0
100429,2026-07-06,广州,electronics,0,2.05,21.7,25.6,24.0,bubble,9.14,84.0,0.0
101533,2026-06-13,上海,electronics,0,2.9,55.3,13.0,32.5,bubble,10.69,101.0,0.0
100765,2026-04-20,西安,ceramics,1,4.38,50.6,18.2,38.7,wood,20.12,81.0,1.0
100670,2026-05-08,北京,ceramics,1,1340.0,34.2,22.3,17.5,bubble,7.88,83.0,0.0
100032,2026-02-10,上海,books,0,2.46,50.8,43.1,13.9,bubble,9.24,46.0,0.0
101861,2026-01-19,北京,ceramics,0,2.14,52.6,41.4,30.8,cardboard,14.51,138.0,0.0
100723,2026-04-07,北京,books,0,0.68,47.0,15.6,33.5,bubble,7.22,34.0,0.0
101684,2026-01-04,武汉,clothing,0,1.03,29.6,34.7,28.6,bubble,9.02,36.0,0.0
100215,2026-01-15,广州,books,0,0.71,36.5,41.0,28.3,cardboard,10.62,42.0,0.0
100830,2026-01-14,广州市,glass,1,1.41,25.3,33.7,6.7,bubble,9.16,160.0,0.0
101264,2026-03-18,杭州,books,0,2.34,59.8,33.4,23.0,bubble,10.64,48.0,0.0
100327,2026-06-15,广州,clothing,0,0.63,17.0,44.9,35.4,cardboard,9.23,31.0,0.0
100561,2026-04-05,武汉,glass,1,2.6,46.8,22.6,18.0,bubble,10.5,167.0,1.0
101305,2026-07-03,成都,books,0,0.63,27.8,31.6,36.7,bubble,6.12,42.0,0.0
100701,2026-04-01,广州,clothing,0,1.2,53.9,12.0,19.0,cardboard,12.65,26.0,0.0
101164,2026-03-29,成都,electronics,1,2.89,17.9,32.5,28.0,wood,18.5,89.0,0.0
101207,2026-08-06,西安,ceramics,1,1.52,34.6,18.0,23.0,wood,14.78,133.0,0.0
100342,2026-04-14,武汉,glass,1,1.9,22.4,44.6,16.4,bubble,10.83,125.0,0.0
100630,2026-03-12,杭州,ceramics,1,3.18,40.4,12.4,14.5,cardboard,14.22,112.0,0.0
100148,2026-06-30,武汉,ceramics,1,3.8,48.6,23.0,11.6,wood,17.74,108.0,0.0
101290,2026-01-28,成都市,books,0,0.43,38.4,13.0,14.4,bubble,5.34,53.0,0.0
100361,2026-05-21,北京,glass,1,1.18,34.4,15.0,38.4,wood,15.18,137.0,0.0
100084,2026-01-20,广州,books,0,0.49,39.9,13.4,34.6,cardboard,7.88,35.0,
100049,2026-08-12,西安,ceramics,1,3.41,15.5,17.3,23.4,cardboard,13.44,130.0,0.0
100469,2026-05-02,广州,glass,1,3.28,59.6,42.9,9.4,wood,17.63,186.0,0.0
100156,2026-08-16,武汉,electronics,0,4.05,54.8,20.5,32.0,bubble,11.66,119.0,0.0
100788,2026-04-09,武汉,clothing,0,1.07,21.1,31.3,32.2,bubble,9.82,26.0,0.0
101636,2026-05-21,杭州,books,0,1.38,55.0,39.1,12.0,bubble,8.09,54.0,0.0
101786,2026-06-17,杭州,books,0,1.12,20.8,20.9,36.5,cardboard,8.95,36.0,0.0
101423,2026-01-04,武汉,ceramics,1,1.42,15.7,36.1,30.6,bubble,7.96,81.0,0.0
101405,2026-05-13,武汉,ceramics,1,1.98,28.5,13.4,12.5,wood,13.81,86.0,0.0
101654,2026-01-24,深圳,clothing,0,1.34,32.2,18.3,28.5,cardboard,9.32,40.0,0.0
100501,2026-05-31,杭州,ceramics,1,1.17,29.7,13.9,39.3,cardboard,9.42,88.0,0.0
101791,2026-01-06,上海,clothing,0,0.61,40.8,33.1,16.1,cardboard,8.6,35.0,0.0
100180,2026-07-10,上海,glass,1,1.53,57.4,35.7,12.5,cardboard,12.33,196.0,0.0
101062,2026-06-26,深圳,clothing,0,1.15,51.6,23.6,32.4,bubble,9.96,26.0,0.0
101782,2026-02-14,深圳,clothing,1,0.33,46.8,42.7,16.6,wood,13.87,41.0,0.0
100915,2026-02-01,成都,electronics,0,3.86,47.3,35.0,23.0,cardboard,14.06,137.0,0.0
100646,2026-07-05,深圳,books,0,1.88,51.3,41.4,18.4,bubble,9.13,47.0,0.0
101174,2026-07-21,广州,ceramics,1,2.84,48.4,44.7,14.7,wood,17.7,125.0,0.0
101643,2026-03-18,深圳,glass,1,2.52,39.2,37.4,19.7,wood,17.56,134.0,0.0
100529,2026-04-05,成都,ceramics,1,3.93,31.5,15.5,29.0,wood,20.81,127.0,0.0
100347,2026-06-03,武汉,ceramics,1,1.31,34.4,23.7,20.0,wood,14.18,130.0,0.0
101408,2026-04-08,上海,electronics,1,1.97,59.9,23.1,10.7,cardboard,10.73,114.0,0.0
101991,2026-04-08,上海,books,1,,25.1,27.9,28.9,cardboard,11.02,50.0,0.0
100937,2026-04-24,广州,books,0,1.43,25.1,30.3,12.6,bubble,7.7,36.0,0.0
100270,2026-03-05,西安,ceramics,1,1.75,27.8,,11.4,cardboard,9.74,87.0,0.0
101030,2026-07-14,北京,glass,1,1.62,48.1,12.0,19.9,cardboard,11.39,157.0,0.0
100602,2026-04-20,广州,books,0,2.03,46.5,33.7,7.1,cardboard,10.88,51.0,0.0
101064,2026-08-31,成都市,clothing,0,0.95,39.7,30.7,15.8,cardboard,9.24,32.0,0.0
100244,2026-06-30,成都,clothing,0,1.17,53.4,15.4,25.4,bubble,7.76,28.0,0.0
101453,2026-02-18,上海,electronics,0,0.96,26.0,28.5,30.0,bubble,6.33,,0.0
101990,2026-08-21,武汉,glass,1,4.56,37.3,28.7,14.3,wood,19.0,144.0,0.0
101499,2026-01-23,成都,electronics,1,1.75,49.4,14.2,26.4,cardboard,11.97,109.0,0.0
100313,2026-01-06,成都,glass,1,2.15,26.9,16.6,6.4,wood,14.3,150.0,0.0
100436,2026-04-16,北京,electronics,0,4.8,23.4,26.8,34.5,cardboard,15.86,92.0,0.0
101929,2026-07-03,杭州,ceramics,1,1.52,49.2,44.2,22.3,cardboard,11.65,93.0,0.0
100953,2026-05-06,武汉,clothing,0,650.0,49.7,22.8,6.8,bubble,5.68,37.0,0.0
100309,2026-04-17,杭州,books,0,0.38,,13.9,29.2,bubble,6.15,52.0,0.0
100431,2026-05-22,杭州,electronics,0,1.09,25.2,37.3,15.0,cardboard,10.24,106.0,0.0
100661,2026-02-13,西安,clothing,0,0.71,48.3,35.2,8.0,bubble,6.63,40.0,0.0
100371,2026-04-24,杭州,electronics,0,2.33,22.0,25.8,17.9,bubble,9.68,98.0,0.0
100567,2026-02-12,武汉,ceramics,1,1.46,22.5,13.2,37.8,cardboard,9.05,102.0,0.0
101000,2026-06-15,西安,ceramics,0,1.87,38.3,24.1,9.8,bubble,8.81,136.0,0.0
100182,2026-03-27,西安,clothing,0,0.57,38.4,39.5,20.6,bubble,6.27,26.0,0.0
101622,2026-06-07,广州,electronics,0,2.93,28.1,16.8,29.0,bubble,10.22,134.0,0.0
100622,2026-01-07,广州,electronics,0,1.5,57.9,44.8,18.0,cardboard,10.35,88.0,0.0
100835,2026-01-07,北京,glass,1,1.41,28.2,27.5,10.7,wood,13.57,151.0,0.0
101348,2026-05-28,杭州,electronics,0,1.44,21.2,30.9,31.0,cardboard,11.29,131.0,0.0
101795,2026-04-26,上海,clothing,0,0.68,15.5,16.0,7.5,bubble,5.92,24.0,0.0
101442,2026-08-25,广州市,electronics,0,4.21,56.9,13.1,38.4,cardboard,17.84,117.0,0.0
101869,2026-06-21,北京,glass,1,1.36,19.9,34.4,10.5,wood,15.07,,0.0
100941,2026-05-14,北京,electronics,1,3.56,50.6,25.2,22.4,wood,20.5,81.0,0.0
101223,2026-05-07,武汉,electronics,0,1.6,17.3,14.4,20.6,bubble,8.48,118.0,0.0
100297,2026-08-17,西安,electronics,1,3.63,30.2,18.0,11.6,wood,18.21,88.0,0.0
101262,2026-05-12,深圳,glass,1,2.44,46.0,32.7,22.8,wood,17.06,157.0,0.0
100462,2026-07-21,广州,clothing,0,0.43,17.3,42.7,,bubble,6.53,40.0,0.0
101321,2026-04-17,上海,electronics,0,0.6,34.0,38.4,26.5,cardboard,10.37,130.0,0.0
101194,2026-06-20,北京,electronics,0,3.82,44.6,41.8,33.5,cardboard,15.94,133.0,
100378,2026-06-05,广州,ceramics,1,2.42,15.3,41.8,7.5,wood,15.46,111.0,0.0
100799,2026-01-07,武汉,ceramics,1,1.3,27.6,14.5,12.4,wood,14.48,81.0,0.0
101489,2026-02-03,深圳,ceramics,1,4.12,40.1,27.2,15.5,cardboard,15.08,125.0,0.0
100106,2026-01-11,北京,clothing,0,0.25,22.6,15.1,35.1,bubble,5.1,38.0,0.0
100127,2026-07-12,深圳,books,0,2.56,52.6,15.5,23.7,cardboard,11.56,41.0,0.0
100995,2026-05-18,西安,ceramics,0,2.62,23.4,43.7,29.1,cardboard,13.23,110.0,0.0
100847,2026-04-13,深圳,ceramics,1,1.02,43.1,11.7,18.2,cardboard,8.27,129.0,0.0
100856,2026-02-16,杭州,clothing,0,0.38,52.5,27.4,12.2,bubble,5.06,37.0,0.0
100356,2026-07-07,深圳,clothing,0,0.86,32.4,23.9,15.7,bubble,6.73,35.0,0.0
101640,2026-08-06,成都市,clothing,0,0.21,47.9,35.4,11.2,bubble,6.1,28.0,0.0
100683,2026-08-07,上海,electronics,0,0.77,22.5,16.6,13.1,bubble,7.14,102.0,0.0
101380,2026-06-17,武汉,ceramics,1,1.16,50.1,17.6,28.4,cardboard,9.71,98.0,0.0
100890,2026-03-21,武汉,glass,1,1.0,47.9,17.9,35.4,cardboard,10.87,159.0,0.0
100210,2026-01-01,上海,glass,1,2.63,34.4,30.9,36.4,wood,15.77,154.0,0.0
100987,2026-01-30,武汉,books,0,1.53,26.8,44.8,24.7,bubble,7.46,40.0,0.0
100141,2026-08-07,上海,glass,1,2.45,29.1,19.5,9.6,cardboard,11.74,153.0,0.0
101458,2026-03-22,广州,clothing,0,0.75,41.8,22.9,17.2,cardboard,9.77,38.0,0.0
101358,2026-01-18,成都,glass,1,1.51,27.8,18.2,9.7,bubble,8.42,168.0,0.0
101122,2026-03-28,西安,books,0,0.94,17.3,28.6,11.0,bubble,9.05,53.0,0.0
101816,2026-04-27,成都,ceramics,1,3.93,48.3,44.9,6.4,wood,17.23,104.0,0.0
101113,2026-06-20,上海,electronics,0,1.9,36.1,26.1,12.1,bubble,10.13,110.0,0.0
100866,2026-01-10,广州,glass,1,4.4,19.0,44.5,38.4,cardboard,16.37,173.0,0.0
100910,2026-02-20,成都,clothing,0,0.42,59.8,17.5,9.5,cardboard,7.97,39.0,0.0
100712,2026-04-21,上海,clothing,0,0.63,18.1,31.0,8.7,cardboard,7.84,29.0,0.0
101285,2026-06-07,武汉,books,0,0.44,48.5,39.8,30.9,bubble,8.06,46.0,0.0
101103,2026-03-13,武汉,glass,1,4.04,16.6,41.4,33.7,wood,19.25,129.0,0.0
101659,2026-05-01,广州,ceramics,0,1.08,32.2,18.3,15.2,cardboard,8.87,90.0,0.0
100011,2026-02-04,杭州,glass,1,1.65,23.0,40.0,31.5,cardboard,10.56,176.0,0.0
101720,2026-01-03,西安市,glass,1,1.3,,39.0,28.9,cardboard,11.83,190.0,0.0
101286,2026-05-12,杭州,clothing,0,,49.0,29.0,32.2,bubble,9.65,35.0,0.0
100283,2026-02-06,上海,glass,1,3.51,28.6,18.9,29.9,cardboard,13.35,176.0,0.0
100811,2026-03-15,西安,glass,1,3.36,58.3,38.3,38.5,wood,21.01,159.0,0.0
101108,2026-01-16,成都,clothing,0,1.02,43.5,24.4,16.5,bubble,7.37,24.0,0.0
100292,2026-07-27,成都,glass,1,0.82,19.3,22.3,29.5,wood,14.48,133.0,0.0
100755,2026-08-15,北京,electronics,1,1.89,56.3,40.5,15.7,cardboard,12.57,112.0,0.0
100627,2026-04-17,成都,glass,1,3.01,36.5,38.6,31.1,wood,20.01,153.0,0.0
100964,2026-06-18,上海,glass,0,3.65,36.9,25.4,36.8,cardboard,13.59,181.0,0.0
100880,2026-03-18,上海,electronics,1,2.52,17.6,29.2,18.4,cardboard,12.64,,0.0
100130,2026-03-18,上海,glass,1,2.32,18.5,37.3,20.6,wood,15.75,123.0,0.0
101193,2026-06-20,杭州,electronics,0,4.22,23.3,36.3,19.1,wood,19.34,89.0,0.0
100844,2026-07-24,杭州,electronics,0,1.22,57.0,32.8,8.3,cardboard,9.14,94.0,0.0
100324,2026-01-04,深圳,books,0,1.98,37.7,41.7,11.5,bubble,10.05,52.0,0.0
101106,2026-03-09,北京,glass,1,2.08,43.4,31.8,18.7,cardboard,11.52,133.0,0.0
101477,2026-08-20,西安,electronics,0,4.18,59.7,12.7,28.0,bubble,12.31,88.0,0.0
101488,2026-07-27,杭州,ceramics,1,2.61,36.7,44.4,7.5,cardboard,11.44,114.0,0.0
101894,2026-05-01,北京,ceramics,1,2.66,21.3,12.2,16.2,wood,16.99,86.0,0.0
101846,2026-08-18,杭州,electronics,0,3.23,19.1,17.9,19.5,cardboard,12.49,117.0,0.0
101808,2026-06-06,北京,books,0,1.21,25.8,38.7,12.7,bubble,6.74,,0.0
100696,2026-07-14,西安市,ceramics,1,,49.7,22.9,27.1,wood,20.48,90.0,0.0
100216,2026-04-20,成都,ceramics,1,2.51,26.3,22.8,,wood,14.1,88.0,0.0
101642,2026-04-28,广州,books,0,2.15,25.1,41.0,19.7,cardboard,10.01,47.0,0.0
101945,2026-02-18,武汉,clothing,0,0.73,41.4,17.8,32.1,bubble,8.59,25.0,0.0
100159,2026-01-05,西安市,electronics,0,4.81,48.5,28.6,21.7,cardboard,15.75,92.0,0.0
101074,2026-08-06,西安,electronics,1,1.61,24.5,30.3,20.4,wood,15.09,111.0,0.0
101779,2026-02-20,深圳,glass,0,0.96,27.9,29.4,34.9,cardboard,11.22,170.0,0.0
100969,2026-04-22,武汉,clothing,0,0.58,40.8,27.0,31.3,bubble,8.67,32.0,0.0
100842,2026-02-25,西安,clothing,0,1.4,17.0,40.0,6.6,bubble,8.38,41.0,0.0
100635,2026-08-05,武汉,electronics,1,0.76,55.8,28.2,32.9,wood,18.15,103.0,0.0
100517,2026-06-12,武汉,electronics,0,3.96,19.8,28.7,34.9,cardboard,15.95,134.0,0.0
101449,2026-01-18,杭州,electronics,0,,58.9,22.2,33.0,cardboard,15.05,83.0,0.0
101544,2026-01-17,武汉,ceramics,1,1.51,43.7,20.4,7.0,cardboard,9.48,117.0,0.0
100598,2026-06-30,成都,ceramics,1,3.57,26.6,10.1,38.8,wood,15.56,95.0,0.0
100196,2026-07-26,北京,electronics,1,3.45,51.0,31.1,35.0,cardboard,14.5,104.0,0.0
101667,2026-03-31,杭州,electronics,1,1.03,42.2,11.6,25.8,cardboard,9.04,139.0,0.0
100888,2026-05-26,深圳,ceramics,1,3.37,38.3,33.1,12.8,wood,18.33,92.0,0.0
100411,2026-04-10,成都,electronics,0,1.85,49.3,18.6,8.0,cardboard,10.64,131.0,
100097,2026-06-20,西安,books,0,1.95,29.4,44.2,19.0,bubble,8.85,41.0,0.0
101781,2026-06-11,成都,clothing,0,0.84,27.4,40.9,19.3,cardboard,10.87,35.0,0.0
100967,2026-02-09,深圳,electronics,0,3.76,21.5,21.7,14.4,cardboard,12.82,107.0,0.0
100157,2026-04-12,西安,electronics,0,1.49,37.3,11.9,17.2,bubble,7.23,103.0,0.0
100420,2026-08-12,西安,glass,1,2.16,39.7,25.6,22.9,wood,17.57,177.0,0.0
101831,2026-08-02,西安,electronics,0,2.36,49.4,11.2,11.2,bubble,9.56,120.0,0.0
100478,2026-03-04,北京 ,clothing,0,0.98,23.7,32.8,25.5,bubble,8.03,30.0,0.0
101885,2026-02-28,西安,glass,1,4.58,19.0,13.7,36.4,wood,19.8,130.0,0.0
100669,2026-01-18,武汉,clothing,0,,50.3,42.0,37.4,cardboard,12.67,33.0,0.0
101054,2026-03-21,上海,glass,1,1.19,38.5,18.1,32.2,wood,14.12,150.0,0.0
101902,2026-06-22,西安,books,0,2.38,38.3,,8.7,bubble,10.47,53.0,0.0
101318,2026-05-10,成都,ceramics,1,3.06,42.9,21.0,15.5,wood,16.63,137.0,0.0
100448,2026-06-06,上海,glass,1,1.71,27.9,36.5,27.0,cardboard,10.72,176.0,0.0
100554,2026-08-03,西安,glass,1,1.07,21.3,29.4,11.9,cardboard,7.64,158.0,0.0
100179,2026-02-01,成都,ceramics,1,1.37,47.8,39.7,21.5,wood,16.18,,0.0
100391,2026-06-26,北京,clothing,0,0.72,39.0,34.1,21.5,bubble,8.12,30.0,0.0
100579,2026-03-30,成都,books,0,2.2,28.3,40.7,15.2,cardboard,12.3,52.0,0.0
101028,2026-08-13,杭州,glass,1,2.21,21.7,21.9,29.2,cardboard,10.71,206.0,0.0
101732,2026-02-16,成都,books,0,2.99,34.7,35.7,7.5,wood,18.67,37.0,0.0
101306,2026-05-25,西安,electronics,0,0.72,33.3,21.7,6.8,bubble,5.59,106.0,0.0
101668,2026-08-14,西安,electronics,0,2.06,58.4,24.9,5.7,cardboard,10.27,107.0,0.0
100917,2026-07-06,广州,electronics,1,4.87,58.9,37.0,37.8,wood,23.12,97.0,0.0
100821,2026-06-10,深圳,electronics,1,1.0,42.3,20.8,,cardboard,9.05,139.0,0.0
101853,2026-02-02,西安,electronics,0,1.85,46.9,33.7,18.7,bubble,9.56,107.0,0.0
101005,2026-07-25,杭州,glass,1,2.55,20.3,40.5,16.5,bubble,8.7,127.0,0.0
101068,2026-02-19,杭州市,glass,1,1.09,18.1,30.7,31.4,bubble,7.5,153.0,0.0
100665,2026-06-04,深圳,glass,1,1.0,56.9,35.6,17.2,cardboard,11.32,144.0,0.0
100143,2026-02-17,武汉,electronics,0,0.57,33.3,29.9,24.3,bubble,5.96,93.0,0.0
101616,2026-01-28,上海,books,0,1.29,41.1,39.0,19.9,bubble,6.61,55.0,0.0
101450,2026-05-07,北京,electronics,0,,39.1,31.9,21.4,cardboard,14.17,138.0,0.0
100865,2026-01-20,西安,electronics,0,3.08,51.7,19.2,24.0,wood,18.3,,0.0
100422,2026-05-19,西安,electronics,0,2.03,24.9,17.0,5.0,cardboard,10.72,96.0,0.0
100637,2026-05-05,西安,electronics,1,999.0,26.0,43.9,18.4,cardboard,15.55,113.0,1.0
101753,2026-05-04,成都,books,0,2.95,22.4,32.0,28.8,cardboard,14.32,50.0,0.0
100800,2026-02-22,武汉,books,0,2.68,41.4,43.7,38.2,bubble,11.79,51.0,0.0
101300,2026-03-21,上海,clothing,0,1.01,46.0,40.2,16.8,bubble,9.45,29.0,0.0
100616,2026-02-28,武汉,clothing,0,,17.7,32.9,22.7,bubble,7.87,37.0,0.0
100295,2026-05-29,西安,glass,1,2.15,56.4,20.5,9.0,wood,17.02,192.0,0.0
100942,2026-08-08,武汉,electronics,0,3.77,26.5,28.3,5.5,cardboard,14.18,81.0,0.0
101356,2026-07-11, 上海,electronics,1,4.56,17.6,37.3,12.4,wood,19.98,,0.0
101933,2026-04-02,成都,electronics,0,3.8,39.5,40.8,21.5,cardboard,14.74,117.0,0.0
100089,2026-07-24,西安,electronics,1,0.64,29.5,31.3,21.3,bubble,7.3,91.0,0.0
100042,2026-05-12,广州,electronics,1,0.91,35.6,37.4,27.3,bubble,8.6,136.0,0.0
101830,2026-03-30,广州,glass,1,2.48,47.7,39.0,9.4,cardboard,11.72,198.0,0.0
101964,2026-04-01,北京,glass,1,4.37,20.2,14.6,32.3,wood,17.84,134.0,0.0
100132,2026-01-28,北京,ceramics,1,4.18,24.1,38.0,26.6,cardboard,13.34,100.0,0.0
101800,2026-06-28,成都,books,0,0.76,28.0,30.4,39.3,bubble,8.76,52.0,0.0
101010,2026-05-16,上海,ceramics,0,1.09,30.9,17.8,8.0,cardboard,8.44,96.0,0.0
101085,2026-02-17,武汉,ceramics,1,2.42,18.7,44.7,34.6,wood,17.18,87.0,0.0
101884,2026-07-28,杭州,electronics,1,4.99,46.3,36.6,23.4,wood,20.51,117.0,0.0
101363,2026-08-19,武汉,clothing,0,1.22,32.1,40.3,6.1,bubble,5.22,40.0,0.0
101522,2026-04-06,西安,glass,1,0.96,20.7,34.0,19.9,bubble,7.58,203.0,0.0
100165,2026-05-12,深圳,glass,1,1.16,48.4,18.3,34.0,cardboard,9.91,162.0,0.0
100725,2026-07-18,西安,clothing,0,1410.0,24.1,43.1,38.1,bubble,8.66,34.0,0.0
100291,2026-05-08,西安,ceramics,1,2.24,21.9,42.6,31.7,wood,17.48,118.0,0.0
101160,2026-08-30,杭州,glass,1,1.02,36.1,36.8,8.5,wood,12.94,165.0,0.0
101559,2026-08-12,北京,electronics,0,3.61,26.6,23.1,17.6,cardboard,13.95,131.0,0.0
101927,2026-08-14,广州,glass,1,1.09,58.1,38.6,7.7,wood,14.56,122.0,0.0
101035,2026-05-19,广州,clothing,0,0.39,40.8,15.8,11.0,bubble,7.67,36.0,0.0
101381,2026-05-20,上海,clothing,0,0.51,27.3,25.8,20.3,bubble,6.17,33.0,1.0
100779,2026-02-27,深圳,electronics,1,3.3,31.3,28.7,5.1,wood,19.43,88.0,0.0
100840,2026-05-28,深圳,clothing,0,0.51,50.0,38.9,12.3,bubble,6.5,31.0,0.0
100349,2026-05-05,成都,glass,1,2.77,45.9,11.4,32.8,wood,17.11,177.0,0.0
101975,2026-07-20,深圳,clothing,0,1.02,37.3,41.2,6.3,bubble,7.35,40.0,0.0
100572,2026-07-24,北京,clothing,0,1.25,58.4,17.2,22.5,cardboard,9.83,37.0,0.0
100918,2026-02-01,杭州,books,0,2.62,28.4,21.4,35.1,bubble,10.49,54.0,0.0
101203,2026-02-12,北京,clothing,0,0.38,33.3,18.7,29.6,wood,13.86,36.0,0.0
101917,2026-07-06,武汉,electronics,0,0.89,43.1,29.5,12.6,cardboard,7.72,94.0,0.0
101491,2026-07-29,上海,clothing,0,0.99,20.7,21.4,9.4,bubble,6.78,37.0,0.0
101615,2026-06-06,杭州,electronics,1,2.26,20.4,40.6,6.6,cardboard,12.05,121.0,0.0
101336,2026-08-02,杭州,electronics,1,3.47,48.4,11.2,16.7,wood,17.94,123.0,0.0
101873,2026-01-29,西安,ceramics,1,2.78,58.8,36.1,38.2,wood,21.44,99.0,0.0
100137,2026-03-26,上海,ceramics,1,4.35,51.5,27.7,30.8,wood,19.8,124.0,0.0
100459,2026-01-14,杭州,electronics,1,4.24,25.1,24.8,24.5,bubble,14.28,96.0,0.0
100376,2026-02-11,武汉,books,0,2.27,38.0,27.8,5.7,bubble,8.9,49.0,0.0
101361,2026-02-26,广州,glass,1,4.36,23.2,22.1,32.0,wood,18.83,197.0,0.0
100334,2026-08-13,杭州,electronics,0,2.21,42.5,20.4,17.1,bubble,8.73,,0.0
101325,2026-03-29,杭州,clothing,0,1.39,23.9,19.7,23.3,bubble,5.98,39.0,0.0
101177,2026-01-22,武汉,clothing,0,1.2,41.3,17.1,7.0,bubble,6.16,31.0,0.0
101953,2026-05-13,杭州市,electronics,0,2.09,54.6,43.7,23.5,bubble,11.24,113.0,0.0
101787,2026-07-10,深圳,ceramics,1,3.1,54.9,29.9,12.4,wood,17.37,108.0,0.0
101952,2026-05-14,广州,electronics,0,1.57,47.9,28.3,14.3,cardboard,10.87,127.0,0.0
100817,2026-07-12,成都,books,0,2.56,43.9,40.6,13.6,bubble,11.32,32.0,0.0
101132,2026-04-03,成都,electronics,1,1.02,48.0,17.5,12.6,wood,13.88,121.0,0.0
100606,2026-01-25,深圳,clothing,0,0.68,34.6,33.9,9.8,bubble,6.02,24.0,0.0
101886,2026-08-09,杭州,clothing,0,0.35,18.5,19.2,33.0,bubble,5.55,40.0,0.0
101928,2026-01-20,北京,electronics,0,1.5,36.1,28.2,18.0,bubble,5.76,137.0,0.0
101335,2026-03-17,西安,ceramics,1,0.86,30.0,22.1,23.6,wood,15.17,116.0,0.0
100911,2026-08-22,北京,ceramics,1,3.58,60.0,43.0,36.4,wood,20.95,112.0,0.0
101960,2026-08-18,北京,books,0,1.56,37.0,12.6,35.2,bubble,8.67,41.0,0.0
101226,2026-07-07,广州,glass,1,3.18,44.9,14.7,32.4,wood,17.81,153.0,0.0
100329,2026-06-26,深圳,ceramics,1,4.09,31.4,15.6,16.2,cardboard,12.61,96.0,0.0
101690,2026-02-15,上海,ceramics,1,3.34,39.9,21.4,5.3,cardboard,11.06,128.0,0.0
100319,2026-01-31,西安市,electronics,0,3.4,37.3,38.3,28.8,cardboard,15.02,122.0,0.0
101553,2026-05-10,武汉,books,0,0.49,15.1,25.3,25.4,bubble,5.84,33.0,0.0
101545,2026-06-24,北京,electronics,0,3.94,31.1,31.7,6.2,cardboard,13.87,87.0,0.0
101759,2026-03-05,武汉,ceramics,0,3.03,45.7,25.3,21.9,cardboard,12.86,,0.0
100168,2026-03-02,西安,ceramics,0,1.37,43.2,21.4,27.5,cardboard,10.05,93.0,0.0
100013,2026-04-18,西安,ceramics,1,2.08,58.1,26.9,32.4,wood,18.7,109.0,0.0
101957,2026-07-24,杭州市,ceramics,1,1.22,20.9,15.3,27.0,bubble,7.72,120.0,0.0
100172,2026-01-28,上海,glass,1,1.33,35.1,18.0,31.6,bubble,7.01,148.0,1.0
100650,2026-01-06,西安,clothing,0,1.17,23.7,15.8,25.5,bubble,6.26,38.0,0.0
101524,2026-07-16,成都,ceramics,1,2.88,48.5,18.5,27.6,wood,18.54,,0.0
100261,2026-08-13,北京 ,glass,1,1.32,56.9,,26.8,cardboard,8.06,142.0,
101231,2026-03-29,深圳,ceramics,1,4.47,16.0,12.4,32.8,cardboard,14.49,124.0,0.0
101430,2026-03-04,广州,electronics,0,4.04,36.1,19.3,14.7,cardboard,15.58,96.0,0.0
100902,2026-07-15,上海,ceramics,1,2.65,28.1,20.0,14.5,cardboard,11.44,134.0,0.0
100673,2026-01-28,西安,ceramics,1,2.98,48.2,13.3,25.8,cardboard,12.98,92.0,0.0
100259,2026-03-17,武汉,glass,1,1.83,,12.2,31.9,cardboard,10.44,158.0,0.0
100845,2026-07-08,上海,electronics,0,,30.4,32.5,12.9,bubble,9.33,114.0,0.0
100868,2026-06-13,武汉,ceramics,1,2.73,21.3,12.0,26.9,cardboard,11.43,94.0,
101212,2026-03-10,北京,clothing,0,1.0,55.0,35.6,30.8,bubble,10.9,27.0,0.0
100139,2026-06-21,杭州,clothing,0,1.19,31.1,26.7,10.2,cardboard,9.51,26.0,0.0
100894,2026-07-02,上海,ceramics,1,1.58,32.5,23.2,6.3,bubble,7.67,101.0,0.0
101866,2026-04-06,北京,ceramics,1,2.58,19.3,28.0,22.9,bubble,8.69,118.0,0.0
100550,2026-08-02,SHENZHEN,ceramics,1,3.94,16.7,14.7,25.0,wood,18.92,118.0,0.0
100320,2026-05-25,SHENZHEN,books,0,2.78,22.7,29.0,31.8,bubble,10.21,34.0,0.0
101550,2026-01-01,武汉市,books,1,0.97,33.4,29.2,7.4,wood,14.3,37.0,0.0
101329,2026-01-19,广州,clothing,0,0.92,43.9,35.2,27.8,bubble,9.83,40.0,0.0
101828,2026-07-24,杭州,electronics,0,0.95,52.4,19.0,31.2,bubble,10.71,83.0,0.0
100559,2026-02-07,成都,clothing,0,1.14,34.0,13.4,20.8,cardboard,10.06,40.0,1.0
100140,2026-02-14,上海,clothing,0,0.29,48.7,38.5,20.7,bubble,6.84,30.0,0.0
101761,2026-01-16,西安,electronics,0,2.59,46.6,24.7,8.1,bubble,10.78,119.0,0.0
100532,2026-06-18,成都,electronics,0,0.7,38.1,29.4,13.8,bubble,10.07,118.0,0.0
100225,2026-02-09,广州,ceramics,1,2.05,47.5,28.2,17.9,cardboard,11.04,91.0,0.0
100724,2026-06-16,深圳,ceramics,1,1.36,50.1,41.5,34.4,wood,19.9,106.0,0.0
100787,2026-04-25,成都,ceramics,1,2.49,55.0,12.3,17.2,wood,15.78,87.0,0.0
101743,2026-03-14,成都,clothing,0,1.42,42.4,35.9,18.1,cardboard,12.8,29.0,0.0
101178,2026-08-05,杭州市,clothing,0,0.24,37.5,15.2,33.2,bubble,7.36,37.0,0.0
100410,2026-08-25,北京,glass,1,1.35,23.4,36.5,16.2,cardboard,9.32,198.0,0.0
100326,2026-04-05,广州,electronics,0,3.95,47.5,42.0,33.0,cardboard,16.77,126.0,0.0
101546,2026-02-09,西安,books,0,1.02,48.6,11.6,24.6,bubble,6.78,50.0,0.0
100300,2026-07-31,西安,glass,0,2.85,37.4,26.8,5.9,bubble,9.26,143.0,0.0
101281,2026-07-24,成都,glass,0,3.73,37.3,17.7,19.1,cardboard,12.9,122.0,0.0
101158,2026-07-15,深圳,ceramics,0,1.35,25.5,20.4,18.4,bubble,6.97,,
100026,2026-08-19,深圳,glass,1,2.14,53.3,11.5,11.4,cardboard,13.59,171.0,0.0
101888,2026-03-20,杭州市,books,0,1.36,55.0,36.5,7.8,bubble,9.68,35.0,0.0
100715,2026-04-21,北京,electronics,1,1680.0,20.6,32.7,32.2,cardboard,11.03,96.0,0.0
100847,2026-04-13,深圳,ceramics,1,1.02,43.1,11.7,18.2,cardboard,8.27,129.0,0.0
100194,2026-01-09,武汉,glass,1,1.18,49.0,44.7,37.5,wood,17.9,148.0,0.0
100441,2026-06-17,成都,ceramics,1,1.31,47.9,38.2,9.4,wood,14.17,107.0,0.0
100574,2026-07-01,杭州,clothing,0,0.84,32.0,40.3,8.8,cardboard,7.06,39.0,0.0
100947,2026-08-19,深圳,glass,1,3.37,27.7,27.3,15.4,cardboard,13.42,202.0,0.0
100998,2026-02-14,武汉,ceramics,1,3.45,53.1,39.0,17.2,wood,19.08,134.0,0.0
100504,2026-02-25,成都,ceramics,0,1.87,45.2,25.9,15.1,bubble,7.67,90.0,0.0
101190,2026-04-30,武汉,clothing,0,1.32,20.7,24.5,8.4,bubble,6.74,25.0,0.0
101903,2026-06-11,北京,electronics,0,1.71,35.3,21.9,35.8,cardboard,11.37,111.0,0.0
101814,2026-05-18,成都,electronics,0,2.12,47.0,21.8,,cardboard,11.2,111.0,0.0
100004,2026-01-24,广州,glass,1,2.77,36.4,17.9,28.4,wood,18.1,183.0,0.0
101269,2026-03-06,西安,electronics,0,4.18,58.7,41.8,26.0,bubble,14.69,122.0,0.0
100468,2026-03-28,北京,clothing,0,1.36,27.5,33.0,8.1,bubble,8.71,25.0,0.0
100006,2026-05-18,杭州,clothing,0,0.8,20.2,33.4,21.5,cardboard,7.32,35.0,0.0
101394,2026-01-06,成都,electronics,1,2.3,45.1,20.2,34.4,wood,19.09,133.0,
100548,2026-07-20,深圳,electronics,0,999.0,15.9,44.8,35.7,cardboard,11.51,93.0,0.0
100229,2026-07-16,广州,electronics,1,0.94,21.6,17.9,24.2,bubble,6.2,113.0,0.0
100543,2026-06-01,成都,books,0,0.9,22.2,33.3,22.5,cardboard,9.75,40.0,0.0
100243,2026-01-30,深圳,clothing,0,0.29,42.6,25.7,,bubble,4.65,33.0,0.0
100899,2026-05-04,广州,ceramics,1,,47.1,27.5,26.0,wood,21.69,127.0,0.0
101778,2026-08-07,广州,electronics,1,1.81,23.9,19.6,15.4,cardboard,8.74,94.0,0.0
101209,2026-02-23,成都,electronics,0,1.83,49.2,11.4,11.9,cardboard,10.46,139.0,0.0
101790,2026-08-27,深圳,glass,1,0.83,20.6,19.0,34.0,wood,14.37,147.0,0.0
100843,2026-07-14,成都,glass,1,1.55,54.3,29.6,19.2,wood,14.95,197.0,0.0
101702,2026-03-27,西安,glass,1,4.78,33.4,22.1,8.8,cardboard,13.78,196.0,0.0
101713,2026-07-03,杭州,clothing,0,1.21,45.7,13.8,9.0,cardboard,9.65,36.0,1.0
102000,2026-02-01,武汉,books,0,2.88,31.6,20.7,32.5,cardboard,11.9,40.0,0.0
100662,2026-06-05,成都,clothing,0,0.35,31.6,19.3,34.0,cardboard,8.48,41.0,0.0
100043,2026-08-19,广州,ceramics,1,3.39,21.7,27.8,19.1,cardboard,14.95,88.0,0.0
100315,2026-04-28,广州,electronics,0,4.06,15.3,20.1,31.3,cardboard,13.48,98.0,0.0
100692,2026-08-21,北京,clothing,0,1.3,19.8,14.8,19.6,bubble,8.54,40.0,0.0
101527,2026-05-05,北京,electronics,0,4.57,59.9,34.0,36.8,cardboard,18.11,122.0,0.0
100425,2026-07-11,武汉,electronics,0,1.21,27.7,33.1,10.0,cardboard,6.32,84.0,0.0
100595,2026-05-22,西安,clothing,0,0.56,52.8,12.7,10.6,cardboard,8.18,26.0,0.0
101994,2026-08-29,成都,ceramics,1,3.01,25.9,43.2,13.0,cardboard,12.3,92.0,0.0
100623,2026-03-10,杭州,electronics,1,1.98,24.8,41.7,8.0,wood,16.21,101.0,0.0
101188,2026-03-26,武汉,ceramics,1,2.6,20.9,40.2,34.0,wood,15.98,109.0,0.0
101058,2026-01-06,深圳,ceramics,1,2.88,42.0,21.7,27.9,wood,18.02,126.0,0.0
100228,2026-06-15,深圳,ceramics,1,4.32,17.4,,,wood,19.91,107.0,0.0
101135,2026-03-02,成都,electronics,1,3.81,54.9,30.2,6.6,wood,18.19,131.0,0.0
101823,2026-01-10,上海,glass,0,1.44,44.1,11.5,7.3,cardboard,11.07,181.0,0.0
101115,2026-06-14,广州,ceramics,0,0.95,27.4,32.0,12.1,bubble,5.66,136.0,0.0
100067,2026-04-30,深圳,glass,1,2.97,20.0,,7.1,wood,15.94,147.0,0.0
100025,2026-05-06,成都,books,0,0.75,20.2,10.7,6.9,cardboard,8.51,46.0,0.0
100145,2026-02-24,武汉,electronics,1,1.26,57.7,24.1,34.2,wood,15.77,90.0,0.0
100537,2026-07-13,武汉,electronics,0,1.1,38.8,19.5,14.2,cardboard,10.61,126.0,
100812,2026-02-25,广州,electronics,1,1.03,50.4,34.3,6.9,cardboard,10.73,89.0,0.0
101767,2026-05-02,西安,books,0,2.21,51.7,26.0,7.5,cardboard,12.61,37.0,0.0
100086,2026-02-02,武汉,electronics,1,4.53,53.1,16.3,19.5,wood,20.65,122.0,0.0
101351,2026-04-29,武汉,electronics,1,3.95,18.8,13.7,32.4,cardboard,14.58,129.0,0.0
101201,2026-06-12,北京,ceramics,1,2.83,35.6,29.3,28.5,cardboard,12.55,92.0,0.0
101086,2026-02-18,广州,electronics,1,2.7,26.1,18.9,8.8,cardboard,10.96,111.0,0.0
101833,2026-01-04,杭州,books,0,0.61,,33.9,21.9,cardboard,8.0,47.0,0.0
101936,2026-07-16,杭州,ceramics,1,4.29,44.0,16.5,19.8,wood,20.2,126.0,0.0
101392,2026-07-07,杭州,electronics,1,3.05,42.9,17.2,36.5,wood,16.91,138.0,0.0
101162,2026-03-13,西安,clothing,0,0.26,57.0,32.9,8.6,bubble,5.96,27.0,0.0
100363,2026-06-12,北京,electronics,0,2.6,59.1,24.8,7.8,bubble,10.39,80.0,0.0
101700,2026-01-12,西安,books,0,2.44,19.3,34.6,29.7,bubble,8.56,47.0,0.0
101170,2026-02-18,杭州,books,0,2.59,55.2,25.9,29.8,cardboard,12.19,34.0,0.0
101027,2026-07-17,上海,electronics,0,2.32,22.9,13.7,12.8,bubble,10.69,121.0,0.0
101031,2026-02-01,广州,electronics,1,2.58,56.5,17.0,8.8,wood,18.06,132.0,0.0
101235,2026-08-04,西安市,ceramics,1,1.0,24.0,32.9,5.4,wood,14.5,97.0,0.0
101515,2026-07-20,深圳,clothing,0,1.44,47.6,15.5,32.9,bubble,9.02,39.0,0.0
101088,2026-06-15,广州,electronics,1,2.53,28.5,13.8,11.6,wood,15.61,135.0,0.0
100666,2026-02-01,杭州,electronics,0,4.49,32.5,41.6,27.5,cardboard,14.79,134.0,0.0
100365,2026-08-23,北京,electronics,0,3.26,56.8,11.5,24.8,cardboard,13.69,107.0,0.0
100078,2026-04-11,杭州,books,0,0.78,56.1,17.4,21.4,bubble,5.43,41.0,0.0
100028,2026-06-16,成都,clothing,0,1.21,21.1,28.8,23.0,bubble,9.11,30.0,0.0
101457,2026-04-20,成都,glass,1,4.58,35.1,44.3,29.9,cardboard,16.93,200.0,0.0
100526,2026-05-28,西安,clothing,0,1.26,46.1,14.6,9.0,bubble,6.99,33.0,0.0
101898,2026-06-18,上海,ceramics,1,0.86,19.3,36.1,13.3,cardboard,9.16,131.0,0.0
100056,2026-06-04,广州,electronics,0,3.8,44.4,43.9,39.5,cardboard,17.18,124.0,0.0
100639,2026-04-09,北京,electronics,1,,19.6,35.8,36.0,cardboard,9.67,91.0,0.0
100303,2026-03-23,杭州,glass,1,4.36,57.5,19.6,5.9,wood,18.66,151.0,0.0
100719,2026-01-20,上海,books,0,2.69,34.3,32.8,18.8,bubble,9.41,52.0,0.0
100625,2026-07-13,杭州,ceramics,1,1.2,32.9,38.1,37.8,cardboard,10.14,95.0,0.0
100008,2026-06-19,深圳,ceramics,1,2.86,33.3,38.5,10.8,cardboard,11.91,123.0,0.0
100804,2026-08-24,武汉,electronics,0,3.19,54.7,43.5,13.9,cardboard,12.52,103.0,0.0
101050,2026-02-17,西安,electronics,0,1.19,48.0,25.5,25.8,bubble,8.88,,0.0
100337,2026-06-24,武汉,clothing,0,0.52,17.7,15.4,16.6,bubble,6.39,37.0,0.0
100048,2026-04-14,广州,clothing,0,1.31,42.0,14.2,17.8,cardboard,9.08,37.0,0.0
101503,2026-08-26,杭州,books,0,2.57,38.9,19.0,5.5,cardboard,11.26,33.0,0.0
100107,2026-06-07,武汉,glass,1,3.9,37.7,36.3,21.3,cardboard,12.38,138.0,0.0
100350,2026-07-25,深圳,ceramics,1,4.35,46.7,18.3,14.9,cardboard,15.36,102.0,0.0
101080,2026-03-14,广州,clothing,0,0.24,26.5,23.4,38.3,cardboard,9.81,32.0,0.0
100239,2026-07-22,西安,electronics,0,4.69,40.2,22.0,15.1,cardboard,17.44,109.0,0.0
100214,2026-01-07,杭州,clothing,1,0.32,53.4,18.2,24.2,wood,14.06,32.0,
101271,2026-04-11,武汉,electronics,1,2.55,41.0,34.9,28.7,wood,17.16,129.0,0.0
101315,2026-05-01,西安,clothing,0,0.56,22.6,38.6,15.9,bubble,7.36,36.0,0.0
100794,2026-07-15,武汉市,electronics,0,3.76,46.2,40.0,32.3,cardboard,16.95,104.0,0.0
101097,2026-01-30,杭州,books,0,2.67,54.9,36.8,27.0,bubble,12.21,46.0,0.0
101197,2026-06-27, 上海,electronics,0,1.33,23.3,13.3,7.7,cardboard,9.3,138.0,0.0
101592,2026-07-20,广州,electronics,1,1.58,47.1,16.6,,cardboard,10.23,90.0,0.0
101606,2026-01-20,广州,electronics,0,1.6,15.3,10.7,39.2,cardboard,10.9,135.0,0.0
101697,2026-03-02,成都,clothing,1,0.85,29.7,33.4,21.5,wood,15.18,29.0,0.0
100524,2026-03-30,北京,glass,1,2.31,48.6,38.0,35.7,wood,16.64,140.0,0.0
100233,2026-04-26,北京 ,electronics,0,1.68,42.8,33.7,31.1,cardboard,12.29,103.0,0.0
100645,2026-04-17,上海,electronics,0,2.03,17.8,19.5,6.6,bubble,8.57,100.0,0.0
101531,2026-06-21,成都,clothing,0,0.32,36.4,23.7,25.1,bubble,5.84,41.0,0.0
100534,2026-04-03,北京,glass,1,3.35,27.6,20.9,12.8,cardboard,13.6,164.0,0.0
101532,2026-07-02,杭州,glass,1,4.84,,12.1,15.8,wood,21.93,123.0,
100604,2026-07-10,西安,electronics,0,4.62,59.5,33.4,23.4,cardboard,16.65,115.0,0.0
101227,2026-01-06,杭州市,clothing,0,0.86,30.3,13.6,19.6,bubble,5.82,39.0,0.0
101075,2026-02-22,上海,ceramics,0,0.86,43.6,28.7,20.9,bubble,10.24,110.0,0.0
101323,2026-07-28,武汉,books,0,,36.8,17.8,27.7,cardboard,11.07,38.0,0.0
100061,2026-02-15,西安,electronics,0,0.88,51.3,45.0,,bubble,7.85,114.0,0.0
101282,2026-04-09,广州,electronics,0,2.64,39.6,,37.9,bubble,10.66,134.0,0.0
100093,2026-03-29,西安,glass,1,1.54,,25.7,36.2,bubble,7.94,147.0,0.0
100667,2026-06-01,上海,electronics,1,4.45,39.2,21.9,21.7,wood,19.91,82.0,0.0
100281,2026-02-01,深圳,clothing,0,0.61,39.6,42.2,35.6,bubble,8.42,41.0,0.0
101171,2026-01-29,西安,ceramics,1,1.8,30.8,18.5,30.4,cardboard,11.3,88.0,0.0
100360,2026-08-29,广州,clothing,0,0.29,57.6,13.7,18.9,bubble,6.77,36.0,0.0
101256,2026-08-07,杭州,electronics,0,2.42,50.5,38.3,18.0,bubble,10.66,86.0,0.0
101342,2026-04-13,杭州,electronics,0,3.0,51.7,13.9,19.5,cardboard,13.31,109.0,0.0
100848,2026-03-15,武汉,ceramics,1,2.94,15.2,39.3,12.0,wood,17.15,103.0,0.0
101605,2026-01-19,深圳,glass,1,4.37,37.9,42.5,19.8,cardboard,15.22,174.0,0.0
100111,2026-07-09,上海,electronics,0,2.85,45.4,12.3,5.0,bubble,8.32,118.0,0.0
100043,2026-08-19,广州,ceramics,1,3.39,21.7,27.8,19.1,cardboard,14.95,88.0,0.0
100126,2026-04-05,北京,glass,1,2.61,59.7,43.6,6.4,wood,16.28,201.0,0.0
100205,2026-03-27,北京,glass,1,2.25,32.0,30.6,38.8,cardboard,12.21,191.0,0.0
100053,2026-08-31,西安,clothing,0,0.86,53.3,21.9,22.5,bubble,7.18,31.0,0.0
100546,2026-04-19,武汉,clothing,0,1.22,46.6,10.4,26.9,bubble,6.32,26.0,0.0
100069,2026-07-29,成都,electronics,1,1.95,45.7,18.0,16.6,cardboard,11.57,107.0,0.0
101921,2026-06-16,北京,electronics,1,2.88,56.5,44.9,13.5,wood,17.64,106.0,0.0
101862,2026-07-25,杭州,electronics,0,4.9,22.2,27.1,34.4,cardboard,14.65,80.0,0.0
100184,2026-01-02,深圳,electronics,0,3.26,19.9,10.5,13.7,cardboard,12.85,128.0,0.0
100138,2026-03-21,杭州,electronics,0,3.32,27.3,13.9,38.5,cardboard,12.65,97.0,0.0
100900,2026-07-11,西安,clothing,0,0.34,26.4,21.4,15.7,bubble,4.28,25.0,0.0
100797,2026-02-03,上海,electronics,0,2.52,25.7,30.9,10.5,bubble,7.65,123.0,0.0
100133,2026-02-09,深圳,electronics,0,2.47,49.7,28.9,11.4,bubble,11.17,120.0,0.0
100081,2026-06-26,上海,books,0,1.56,32.7,14.6,10.7,bubble,8.18,54.0,0.0
101506,2026-05-26,广州,clothing,0,1.5,54.8,34.8,15.2,bubble,9.25,30.0,0.0
101564,2026-07-02,杭州市,clothing,0,0.57,57.3,37.8,11.5,bubble,7.1,37.0,0.0
100542,2026-04-26,西安,glass,1,3.72,27.9,31.7,33.0,cardboard,14.61,168.0,0.0
101619,2026-05-17,成都,glass,1,3.67,21.2,32.0,34.1,wood,18.69,164.0,0.0
100984,2026-06-13,成都,glass,1,3.79,49.9,32.2,13.5,cardboard,14.64,201.0,0.0
100166,2026-03-23,深圳,ceramics,1,4.23,42.1,35.8,7.5,wood,19.43,135.0,0.0
100249,2026-05-10,上海,ceramics,1,2.04,23.2,28.5,29.7,wood,16.75,130.0,0.0
100447,2026-06-10,SHENZHEN,books,0,1.17,45.1,42.2,19.3,bubble,8.73,53.0,0.0
101166,2026-06-19,成都,ceramics,0,2.32,23.1,,20.0,cardboard,10.69,117.0,0.0
100859,2026-08-14,杭州,ceramics,1,4.4,27.3,15.5,39.1,wood,23.1,117.0,0.0
101229,2026-06-16,北京,ceramics,1,2.49,26.8,41.6,8.8,cardboard,12.95,95.0,
100098,2026-04-08,西安,ceramics,0,2.44,29.5,29.1,22.1,bubble,9.95,94.0,0.0
101768,2026-01-04, 上海,ceramics,1,1.91,34.6,12.6,13.0,cardboard,12.06,110.0,0.0
100738,2026-07-16,广州,books,0,1.26,42.4,25.4,27.7,bubble,8.85,51.0,0.0
101274,2026-04-01,广州,clothing,0,0.71,36.5,30.4,29.0,cardboard,8.76,39.0,0.0
100103,2026-03-14,深圳,ceramics,1,3.34,60.0,28.1,8.3,bubble,11.54,99.0,0.0
100435,2026-07-18,北京,books,0,,54.1,21.2,31.2,bubble,11.12,43.0,0.0
100075,2026-01-13,杭州,clothing,0,0.9,17.3,30.8,15.3,cardboard,9.24,24.0,0.0
101819,2026-02-09,广州,electronics,0,1.3,27.1,35.3,21.2,bubble,7.71,88.0,0.0
101645,2026-06-17,杭州,electronics,1,,46.6,34.2,16.1,cardboard,11.23,110.0,0.0
100919,2026-06-12,北京,glass,1,2.11,19.1,14.4,10.7,wood,14.9,205.0,1.0
101737,2026-04-15,武汉,electronics,0,1.68,52.8,36.2,23.6,bubble,11.62,131.0,0.0
101747,2026-01-23,杭州,electronics,0,2.34,52.8,34.7,32.2,bubble,12.86,81.0,
101811,2026-03-12,杭州,ceramics,1,1.24,44.4,33.5,7.0,wood,15.55,129.0,0.0
100763,2026-08-20,成都,ceramics,1,1.43,57.0,38.9,11.6,bubble,7.45,120.0,0.0
100990,2026-03-22,成都,glass,1,2.8,45.5,10.8,33.3,wood,18.7,173.0,0.0
100389,2026-02-01,杭州,clothing,0,1.32,33.2,40.0,15.1,cardboard,11.32,30.0,0.0
100236,2026-05-19,西安,glass,1,4.02,20.6,20.3,37.0,cardboard,12.58,204.0,0.0
101558,2026-01-26,成都,books,0,999.0,34.2,12.0,30.1,bubble,9.29,37.0,0.0
100268,2026-01-23,武汉,electronics,1,4.17,33.8,21.4,32.9,wood,21.0,89.0,0.0
101205,2026-03-13,广州,glass,1,3.42,42.9,43.2,23.5,wood,18.04,170.0,0.0
100118,2026-07-09,杭州,ceramics,1,2.85,32.0,13.3,10.8,wood,17.79,92.0,0.0
101630,2026-02-11,杭州,books,0,2.33,59.6,18.0,28.5,bubble,9.2,46.0,0.0
100674,2026-03-17,杭州,glass,1,1.21,27.7,,31.2,wood,15.59,134.0,0.0
100250,2026-01-27,北京,clothing,0,0.67,23.4,27.4,6.2,cardboard,9.56,39.0,0.0
101474,2026-04-23,广州,books,0,0.56,20.0,43.3,24.2,bubble,7.04,32.0,0.0
100858,2026-01-09,上海,ceramics,1,1.72,26.3,38.0,28.4,bubble,9.01,92.0,0.0
100095,2026-08-17,武汉,glass,1,1.33,44.5,,5.7,cardboard,8.31,190.0,0.0
100034,2026-05-10,广州,electronics,0,3.46,45.2,21.7,36.4,cardboard,14.56,101.0,0.0
101858,2026-08-13,西安,clothing,0,1.32,47.1,24.6,7.5,bubble,9.53,28.0,0.0
101693,2026-02-11,上海,electronics,0,3.24,55.2,15.0,11.6,cardboard,13.17,129.0,0.0
100449,2026-01-12,杭州,glass,1,3.84,53.6,11.9,25.8,wood,20.44,192.0,0.0
100717,2026-04-06,成都,electronics,0,2.23,18.3,43.5,15.7,bubble,8.63,136.0,0.0
101856,2026-07-31,上海,clothing,0,1.19,54.6,37.5,20.7,wood,16.56,31.0,0.0
101541,2026-02-25,上海,books,0,2.71,21.7,11.4,31.2,bubble,9.36,51.0,0.0
100001,2026-05-02,广州,clothing,0,0.77,19.2,44.1,31.6,bubble,7.25,32.0,0.0
101395,2026-03-11,广州,clothing,0,1.25,28.4,40.6,,cardboard,8.41,37.0,0.0
101102,2026-05-22,北京,ceramics,1,2.58,49.4,23.5,27.5,cardboard,11.03,103.0,0.0
101109,2026-01-15,成都,clothing,0,0.85,30.4,44.5,29.2,bubble,9.21,36.0,0.0
101766,2026-04-13,深圳,electronics,0,1.64,51.5,11.9,30.5,bubble,7.66,133.0,0.0
100083,2026-05-30,西安,books,0,2.06,,20.3,31.8,cardboard,11.12,55.0,0.0
101629,2026-06-28,西安,clothing,0,0.89,24.6,35.4,34.0,wood,16.35,28.0,0.0
100677,2026-05-24,西安,ceramics,1,4.34,51.3,14.0,27.9,cardboard,14.21,82.0,0.0
101472,2026-06-06,杭州,electronics,0,0.51,44.9,25.3,27.4,bubble,7.94,111.0,0.0
101047,2026-08-11,武汉,ceramics,1,0.98,19.8,18.5,22.5,cardboard,8.56,128.0,0.0
100771,2026-01-13,杭州,clothing,0,1.12,33.2,41.1,26.2,bubble,8.16,40.0,0.0
101233,2026-08-15,成都,clothing,0,0.56,44.7,32.4,23.3,cardboard,8.44,38.0,0.0
101299,2026-03-11,杭州市,electronics,0,4.94,16.6,16.2,33.3,cardboard,14.31,85.0,0.0
101653,2026-05-27,上海,electronics,0,0.56,56.4,12.2,6.1,bubble,5.71,92.0,0.0
101512,2026-03-09,上海,clothing,0,0.84,33.3,17.3,26.9,bubble,6.02,41.0,0.0
100405,2026-03-16,北京,ceramics,1,0.87,44.4,33.1,23.5,bubble,6.97,115.0,0.0
101754,2026-02-19,西安,glass,1,,42.2,20.8,13.7,wood,13.59,153.0,0.0
101317,2026-08-29,杭州,ceramics,1,3.28,43.2,42.3,38.5,wood,21.24,117.0,0.0
101359,2026-07-30,广州,clothing,0,0.66,48.4,34.9,20.1,bubble,7.31,37.0,0.0
100105,2026-01-22,深圳,glass,1,4.55,19.3,15.4,23.7,cardboard,13.64,120.0,0.0
100689,2026-08-18,西安,glass,0,1.41,34.8,23.0,36.7,bubble,6.83,175.0,0.0
101324,2026-04-17,西安市,glass,1,2.78,28.8,35.6,15.0,cardboard,12.32,203.0,0.0
100827,2026-04-09,武汉,clothing,0,0.46,32.2,44.4,17.8,bubble,5.48,31.0,0.0
100063,2026-08-05,西安,ceramics,1,2.07,48.8,28.9,15.0,bubble,9.29,99.0,0.0
100853,2026-04-15,杭州,ceramics,1,1.58,40.4,40.2,32.4,cardboard,11.27,119.0,0.0
101805,2026-05-09,北京,clothing,0,1.44,44.0,14.1,15.6,cardboard,10.13,29.0,0.0
100224,2026-04-03,杭州,electronics,0,1.73,45.6,13.2,25.7,bubble,6.84,129.0,0.0
100146,2026-08-28,深圳,electronics,1,4.61,51.7,18.2,14.7,cardboard,13.9,105.0,0.0
101089,2026-08-05,北京,clothing,0,0.67,17.7,24.2,33.7,bubble,4.88,30.0,0.0
100374,2026-03-28,武汉,clothing,0,1.39,52.2,37.0,22.5,cardboard,11.59,34.0,0.0
101441,2026-08-27,深圳,books,0,0.57,44.4,41.5,39.7,bubble,9.28,32.0,0.0
101143,2026-07-28,深圳,glass,1,2.92,54.2,37.4,17.8,cardboard,13.61,206.0,0.0
101855,2026-01-21,杭州,ceramics,1,3.76,16.7,20.4,35.7,cardboard,13.66,103.0,
101518,2026-04-26,西安,ceramics,1,2.18,32.7,15.5,33.3,cardboard,10.92,91.0,0.0
101625,2026-07-23,北京,books,0,2.86,34.3,27.2,22.5,bubble,11.04,50.0,0.0
101289,2026-07-21,武汉,electronics,0,1.91,39.2,42.0,35.6,bubble,9.89,86.0,0.0
100010,2026-04-19,西安,books,0,2.75,58.6,37.3,30.1,cardboard,13.76,34.0,0.0
100450,2026-05-07,上海,clothing,0,1.05,48.4,18.3,39.3,cardboard,9.61,39.0,0.0
100709,2026-05-13,广州,ceramics,1,3.69,16.4,14.7,25.6,cardboard,12.38,113.0,0.0
100256,2026-01-27,西安,electronics,0,0.7,16.8,11.0,24.6,bubble,6.46,106.0,0.0
100883,2026-07-14,西安,glass,1,2.36,25.8,,26.3,cardboard,11.13,153.0,0.0
100390,2026-07-05,杭州,electronics,1,4.53,24.7,44.8,26.2,cardboard,16.52,84.0,0.0
100909,2026-04-28,广州,electronics,0,1.93,17.0,15.7,37.7,bubble,10.48,127.0,0.0
100925,2026-07-11,北京,electronics,0,0.9,25.9,17.7,38.2,cardboard,11.78,108.0,0.0
101729,2026-07-24,杭州,clothing,0,0.93,35.2,20.0,34.4,bubble,6.93,29.0,0.0
101250,2026-07-02,广州,ceramics,1,3.25,30.8,43.3,18.8,wood,18.89,132.0,0.0
100461,2026-01-26,广州,electronics,0,2.76,35.4,27.7,39.5,cardboard,14.48,88.0,0.0
101288,2026-03-02,武汉,electronics,0,1.97,52.6,12.0,32.7,bubble,9.56,134.0,
101918,2026-03-29,武汉,electronics,0,1.71,57.3,39.5,31.3,bubble,11.15,82.0,0.0
101169,2026-04-23,武汉,clothing,0,0.67,23.1,32.8,16.0,bubble,7.88,29.0,0.0
100959,2026-05-05,杭州,ceramics,1,3.8,34.4,16.1,34.1,cardboard,15.11,114.0,0.0
100502,2026-07-17,杭州,glass,1,1.85,27.7,42.0,15.7,cardboard,12.05,195.0,0.0
100740,2026-03-03,武汉,electronics,0,1.43,38.1,28.2,25.1,cardboard,10.44,,0.0
101879,2026-05-30,成都,ceramics,1,4.27,53.8,33.3,24.0,wood,21.24,136.0,0.0
100869,2026-04-21,北京,electronics,1,3.35,33.8,35.1,6.8,cardboard,12.26,120.0,0.0
100732,2026-07-27,上海,clothing,0,1.35,39.5,36.5,37.9,cardboard,11.7,31.0,0.0
100540,2026-02-28,深圳,ceramics,1,1.35,26.9,12.0,28.4,wood,16.51,100.0,0.0
101202,2026-01-13,上海,ceramics,1,1.67,29.1,44.7,10.5,wood,15.93,137.0,0.0
100698,2026-04-06,上海,electronics,0,4.25,31.8,22.9,6.1,cardboard,13.41,93.0,0.0
101413,2026-06-08,武汉,books,0,1.83,38.6,22.7,5.1,bubble,8.17,38.0,0.0
101396,2026-01-01,上海,books,0,0.4,27.3,19.6,36.5,bubble,7.09,45.0,0.0
101146,2026-06-22,广州,clothing,0,1.21,57.3,30.4,23.2,bubble,8.77,37.0,0.0
101032,2026-07-25,北京,ceramics,1,4.22,43.4,38.5,11.0,cardboard,15.55,137.0,0.0
100373,2026-08-22,成都,ceramics,1,3.1,28.3,33.1,24.6,cardboard,14.28,85.0,0.0
100668,2026-06-23,西安,books,0,1.85,46.9,14.9,14.7,bubble,8.81,50.0,0.0
101549,2026-03-30,上海,glass,1,4.93,40.5,40.8,15.2,cardboard,16.49,121.0,0.0
100358,2026-08-14,上海,ceramics,1,2.69,26.9,,27.7,wood,19.86,84.0,0.0
100968,2026-07-13,上海,electronics,0,3.66,25.0,31.8,15.3,cardboard,12.83,86.0,0.0
100784,2026-02-23,北京,electronics,1,3.37,26.7,23.7,23.8,wood,17.97,139.0,0.0
100736,2026-08-09,西安,clothing,0,1.14,26.7,39.4,26.0,wood,14.71,28.0,0.0
101036,2026-04-03,西安,ceramics,1,1.5,51.9,29.4,38.1,wood,15.7,128.0,0.0
100971,2026-03-24,成都,electronics,1,3.99,42.2,40.7,34.6,wood,21.63,88.0,0.0
101548,2026-06-12,深圳,glass,1,0.87,46.2,20.1,21.9,wood,15.68,203.0,0.0
101510,2026-07-07,深圳,electronics,1,1.21,40.2,24.0,39.3,wood,16.88,105.0,0.0
101547,2026-08-03,武汉,electronics,0,1.15,50.8,14.9,6.4,bubble,6.81,85.0,0.0
101369,2026-01-29,上海,ceramics,1,1.13,29.6,36.6,16.1,cardboard,10.54,126.0,0.0
101882,2026-04-24,武汉,electronics,0,0.62,33.7,22.9,39.5,bubble,6.27,97.0,0.0
101666,2026-04-10,北京,ceramics,1,3.52,33.3,37.2,24.9,wood,18.34,80.0,0.0
101253,2026-01-18,杭州,electronics,0,3.23,20.2,29.5,25.8,cardboard,12.74,98.0,0.0
101719,2026-05-14,西安,glass,1,4.47,48.9,37.1,28.9,wood,20.1,143.0,0.0
101741,2026-07-17,杭州,clothing,0,,25.4,34.4,10.1,bubble,6.38,34.0,0.0
101237,2026-03-11,西安,clothing,1,1.49,47.3,20.7,36.3,cardboard,11.93,39.0,0.0
100886,2026-01-15,杭州,glass,1,3.95,26.0,40.9,6.3,wood,21.01,160.0,0.0
100080,2026-01-03,杭州,electronics,0,4.91,54.9,23.8,16.2,cardboard,19.09,104.0,0.0
101173,2026-08-24,北京,electronics,0,3.35,23.1,17.2,38.2,bubble,12.83,83.0,0.0
100815,2026-08-18,武汉,electronics,1,1.84,56.3,35.1,26.9,wood,17.16,118.0,0.0
101304,2026-08-05,广州,electronics,0,4.86,49.9,40.6,37.1,cardboard,19.02,118.0,0.0
100672,2026-01-06,西安,glass,0,2.14,39.2,18.9,16.2,bubble,8.84,121.0,0.0
101555,2026-01-03,西安,books,0,1.19,18.8,42.8,10.7,bubble,6.0,38.0,0.0
100058,2026-01-02,武汉,clothing,0,1.4,31.8,11.7,8.8,cardboard,9.64,37.0,0.0
100134,2026-03-09,西安,electronics,1,3.75,23.5,13.8,22.4,cardboard,13.6,106.0,0.0
101141,2026-04-16,深圳,electronics,0,2.39,35.9,33.8,37.0,bubble,11.13,116.0,0.0
100934,2026-04-15,成都,electronics,0,,20.7,20.7,31.4,cardboard,14.06,83.0,0.0
101710,2026-01-03,成都,clothing,0,1.23,,35.4,7.4,bubble,7.05,33.0,0.0
100824,2026-07-27,北京,ceramics,1,3.3,51.8,34.1,6.1,wood,17.31,101.0,0.0
101215,2026-06-27,武汉,electronics,1,2.53,44.7,25.1,13.7,wood,16.23,139.0,0.0
100505,2026-07-03,上海,clothing,0,0.59,21.7,42.5,17.7,bubble,5.25,40.0,0.0
101802,2026-02-11,深圳,books,0,1.73,53.2,32.2,30.1,bubble,9.04,52.0,0.0
100348,2026-04-13,杭州,ceramics,1,2.79,39.5,19.5,16.5,cardboard,11.34,108.0,0.0
100387,2026-05-21,西安,glass,1,,53.1,12.5,6.1,cardboard,8.16,145.0,0.0
101025,2026-06-19,西安,books,0,1.47,31.3,15.7,24.3,bubble,10.56,49.0,0.0
100895,2026-06-22,北京,electronics,0,0.93,38.3,27.5,10.4,bubble,7.03,135.0,0.0
100829,2026-07-16,成都,ceramics,1,1.84,48.0,24.7,25.6,wood,16.77,109.0,0.0
101923,2026-03-19,广州,books,0,0.67,51.7,30.4,5.7,wood,13.46,44.0,0.0
100476,2026-08-08,广州,glass,1,3.79,19.8,25.3,24.8,wood,18.49,147.0,0.0
101493,2026-08-19,深圳,clothing,0,0.45,19.7,14.4,14.9,bubble,6.2,27.0,0.0
101468,2026-01-09,广州,electronics,0,4.7,33.3,12.4,37.0,wood,19.27,120.0,0.0
101495,2026-08-02,武汉,clothing,0,1.1,27.4,23.2,32.4,bubble,5.98,33.0,0.0
100653,2026-04-09,西安,glass,1,1.48,27.2,29.4,22.2,cardboard,10.74,131.0,0.0
100173,2026-06-13,SHENZHEN,ceramics,1,1.82,41.2,10.8,34.7,wood,16.08,106.0,0.0
101150,2026-08-30,广州,electronics,1,2.5,33.7,41.2,14.6,cardboard,11.37,116.0,0.0
100039,2026-03-01,北京,electronics,0,4.6,15.2,11.8,26.2,wood,18.3,130.0,0.0
100714,2026-07-28,北京,ceramics,1,0.94,48.6,26.2,5.6,cardboard,8.23,121.0,0.0
100091,2026-07-13,上海,clothing,0,0.48,43.8,10.1,39.8,bubble,6.39,32.0,0.0
101967,2026-04-02,深圳,clothing,0,,42.2,16.1,11.7,bubble,7.45,27.0,0.0
101206,2026-05-24,杭州,electronics,1,4.99,44.4,41.6,38.9,bubble,15.49,126.0,0.0
100876,2026-04-17,武汉,glass,1,2.6,35.6,39.7,33.0,wood,18.08,197.0,0.0
101565,2026-07-04,广州,electronics,0,3.7,15.4,18.1,26.2,cardboard,14.81,129.0,0.0
101920,2026-02-27,武汉,books,0,1.4,18.7,22.5,26.3,cardboard,9.95,55.0,0.0
101094,2026-07-06,西安,glass,1,3.06,21.3,13.1,20.4,wood,16.61,152.0,0.0
101156,2026-07-16,西安,books,0,0.57,50.1,44.8,16.0,bubble,6.38,49.0,0.0
101792,2026-06-11,北京,glass,1,4.82,43.8,43.4,16.9,wood,21.89,192.0,0.0
101989,2026-01-07,成都市,electronics,0,3.89,,,21.7,cardboard,13.62,118.0,0.0
100500,2026-07-31,武汉,electronics,1,1.65,20.1,31.9,35.6,cardboard,12.17,104.0,0.0
100339,2026-04-19,杭州,clothing,0,0.76,58.3,18.7,29.8,bubble,7.75,40.0,0.0
101189,2026-02-05,广州,glass,1,3.05,50.2,23.4,6.2,wood,17.58,184.0,0.0
100029,2026-02-27,广州,electronics,0,1.13,25.5,22.9,17.8,bubble,7.0,121.0,0.0
101218,2026-02-08,杭州,electronics,0,1.56,32.9,18.5,23.8,bubble,8.25,139.0,0.0
101344,2026-04-27,广州,ceramics,1,1.85,47.9,28.1,5.2,cardboard,9.66,135.0,1.0
101849,2026-03-03,深圳,clothing,0,0.23,23.3,19.9,33.9,bubble,5.32,41.0,0.0
100946,2026-05-28,武汉,electronics,0,0.58,23.5,24.8,14.2,cardboard,9.41,86.0,0.0
100170,2026-04-20,西安,ceramics,1,3.16,24.2,28.5,34.1,cardboard,13.91,139.0,0.0
101425,2026-08-26,北京,clothing,1,1.47,20.2,41.9,37.7,cardboard,10.59,35.0,0.0
101198,2026-06-28,广州,glass,1,2.37,52.6,10.3,19.3,cardboard,10.71,168.0,1.0
101254,2026-01-03,武汉,books,0,0.55,45.1,28.1,38.8,bubble,8.31,38.0,0.0
101419,2026-02-04,深圳,glass,1,3.47,54.7,36.4,37.3,wood,22.01,158.0,0.0
100913,2026-08-20,武汉,ceramics,1,2.33,15.6,23.6,30.8,wood,14.95,109.0,0.0
100492,2026-08-27,深圳,electronics,0,3.99,47.7,26.4,6.1,cardboard,12.87,101.0,0.0
100954,2026-06-19,北京,ceramics,1,1.11,39.7,37.4,10.7,cardboard,9.07,90.0,0.0
101098,2026-08-25,深圳,electronics,0,1.82,32.6,23.6,9.1,bubble,9.79,88.0,0.0
101033,2026-07-10,广州,electronics,0,4.54,27.9,32.7,11.7,cardboard,15.23,100.0,0.0
100588,2026-01-24,深圳,ceramics,1,4.47,17.0,37.7,19.8,wood,21.55,125.0,0.0
100751,2026-07-07,西安,clothing,0,650.0,58.9,,14.3,cardboard,10.94,37.0,0.0
100658,2026-03-13,武汉,clothing,0,1.27,54.6,16.9,32.5,bubble,9.49,33.0,0.0
100235,2026-02-18,深圳,electronics,1,4.67,18.5,16.8,5.1,cardboard,14.18,89.0,0.0
100733,2026-06-04,西安,books,0,1.45,35.2,44.5,22.1,cardboard,11.11,55.0,0.0
100668,2026-06-23,西安,books,0,,46.9,14.9,14.7,bubble,8.81,50.0,0.0
101656,2026-01-11,成都,ceramics,1,3.17,34.9,11.6,21.4,wood,15.49,127.0,0.0
101157,2026-02-12,上海,electronics,0,1.43,18.6,39.8,17.0,bubble,6.94,134.0,0.0
101492,2026-02-11,上海,clothing,0,1.38,35.7,42.2,22.0,bubble,8.85,40.0,0.0
101445,2026-03-24,武汉,electronics,1,4.17,55.4,10.1,30.9,wood,18.24,117.0,0.0
101651,2026-08-16,北京,glass,1,2.93,21.3,22.7,24.4,cardboard,12.58,203.0,0.0
100935,2026-02-02,杭州,clothing,0,0.75,26.0,30.1,26.4,bubble,7.92,34.0,0.0
101210,2026-04-26,SHENZHEN,ceramics,1,4.16,37.9,19.1,20.8,wood,19.98,109.0,0.0
101066,2026-06-01,武汉,clothing,0,0.95,28.1,24.5,36.6,bubble,7.54,29.0,0.0
100109,2026-04-04,武汉,clothing,0,1.47,24.9,33.0,,cardboard,8.47,33.0,0.0
101566,2026-01-15,深圳,electronics,0,1.13,43.5,40.4,,bubble,8.7,107.0,0.0
100569,2026-05-30,杭州,electronics,0,3.67,18.4,38.0,6.3,cardboard,12.66,93.0,0.0
101168,2026-06-29,北京,electronics,0,1.22,26.9,33.8,10.3,bubble,7.84,87.0,0.0
101175,2026-08-22,SHENZHEN,ceramics,1,2.45,38.1,26.6,14.3,cardboard,12.0,130.0,0.0
100891,2026-06-30,武汉,glass,1,2.4,58.5,16.1,5.9,wood,16.09,199.0,0.0
100948,2026-05-10,深圳,glass,0,2.4,39.5,11.3,34.7,bubble,11.38,144.0,0.0
101049,2026-01-28,深圳,ceramics,1,1.21,24.2,43.6,30.2,cardboard,8.96,112.0,0.0
101371,2026-07-22,上海,ceramics,1,2.24,34.2,32.8,21.1,wood,18.57,130.0,0.0
101954,2026-08-05,深圳,clothing,0,1.21,55.1,43.2,21.0,bubble,7.56,,0.0
101467,2026-06-29,武汉,clothing,0,1.38,26.1,31.8,9.9,cardboard,8.86,,0.0
100885,2026-08-07,杭州,clothing,0,1.23,52.7,14.7,38.5,bubble,8.66,24.0,0.0
101698,2026-04-09,西安,glass,1,2.56,57.5,19.4,8.6,cardboard,11.01,140.0,0.0
100851,2026-07-27,深圳,clothing,0,0.31,,17.6,40.0,bubble,6.64,27.0,0.0
100735,2026-06-28,上海,electronics,0,1.69,53.7,12.7,23.5,cardboard,9.76,91.0,0.0
100718,2026-08-12,西安,books,0,0.81,37.9,,39.5,bubble,8.17,52.0,0.0
100455,2026-01-19,上海,clothing,1,0.42,49.8,32.8,29.6,cardboard,9.92,33.0,0.0
100265,2026-08-02,北京,books,0,1.83,39.0,33.6,21.0,cardboard,11.15,52.0,0.0
100076,2026-06-24,西安,electronics,0,4.43,39.9,23.9,28.7,cardboard,16.74,125.0,0.0
101682,2026-02-10,北京,books,0,0.65,21.0,20.3,27.2,bubble,6.98,53.0,0.0
100445,2026-06-03,广州,electronics,0,,36.6,17.7,,bubble,9.75,109.0,0.0
100396,2026-06-02,成都,clothing,0,0.44,17.3,41.2,29.2,bubble,5.95,32.0,0.0
100177,2026-05-06,西安,electronics,0,2.55,,42.4,12.0,cardboard,13.01,135.0,0.0
101043,2026-08-27,北京,books,0,2.65,19.7,10.9,,bubble,9.77,40.0,0.0
101762,2026-01-10,深圳,clothing,0,0.9,52.1,16.3,26.9,bubble,8.55,26.0,0.0
101422,2026-07-28,成都,books,0,2.03,46.2,44.2,13.5,bubble,10.83,33.0,0.0
101770,2026-06-07,西安,glass,1,4.17,58.4,27.4,7.1,wood,18.25,199.0,0.0
101799,2026-07-30,西安,glass,0,2.42,19.0,34.5,11.8,bubble,8.97,189.0,0.0
100596,2026-07-02,西安,electronics,0,2.54,57.5,25.3,29.2,cardboard,12.23,116.0,0.0
100062,2026-03-15,深圳,clothing,0,0.97,37.4,14.7,17.8,bubble,5.94,24.0,0.0
101297,2026-04-12,深圳,ceramics,1,1.38,30.3,23.0,35.9,wood,15.13,132.0,0.0
100873,2026-04-06,西安,ceramics,1,1.67,15.5,12.5,25.8,cardboard,10.81,123.0,0.0
101513,2026-03-04,广州,ceramics,1,3.27,44.2,27.3,23.5,cardboard,12.52,86.0,0.0
101909,2026-08-02,武汉市,electronics,0,3.51,46.5,28.4,19.4,wood,19.2,139.0,0.0
100279,2026-01-17,武汉,electronics,0,4.47,33.4,16.4,30.6,cardboard,15.81,137.0,0.0
100037,2026-06-16,广州,clothing,0,0.58,28.6,,32.3,bubble,6.46,39.0,0.0
101539,2026-01-04,上海,electronics,0,4.43,53.2,32.1,10.0,bubble,13.33,126.0,0.0
100663,2026-07-17,武汉,electronics,0,4.59,44.7,40.8,21.7,cardboard,15.93,84.0,0.0
101835,2026-01-15,深圳,clothing,0,1.46,43.7,42.0,29.2,cardboard,11.86,37.0,0.0
101465,2026-08-07,上海,clothing,0,1.33,57.5,29.3,17.8,cardboard,9.97,36.0,0.0
100978,2026-07-26,深圳,electronics,0,1.86,21.7,21.7,36.0,bubble,7.82,109.0,0.0
101595,2026-01-05,杭州,glass,1,1.85,45.3,26.5,11.2,wood,16.56,172.0,0.0
100739,2026-06-05,杭州,glass,1,3.13,29.6,19.9,14.1,cardboard,12.01,174.0,0.0
100192,2026-01-18,西安,clothing,0,1.13,22.3,28.2,23.7,cardboard,9.38,24.0,
100920,2026-08-21,北京,glass,1,4.49,53.0,29.5,12.4,wood,20.51,152.0,0.0
100457,2026-03-17,杭州,ceramics,1,3050.0,41.6,10.9,5.3,wood,16.22,111.0,0.0
100676,2026-03-07,深圳,clothing,0,1.26,17.2,32.9,27.5,cardboard,10.41,29.0,0.0
100761,2026-05-18,深圳,glass,1,2.58,19.9,20.9,11.0,wood,16.23,172.0,0.0
101836,2026-04-08,武汉,books,0,2.25,16.8,37.1,18.5,bubble,10.61,51.0,0.0
101626,2026-07-19,杭州市,ceramics,1,999.0,48.9,,13.9,cardboard,11.64,105.0,
100729,2026-06-21,武汉,glass,1,999.0,41.6,30.7,17.8,bubble,10.3,120.0,0.0
101400,2026-02-28,武汉,ceramics,1,1.54,37.9,23.8,35.8,wood,15.22,127.0,0.0
100413,2026-06-21,西安,ceramics,1,4.0,17.2,11.0,39.6,wood,17.38,96.0,0.0
101099,2026-06-18,成都,glass,1,3.32,46.4,13.6,15.7,cardboard,13.14,,0.0
100826,2026-05-20,成都,electronics,0,3.2,40.0,44.0,,cardboard,13.35,122.0,0.0
101520,2026-05-13,上海,clothing,0,1.04,18.4,30.4,8.6,bubble,7.49,34.0,0.0
100617,2026-04-29,深圳,glass,1,2.17,43.4,29.4,32.0,wood,16.98,134.0,0.0
100115,2026-03-21,深圳,ceramics,1,4.49,29.6,43.2,25.2,wood,21.36,138.0,0.0
100418,2026-03-24,西安,glass,1,3.87,59.0,25.2,11.4,wood,18.07,176.0,0.0
101941,2026-07-18,上海,electronics,0,2.32,22.0,25.8,36.7,bubble,10.82,95.0,0.0
100970,2026-01-09,北京,clothing,0,1.3,52.3,40.6,21.8,bubble,8.11,33.0,0.0
100605,2026-01-19,上海,clothing,0,0.75,21.1,39.7,13.9,bubble,7.65,32.0,0.0
101949,2026-02-08,成都,clothing,0,0.67,23.9,37.1,34.7,cardboard,8.26,30.0,0.0
100090,2026-01-14,武汉,clothing,0,1.16,56.4,21.9,6.8,cardboard,10.65,35.0,0.0
100849,2026-05-19,杭州,ceramics,1,0.88,30.6,35.4,29.0,cardboard,10.94,118.0,0.0
101543,2026-01-20,西安,ceramics,1,1.8,49.0,17.0,24.8,bubble,9.74,91.0,0.0
101948,2026-07-08,北京,electronics,0,0.95,56.8,39.2,30.3,bubble,10.68,85.0,0.0
100754,2026-03-14,广州,glass,1,,20.4,34.2,28.4,cardboard,8.32,200.0,0.0
100499,2026-03-17,广州,electronics,0,2.35,44.8,18.3,16.3,cardboard,13.24,137.0,0.0
101277,2026-07-03,深圳,clothing,0,0.7,58.2,36.5,27.6,bubble,7.8,36.0,0.0
101326,2026-08-26,广州,books,0,,38.9,35.8,39.2,cardboard,13.94,40.0,0.0
100012,2026-03-14,西安,ceramics,1,1.11,37.2,21.5,10.1,wood,15.64,90.0,0.0
100397,2026-01-09,广州,electronics,0,2.94,48.5,14.1,21.6,bubble,9.77,105.0,0.0
100285,2026-01-18,武汉,ceramics,1,4.29,19.4,11.5,30.2,cardboard,14.4,83.0,0.0
101067,2026-06-27,深圳,clothing,0,0.35,45.1,33.5,38.6,bubble,7.37,34.0,0.0
101192,2026-04-02,上海,ceramics,1,2.88,51.0,22.1,23.0,cardboard,14.55,86.0,0.0
101771,2026-07-29,广州,electronics,0,3.12,38.6,33.8,26.1,bubble,12.93,99.0,0.0
100691,2026-05-04,成都,electronics,0,1.95,48.4,33.4,19.5,bubble,9.53,97.0,0.0
101655,2026-05-20,成都,clothing,0,0.27,47.3,12.8,16.8,wood,13.36,35.0,0.0
101906,2026-08-05,西安,clothing,0,0.5,24.7,40.9,10.1,cardboard,8.45,35.0,0.0
100690,2026-06-17,武汉,electronics,0,3.67,59.9,44.5,22.9,cardboard,15.17,139.0,0.0
100852,2026-04-11,武汉,glass,1,2.86,38.2,41.0,33.6,wood,21.57,176.0,0.0
100160,2026-02-02,北京,clothing,0,0.65,58.8,41.6,37.3,cardboard,12.07,27.0,0.0
100896,2026-03-28,广州,glass,1,0.8,56.6,11.5,33.7,wood,15.16,138.0,0.0
101841,2026-01-17,杭州,clothing,0,0.2,20.7,21.4,11.4,bubble,4.83,25.0,0.0
100258,2026-04-03,深圳,glass,1,2.74,43.9,32.7,14.5,cardboard,15.06,190.0,0.0
100336,2026-01-10,深圳,glass,1,0.96,39.4,36.3,19.8,wood,14.19,122.0,0.0
101910,2026-07-17,西安,electronics,0,4.01,42.2,36.3,11.9,wood,18.4,104.0,0.0
101040,2026-05-30,广州,electronics,1,3.87,17.4,41.4,5.2,wood,17.78,119.0,0.0
100516,2026-07-04,北京,electronics,0,3.1,54.0,,11.1,cardboard,11.65,80.0,0.0
101349,2026-05-20,深圳,ceramics,1,1.59,25.7,34.1,15.8,cardboard,10.7,87.0,0.0
101016,2026-04-30,上海,electronics,0,2.09,44.7,30.7,27.7,cardboard,10.5,90.0,0.0
100769,2026-05-05,武汉,glass,1,2.91,35.2,38.1,19.6,wood,18.45,140.0,0.0
101914,2026-08-16,杭州,glass,1,,33.5,35.4,15.3,cardboard,11.2,151.0,0.0
100762,2026-08-04,武汉,ceramics,1,3.28,46.6,12.1,23.9,wood,17.29,138.0,0.0
101247,2026-05-03,成都,glass,1,3.98,38.0,23.0,38.1,cardboard,14.94,173.0,0.0
101204,2026-08-28,武汉,clothing,0,0.67,30.3,16.9,22.9,cardboard,8.51,31.0,0.0
101490,2026-04-12,西安,electronics,0,3.92,38.8,32.9,21.8,bubble,13.77,88.0,0.0
100824,2026-07-27,北京,ceramics,1,3.3,51.8,34.1,6.1,wood,17.31,101.0,0.0
100522,2026-03-22,武汉,clothing,0,1.08,57.9,43.9,38.9,cardboard,13.28,37.0,0.0
100023,2026-03-08,SHENZHEN,electronics,0,,42.1,24.4,18.1,bubble,11.68,132.0,0.0
100357,2026-06-08,杭州,electronics,0,4.4,24.3,29.6,23.8,bubble,13.47,134.0,0.0
101278,2026-04-09,广州市,ceramics,1,2.51,31.0,25.0,25.3,wood,17.38,122.0,0.0
101313,2026-02-26,广州,ceramics,1,3.06,49.5,33.2,9.6,wood,17.1,136.0,0.0
101916,2026-01-28,深圳,clothing,0,1.05,23.8,15.9,30.0,bubble,6.81,32.0,0.0
100341,2026-06-03,深圳,electronics,0,3.73,28.9,17.0,8.0,cardboard,13.0,125.0,0.0
100432,2026-04-09,北京,clothing,0,0.34,31.4,26.9,37.3,bubble,6.65,41.0,0.0
100474,2026-03-25,杭州,electronics,0,4.83,35.2,23.1,6.3,cardboard,14.73,86.0,0.0
100218,2026-02-23,武汉,clothing,1,0.67,59.6,19.0,11.6,cardboard,10.23,34.0,0.0
100912,2026-06-04,北京,glass,1,3.42,36.2,32.3,20.0,wood,19.08,120.0,0.0
101228,2026-08-28,西安,electronics,1,1.68,19.8,31.2,25.9,cardboard,11.19,92.0,0.0
101620,2026-07-10,深圳,electronics,0,2.33,48.7,22.7,37.2,bubble,11.88,111.0,0.0
101012,2026-07-18, 上海,electronics,1,3.57,19.9,34.2,9.9,wood,18.19,125.0,0.0
101980,2026-05-11,武汉,clothing,0,0.4,20.2,27.4,24.1,bubble,5.21,24.0,0.0
100094,2026-06-19,深圳,glass,1,3.9,47.4,27.8,36.7,wood,21.48,150.0,0.0
101009,2026-01-21,杭州,ceramics,1,1.2,37.4,15.8,17.7,cardboard,9.79,134.0,0.0
101071,2026-05-14,成都,ceramics,1,3.53,22.5,20.1,31.7,wood,18.74,124.0,0.0
101093,2026-04-16,杭州,ceramics,1,2.77,18.1,38.1,37.3,wood,17.17,122.0,0.0
101609,2026-01-02,深圳,glass,1,3.75,28.7,19.5,,cardboard,11.34,209.0,0.0
101309,2026-06-22,北京,clothing,0,1.16,56.5,29.8,19.2,cardboard,9.53,31.0,0.0
100697,2026-05-08,武汉,glass,1,2.77,58.4,41.9,39.1,wood,19.37,160.0,0.0
101821,2026-02-05,北京,ceramics,1,3.84,16.7,41.5,39.1,cardboard,14.89,129.0,0.0
100997,2026-04-08,西安,ceramics,1,2.05,21.3,34.9,12.8,wood,13.66,95.0,0.0
101459,2026-06-11,北京,electronics,0,0.68,29.4,33.4,22.0,bubble,6.93,86.0,0.0
100154,2026-03-23,武汉,ceramics,1,2.96,56.1,18.6,30.8,cardboard,12.96,91.0,0.0
101100,2026-06-21,西安,electronics,0,3340.0,47.4,12.5,,cardboard,12.56,91.0,0.0
101744,2026-05-15,杭州,glass,1,4.1,28.8,43.6,31.6,cardboard,14.06,164.0,0.0
101642,2026-04-28,广州,books,0,2.15,25.1,41.0,19.7,cardboard,10.01,47.0,0.0
100790,2026-05-27,北京,electronics,0,1.01,24.5,22.0,21.7,bubble,8.01,82.0,0.0
100581,2026-02-06,上海,ceramics,1,3.61,40.1,38.5,10.6,wood,19.73,111.0,1.0
101471,2026-08-15,杭州,ceramics,1,,39.0,43.3,16.3,cardboard,11.58,124.0,1.0
100704,2026-07-23,广州,clothing,0,0.55,34.1,41.8,9.2,bubble,7.09,34.0,0.0
101213,2026-01-03,成都,glass,1,,28.5,43.9,18.3,wood,13.95,147.0,0.0
101296,2026-02-20,成都,books,0,1.39,22.8,32.3,20.0,bubble,8.85,49.0,0.0
101691,2026-04-15,成都,clothing,0,0.22,29.9,25.2,12.8,bubble,5.15,28.0,0.0
101261,2026-04-24,深圳,books,0,2.73,56.4,41.2,36.0,cardboard,16.62,50.0,0.0
100488,2026-03-14,广州,glass,1,4.09,21.5,44.9,6.1,wood,19.89,181.0,0.0
100560,2026-04-07,深圳,ceramics,1,2.06,44.4,31.1,21.1,cardboard,10.45,138.0,0.0
101142,2026-04-11,北京,glass,1,4.91,22.2,16.2,,wood,20.31,149.0,0.0
101120,2026-05-21,武汉,electronics,1,2.7,47.7,31.7,20.7,wood,18.16,132.0,0.0
100802,2026-01-05,上海,electronics,1,3.0,32.6,12.9,27.7,wood,18.88,121.0,0.0
100513,2026-02-15,广州,glass,1,3.42,18.7,25.2,11.4,wood,17.82,173.0,0.0
100634,2026-07-14,北京,electronics,0,4.04,58.5,19.6,31.8,bubble,12.83,115.0,0.0
101502,2026-03-09,武汉,glass,1,4.55,28.8,26.9,12.7,wood,20.98,175.0,0.0
101815,2026-04-28,武汉,glass,1,4.07,34.6,28.8,6.8,wood,18.13,197.0,0.0
101569,2026-02-01,杭州,electronics,0,0.76,15.3,41.5,11.1,bubble,5.48,101.0,0.0
101151,2026-01-30,深圳,electronics,0,0.92,40.8,44.3,16.1,cardboard,9.16,87.0,0.0
100791,2026-08-30,北京,glass,1,3.82,47.2,10.1,5.9,cardboard,12.08,167.0,0.0
100117,2026-04-04,深圳,glass,1,2.52,56.7,42.6,18.7,cardboard,11.73,171.0,0.0
101498,2026-07-15,杭州,books,0,0.98,20.9,35.5,20.6,cardboard,10.15,37.0,0.0
100741,2026-05-14,西安,electronics,0,1.59,39.9,18.1,12.8,bubble,8.08,121.0,0.0
101776,2026-01-22,西安,electronics,0,4.51,17.6,37.4,,wood,17.9,115.0,0.0
101082,2026-08-30,广州市,clothing,0,1.23,34.9,36.0,29.5,bubble,9.31,27.0,0.0
100831,2026-02-20,深圳,electronics,0,2.06,58.8,26.5,37.0,bubble,12.93,93.0,0.0
100120,2026-05-18,武汉,electronics,0,670.0,16.2,36.0,34.8,bubble,5.07,80.0,0.0
100657,2026-01-26,广州,electronics,0,1.39,50.2,22.8,26.9,bubble,9.82,114.0,0.0
101938,2026-03-09,北京,clothing,0,0.46,52.9,27.3,26.3,bubble,8.04,27.0,0.0
100636,2026-05-20,杭州,clothing,0,1.17,38.8,41.2,20.9,bubble,7.4,24.0,0.0
100370,2026-08-31,上海,ceramics,1,1.24,46.3,41.9,11.3,wood,15.39,105.0,0.0
100269,2026-08-10,北京,electronics,0,4.61,22.1,10.4,13.7,cardboard,13.9,138.0,0.0
100656,2026-08-22,广州,electronics,0,1.39,44.7,13.7,5.9,cardboard,10.4,139.0,0.0
100936,2026-02-02,杭州,electronics,1,3.66,37.0,30.0,40.0,wood,21.81,100.0,0.0
100823,2026-01-17,广州,books,0,1.59,42.1,22.6,25.9,cardboard,10.34,37.0,0.0
100867,2026-06-21,广州,ceramics,1,3.38,56.4,14.0,27.0,wood,17.59,81.0,0.0
100047,2026-08-08,北京,glass,1,1.29,,19.8,16.7,bubble,7.04,186.0,0.0
101374,2026-02-24,深圳,ceramics,1,2.88,26.2,36.4,19.4,wood,18.63,82.0,0.0
101746,2026-06-08,成都,electronics,0,2.09,47.2,36.7,24.9,cardboard,12.65,82.0,0.0
100992,2026-08-01,SHENZHEN,electronics,0,1.32,55.3,22.6,14.0,bubble,8.43,,0.0
100877,2026-03-06,西安,glass,1,1.0,31.2,36.6,14.2,cardboard,7.98,186.0,0.0
100774,2026-08-10,上海,glass,1,4.86,52.5,38.7,29.3,wood,23.3,123.0,0.0
101220,2026-02-19,广州,glass,1,2.19,20.3,37.3,8.7,wood,15.98,156.0,0.0
101771,2026-07-29,广州,electronics,0,3.12,,33.8,26.1,bubble,12.93,99.0,0.0
100005,2026-04-25,成都,clothing,0,1.25,45.7,14.9,12.0,cardboard,9.48,35.0,0.0
101004,2026-03-22,西安,electronics,0,1.65,33.7,30.2,13.1,cardboard,10.05,100.0,0.0
101750,2026-06-06,深圳,electronics,0,0.85,23.3,10.3,5.8,cardboard,8.17,114.0,0.0
100264,2026-05-25,北京,electronics,0,3.3,56.9,15.2,39.9,cardboard,14.08,138.0,0.0
101593,2026-07-18,深圳,glass,1,,50.1,29.0,,wood,18.09,152.0,0.0
101859,2026-02-10,成都,electronics,0,3.81,56.1,38.9,31.0,cardboard,17.24,109.0,0.0
100444,2026-03-20,上海,electronics,0,3.19,53.7,39.6,8.8,cardboard,14.64,139.0,
101003,2026-08-12,成都,clothing,0,1.35,26.4,14.7,17.8,bubble,6.27,29.0,0.0
101078,2026-07-16,武汉,ceramics,1,3.35,32.0,37.7,6.4,wood,17.13,115.0,0.0
100838,2026-02-23,成都,clothing,0,1.22,50.7,30.9,36.8,cardboard,13.97,30.0,0.0
101818,2026-08-30,成都,clothing,0,1.0,25.9,10.6,34.9,bubble,5.98,26.0,0.0
100305,2026-05-18,成都,clothing,1,0.71,16.7,21.5,22.3,wood,12.77,32.0,0.0
101366,2026-06-29,武汉,clothing,0,0.32,59.1,39.7,34.6,bubble,9.36,39.0,0.0
101581,2026-03-02,成都,books,0,0.32,34.7,13.9,32.3,bubble,5.52,45.0,0.0
100314,2026-02-18,西安,clothing,0,0.63,40.2,10.0,6.2,bubble,6.76,40.0,0.0
100150,2026-03-08,上海,electronics,0,1.33,50.8,41.8,33.1,cardboard,12.93,95.0,0.0
101149,2026-01-28,成都,ceramics,1,1.79,47.9,43.2,12.8,wood,14.78,113.0,0.0
101214,2026-04-15,武汉,ceramics,1,0.9,,42.8,36.8,wood,16.54,127.0,0.0
100575,2026-04-22,上海,glass,1,1.85,37.9,26.4,31.1,bubble,9.55,150.0,0.0
100051,2026-07-24,武汉,electronics,1,4.58,28.1,27.2,25.5,wood,17.91,94.0,0.0
101576,2026-05-15,西安,ceramics,1,2.75,57.6,11.4,,cardboard,11.1,82.0,0.0
100727,2026-01-25,广州,electronics,0,3.99,51.7,39.4,25.6,cardboard,16.64,120.0,0.0
100834,2026-06-04,广州,books,0,2330.0,42.4,36.4,28.1,bubble,8.89,44.0,0.0
101378,2026-08-21,武汉,electronics,1,,51.1,37.7,26.0,wood,20.61,82.0,0.0
101116,2026-05-11, 上海,ceramics,1,3450.0,44.5,36.7,40.0,cardboard,16.15,88.0,0.0
101167,2026-08-06,西安,books,0,0.69,43.4,11.3,7.7,bubble,5.87,45.0,0.0
100471,2026-04-20,西安,ceramics,1,2.75,15.1,33.6,6.9,wood,15.6,111.0,0.0
100972,2026-03-24,杭州,electronics,0,3.03,44.1,33.7,34.1,cardboard,14.85,90.0,0.0
100654,2026-08-06,上海,clothing,0,1.1,15.3,44.4,26.2,cardboard,9.85,24.0,0.0
100400,2026-05-26,广州,ceramics,1,2.13,49.0,15.5,32.2,wood,15.97,81.0,0.0
100512,2026-06-03,武汉市,glass,1,1.1,26.8,34.9,6.7,cardboard,7.85,191.0,
100321,2026-06-02,成都,ceramics,1,2.4,52.7,27.0,6.7,wood,16.28,89.0,0.0
100020,2026-01-20,深圳,ceramics,1,3.37,51.2,35.0,30.9,wood,20.19,135.0,0.0
100685,2026-05-19,成都,glass,0,3.52,28.7,28.6,6.9,cardboard,14.15,199.0,1.0
100036,2026-01-24,深圳,books,0,2.24,53.3,32.3,9.3,cardboard,12.99,32.0,0.0
100903,2026-03-23,武汉,clothing,0,0.94,51.9,18.4,27.1,cardboard,10.26,41.0,1.0
101806,2026-02-03,成都,glass,1,3.52,39.5,36.4,34.1,wood,19.22,194.0,0.0
100828,2026-06-18,广州,electronics,0,3.05,42.4,43.6,35.5,cardboard,13.88,137.0,0.0
101825,2026-01-06,杭州,electronics,0,4.31,30.9,,39.3,wood,20.48,120.0,0.0
100408,2026-07-30,武汉,ceramics,1,3.72,27.6,37.2,8.9,cardboard,14.13,111.0,0.0
100921,2026-01-04,深圳,electronics,0,4.21,38.3,42.2,5.3,wood,19.61,120.0,0.0
100538,2026-03-02,北京,electronics,1,2.6,28.6,29.7,10.9,cardboard,13.0,132.0,0.0
100759,2026-07-30,北京,ceramics,1,1.23,22.7,41.5,22.0,wood,13.85,138.0,0.0
101935,2026-08-02,深圳,electronics,0,4.82,54.6,40.2,6.4,bubble,15.62,100.0,0.0
101063,2026-07-18,广州,ceramics,1,1.1,42.6,11.9,8.3,cardboard,7.71,132.0,0.0
101200,2026-01-14,广州,electronics,0,4.71,38.3,29.4,28.4,cardboard,16.74,114.0,0.0
100246,2026-05-16,成都,clothing,0,1.1,51.6,34.8,21.4,bubble,8.52,27.0,0.0
101417,2026-07-12,上海,ceramics,1,1.6,33.3,27.9,6.1,wood,16.57,137.0,0.0
101128,2026-01-25,北京,glass,1,0.85,44.3,41.1,39.9,wood,17.58,196.0,0.0
100785,2026-04-11,北京,glass,1,2.15,26.1,26.1,27.6,cardboard,12.09,208.0,0.0
101794,2026-07-06,深圳,glass,1,3.5,46.5,29.3,32.0,wood,20.43,197.0,0.0
100490,2026-04-01,成都,glass,1,4.71,59.0,,20.2,wood,20.34,149.0,0.0
100155,2026-05-30,西安,books,0,2.25,30.8,32.3,21.6,bubble,10.87,41.0,0.0
100962,2026-07-22,深圳,clothing,0,,18.2,41.4,30.6,bubble,7.33,38.0,0.0
100854,2026-05-29,西安市,glass,1,3.78,20.7,34.6,27.6,wood,17.64,142.0,0.0
101312,2026-03-19,广州,clothing,0,1.23,40.7,36.2,12.6,cardboard,10.29,34.0,0.0
100626,2026-05-07,西安,ceramics,1,3.1,24.5,15.4,9.3,wood,18.25,116.0,0.0
100686,2026-01-31,北京,electronics,0,1.5,28.5,21.3,34.9,bubble,8.25,,0.0
101992,2026-08-24,上海,electronics,1,4.13,15.6,29.4,26.0,wood,19.55,111.0,0.0
100570,2026-04-22,北京,electronics,0,0.66,44.5,36.2,7.1,cardboard,8.42,103.0,0.0
101939,2026-08-03,武汉,ceramics,1,3.06,16.2,41.3,29.3,wood,16.9,89.0,0.0
100018,2026-06-24,武汉,electronics,0,3.86,25.8,14.3,34.1,bubble,11.63,115.0,0.0
100128,2026-01-31,西安,electronics,0,4.86,27.9,43.8,8.3,cardboard,16.53,129.0,0.0
101347,2026-06-05,北京,clothing,0,0.72,38.7,11.7,7.3,cardboard,9.15,35.0,0.0
101280,2026-05-05,上海,electronics,0,4.66,25.9,41.7,39.7,wood,22.76,126.0,0.0
101999,2026-04-03,北京,glass,1,3.46,37.9,12.4,13.3,wood,18.18,122.0,0.0
100928,2026-05-28,北京,electronics,0,770.0,,33.2,29.8,bubble,9.0,124.0,0.0
100981,2026-01-10,成都,electronics,0,2.98,28.2,18.0,37.7,cardboard,12.91,98.0,0.0
101995,2026-07-13,北京,electronics,1,2.43,21.1,21.8,12.0,wood,15.75,90.0,0.0
100191,2026-02-24,杭州,books,0,1.23,20.6,18.3,31.1,bubble,7.61,54.0,0.0
101140,2026-06-10,广州,books,0,1.41,42.3,19.0,14.4,cardboard,11.17,54.0,0.0
100993,2026-03-11,西安,electronics,0,4.03,56.3,33.1,37.5,cardboard,15.49,136.0,0.0
101986,2026-08-19,成都,glass,1,2.89,30.8,37.6,11.8,cardboard,12.09,133.0,0.0
101681,2026-06-15,北京市,ceramics,1,4.45,49.2,35.0,38.8,wood,22.2,103.0,0.0
100607,2026-05-24,深圳,ceramics,1,4.08,25.0,22.3,38.0,cardboard,14.81,108.0,0.0
100181,2026-04-11,深圳,ceramics,1,4.23,59.4,15.3,8.1,cardboard,13.38,84.0,0.0
100302,2026-02-18,武汉,electronics,1,3.82,29.0,10.4,20.2,wood,18.75,116.0,0.0
100497,2026-01-14,上海,clothing,0,1.23,19.3,32.1,7.2,bubble,6.0,36.0,0.0
101721,2026-01-13,上海,glass,1,4.68,50.2,24.9,5.4,cardboard,13.93,133.0,0.0
101735,2026-04-08,北京,electronics,0,3.48,24.2,14.2,17.7,cardboard,12.73,85.0,0.0
100927,2026-01-10,成都,ceramics,1,1.56,15.4,24.6,5.1,cardboard,8.55,113.0,0.0
101867,2026-02-14,杭州,clothing,0,1.06,52.3,28.9,39.7,bubble,8.69,34.0,0.0
100518,2026-05-31,杭州,electronics,1,4.21,49.1,28.8,19.5,wood,19.77,83.0,0.0
100588,2026-01-24,深圳,ceramics,1,4.47,17.0,37.7,19.8,wood,21.55,125.0,0.0
101070,2026-07-26,上海,ceramics,1,3.16,29.5,37.1,11.6,cardboard,13.98,119.0,0.0
100477,2026-04-19,武汉,glass,1,3.54,19.6,38.8,21.8,wood,18.76,192.0,0.0
100158,2026-07-13,上海,electronics,0,3.87,48.6,41.0,12.6,cardboard,14.86,94.0,0.0
101244,2026-05-11,上海,electronics,0,4.42,38.5,14.3,32.1,wood,19.24,136.0,0.0
101196,2026-02-08,西安,electronics,0,4.32,20.3,27.5,17.4,wood,20.96,107.0,0.0
100017,2026-04-10,广州,glass,1,4.97,55.1,41.3,23.2,cardboard,18.9,179.0,0.0
101536,2026-05-23,西安,electronics,1,1.13,22.4,34.1,33.6,wood,16.36,139.0,0.0
101073,2026-08-03,深圳,ceramics,1,1.68,50.4,21.4,32.5,cardboard,11.13,97.0,0.0
100460,2026-01-11,广州市,ceramics,1,3.03,22.3,20.6,10.1,wood,16.32,117.0,0.0
100547,2026-05-19,西安,clothing,0,1.43,21.0,40.7,34.4,bubble,10.31,26.0,0.0
101540,2026-08-21,武汉,books,0,2.15,41.9,35.7,18.5,bubble,10.1,44.0,0.0
100659,2026-02-20,北京 ,ceramics,1,2.79,55.9,34.9,6.8,wood,16.99,112.0,0.0
101671,2026-03-28,杭州,glass,1,1.23,47.5,23.1,20.9,wood,17.02,192.0,0.0
101020,2026-05-22,杭州,electronics,0,4.22,34.7,36.5,30.9,cardboard,15.74,84.0,0.0
101687,2026-05-30,北京,electronics,0,4.6,49.7,18.1,39.9,cardboard,16.29,83.0,0.0
101505,2026-07-11,北京,glass,1,1.02,16.8,37.3,35.3,cardboard,9.58,,0.0
100960,2026-04-09,杭州,glass,1,2.48,49.8,24.7,14.2,cardboard,11.27,157.0,0.0
101912,2026-08-05,广州市,electronics,0,2.11,47.4,13.3,37.6,cardboard,10.87,114.0,0.0
100284,2026-03-03,上海,ceramics,1,1.8,30.0,21.6,20.9,wood,16.55,112.0,0.0
100798,2026-04-26,深圳,ceramics,1,3.24,54.8,39.9,16.6,cardboard,13.28,115.0,0.0
101650,2026-02-24,SHENZHEN,clothing,0,1.18,32.1,11.1,6.4,bubble,5.32,39.0,0.0
100226,2026-08-13,杭州,books,0,1.66,30.2,38.6,18.4,cardboard,10.49,34.0,0.0
100027,2026-02-28,西安,electronics,0,2.18,52.5,11.8,37.4,cardboard,9.9,134.0,0.0
101798,2026-06-01,北京,ceramics,1,1.68,42.8,33.9,7.4,cardboard,11.37,120.0,0.0
100438,2026-08-27,深圳,glass,1,0.87,,29.3,30.0,cardboard,10.39,183.0,0.0
101979,2026-07-03,成都,glass,0,4.01,22.4,39.2,29.9,cardboard,15.08,169.0,0.0
101389,2026-06-10,成都,electronics,1,4.91,51.4,18.6,12.8,wood,19.65,130.0,0.0
100230,2026-05-08,北京,ceramics,1,4.18,55.6,39.0,27.1,cardboard,14.59,121.0,0.0
100038,2026-07-27,武汉,clothing,0,999.0,44.3,13.2,36.4,bubble,7.14,26.0,0.0
100750,2026-08-26,上海,electronics,0,3.92,18.8,39.0,37.9,cardboard,15.09,136.0,0.0
101046,2026-05-08,杭州,ceramics,1,2.3,15.7,41.4,32.7,cardboard,11.24,126.0,0.0
101399,2026-01-31,北京,electronics,0,4.76,48.7,18.5,9.9,cardboard,15.92,99.0,0.0
100470,2026-05-27,北京,clothing,0,0.36,43.2,39.3,6.6,bubble,6.28,27.0,0.0
101718,2026-03-02,武汉,electronics,0,2.45,55.8,16.8,11.6,cardboard,12.18,116.0,0.0
101998,2026-05-10,深圳,glass,1,2.23,45.2,31.6,28.4,wood,16.67,199.0,0.0
100688,2026-04-10,杭州,electronics,0,4.92,15.8,22.8,14.0,wood,17.68,127.0,0.0
101872,2026-01-01,杭州,electronics,0,1.75,37.4,42.8,35.7,cardboard,14.85,116.0,0.0
100640,2026-08-28,深圳,electronics,0,4.83,29.7,27.9,15.2,cardboard,14.15,102.0,0.0
101738,2026-08-25,广州,electronics,0,3.64,26.9,37.5,29.1,bubble,12.33,131.0,0.0
101219,2026-05-24,武汉,glass,0,2.24,23.0,43.9,38.6,bubble,11.09,181.0,0.0
101159,2026-03-02,北京,clothing,0,0.8,29.7,31.1,9.7,cardboard,7.77,36.0,0.0
101416,2026-08-16,上海,electronics,0,2.07,27.5,17.6,28.9,bubble,9.33,105.0,0.0
101528,2026-06-07,广州,clothing,0,1.05,20.9,38.8,35.3,bubble,10.28,31.0,0.0
101680,2026-04-09,杭州,glass,1,4.13,45.0,33.3,31.3,wood,21.47,206.0,0.0
101301,2026-08-31,广州,books,0,0.83,18.5,11.2,7.2,bubble,5.37,51.0,0.0
101851,2026-01-14,武汉,clothing,0,0.38,57.1,43.4,6.1,bubble,6.3,33.0,0.0
100801,2026-06-25,西安,clothing,0,0.7,48.2,40.8,35.7,bubble,10.67,27.0,0.0
101604,2026-07-15,成都,electronics,0,1.5,38.1,33.3,25.6,bubble,10.1,95.0,0.0
100161,2026-03-16,成都,electronics,0,0.82,21.0,39.0,25.3,cardboard,9.42,132.0,0.0
100957,2026-05-14,杭州,books,0,2.8,49.8,18.5,34.5,cardboard,11.71,45.0,0.0
101187,2026-08-20,广州,ceramics,1,1.7,37.1,,30.3,bubble,11.29,105.0,0.0
100822,2026-08-12,武汉,electronics,0,3.12,,42.5,27.3,cardboard,12.62,130.0,0.0
101707,2026-03-02,北京,glass,1,4.73,17.7,15.2,17.4,wood,19.96,193.0,0.0
100878,2026-03-02,成都,books,0,2.79,58.5,42.5,23.7,cardboard,14.12,46.0,0.0
100914,2026-04-02,武汉,electronics,0,3.08,58.2,17.7,8.7,cardboard,11.99,98.0,0.0
100153,2026-03-17,杭州,clothing,0,0.77,48.5,38.7,31.2,bubble,8.7,28.0,0.0
101865,2026-07-26,深圳,glass,1,2.93,16.3,11.9,18.0,wood,16.91,129.0,0.0
101804,2026-01-04,北京,clothing,0,0.84,56.5,29.8,18.6,cardboard,8.44,28.0,0.0
100510,2026-06-03,深圳,electronics,0,3.7,43.2,17.9,20.4,cardboard,14.5,84.0,0.0
101136,2026-08-25,深圳,electronics,0,1.43,37.9,36.2,23.0,bubble,8.47,92.0,0.0
101251,2026-07-05,杭州,glass,1,4.34,33.0,44.5,30.2,wood,21.25,183.0,0.0
101689,2026-06-05,西安,glass,1,4.67,44.9,27.2,6.7,wood,20.11,207.0,0.0
100104,2026-06-23,武汉,glass,1,1.02,50.4,39.1,33.7,cardboard,13.26,187.0,0.0
101446,2026-01-25,西安市,clothing,0,1090.0,43.6,27.4,7.7,cardboard,7.64,24.0,0.0
101444,2026-03-11,西安,clothing,0,0.2,31.9,25.0,38.0,cardboard,8.98,35.0,0.0
101765,2026-04-16,杭州市,clothing,0,1.04,24.7,11.0,10.4,cardboard,8.02,26.0,0.0
100587,2026-07-14,深圳,electronics,0,3.82,40.0,39.9,13.7,cardboard,12.59,131.0,0.0
101937,2026-03-10,广州,glass,1,3.92,57.7,,35.9,bubble,15.41,193.0,0.0
101144,2026-02-07,广州,ceramics,1,2.25,,15.5,12.1,cardboard,11.14,134.0,0.0
100054,2026-04-11,广州,ceramics,1,1.46,16.1,42.5,20.7,wood,15.23,80.0,0.0
100152,2026-02-08,西安,clothing,0,1.3,54.0,20.7,26.7,cardboard,10.72,38.0,0.0
100404,2026-05-01,深圳,electronics,0,,29.2,40.7,36.9,cardboard,10.08,102.0,0.0
101973,2026-07-24,杭州,electronics,0,4.32,33.3,29.0,34.1,cardboard,15.43,132.0,0.0
100208,2026-02-10,成都,electronics,0,2.03,19.2,41.1,31.7,cardboard,10.6,138.0,0.0
101925,2026-06-19,成都,clothing,0,0.99,15.1,37.6,24.0,cardboard,8.3,27.0,0.0
101123,2026-05-15,武汉,electronics,1,2.94,23.6,15.4,5.4,cardboard,12.53,84.0,0.0
101777,2026-04-06,成都,electronics,0,4.81,49.5,40.0,25.8,bubble,14.6,124.0,0.0
100009,2026-03-25,北京,electronics,1,2.75,35.1,23.3,15.6,cardboard,11.96,85.0,0.0
101015,2026-03-29,杭州,clothing,0,1.4,15.8,31.7,35.3,cardboard,10.76,40.0,0.0
101824,2026-01-01,上海,books,0,1.81,33.2,21.7,31.4,cardboard,12.39,32.0,0.0
101061,2026-02-16,广州,clothing,0,1.29,41.8,33.0,12.1,cardboard,11.43,28.0,0.0
100453,2026-04-21,北京,books,0,0.9,28.8,21.6,27.2,cardboard,8.39,34.0,0.0
101676,2026-07-27,广州市,clothing,0,0.6,27.2,23.5,15.5,bubble,5.33,32.0,0.0
100254,2026-07-26,广州,ceramics,1,4.26,18.4,35.9,39.6,cardboard,16.85,117.0,0.0
101328,2026-05-13,成都,electronics,0,3.93,36.0,17.4,6.6,cardboard,12.73,89.0,0.0
100897,2026-02-28,成都,clothing,0,1.32,25.7,14.3,27.6,bubble,8.36,39.0,0.0
101760,2026-03-13,广州,electronics,0,4.34,16.8,41.3,28.1,cardboard,15.43,98.0,0.0
100881,2026-05-21,武汉,electronics,0,1.02,28.8,14.4,31.4,cardboard,8.86,116.0,0.0
101596,2026-07-25,武汉市,clothing,0,0.21,23.7,44.3,19.1,bubble,6.57,41.0,0.0
101919,2026-07-23,西安,glass,1,2.15,38.5,15.2,37.3,cardboard,8.8,159.0,0.0
100624,2026-08-07,广州,electronics,0,3.42,40.5,25.3,17.3,cardboard,12.34,81.0,0.0
100346,2026-03-04,武汉,electronics,1,0.57,23.0,10.7,10.5,cardboard,8.32,136.0,0.0
101728,2026-03-24,杭州,electronics,0,4.24,47.2,38.9,39.5,cardboard,17.65,86.0,0.0
100263,2026-04-06,西安,electronics,1,4.74,21.6,44.3,,wood,19.19,85.0,0.0
101635,2026-08-05,杭州,clothing,0,,20.3,36.7,35.2,cardboard,11.47,25.0,0.0
101322,2026-08-22,西安,glass,1,2.97,50.2,35.5,23.5,bubble,11.52,144.0,0.0
101439,2026-04-08,西安,books,0,1.24,34.0,43.9,36.5,bubble,9.93,48.0,0.0
100151,2026-04-06,西安市,books,0,1.39,33.0,,10.7,bubble,7.47,37.0,0.0
100473,2026-08-07,深圳,electronics,1,1.27,22.7,10.7,6.8,cardboard,9.82,84.0,0.0
100641,2026-04-04,深圳,electronics,0,2.22,41.3,24.2,11.0,cardboard,11.26,83.0,0.0
101306,2026-05-25,西安,electronics,0,0.72,33.3,21.7,6.8,bubble,5.59,106.0,0.0
101913,2026-08-29,上海,clothing,0,0.22,43.6,41.2,7.2,cardboard,6.33,25.0,0.0
100551,2026-04-13,北京,electronics,0,2.31,36.9,17.9,15.1,bubble,9.09,83.0,0.0
101984,2026-03-20,西安,electronics,1,1.07,55.7,35.3,10.0,wood,15.13,129.0,0.0
100929,2026-08-31,广州,electronics,0,2.13,30.1,19.6,32.4,bubble,10.26,104.0,0.0
100489,2026-02-18,上海,clothing,0,0.48,46.4,37.4,11.6,cardboard,7.29,25.0,0.0
101840,2026-04-18,武汉,clothing,0,0.35,46.2,43.1,7.7,bubble,6.0,30.0,0.0
101172,2026-05-25,武汉,clothing,0,1.11,37.8,20.0,15.1,wood,14.26,33.0,0.0
100147,2026-02-20,上海,electronics,0,999.0,,17.5,5.2,cardboard,14.65,82.0,0.0
101730,2026-04-22,深圳,glass,1,1.47,15.0,28.8,25.2,cardboard,11.2,148.0,0.0
101959,2026-02-03,武汉,glass,1,4.02,27.6,26.8,30.9,cardboard,14.61,160.0,0.0
100403,2026-07-15,武汉,electronics,1,1.12,28.9,41.6,34.1,wood,14.07,,0.0
100955,2026-08-07,成都,ceramics,0,3.0,48.7,10.7,21.8,bubble,10.03,137.0,0.0
101908,2026-07-29,广州,ceramics,1,3.59,54.1,19.1,36.0,cardboard,15.25,131.0,0.0
100660,2026-07-25,成都市,ceramics,1,1.0,56.1,22.5,35.1,cardboard,10.27,94.0,1.0
101373,2026-05-02,武汉,electronics,0,,52.8,16.5,11.1,cardboard,14.98,83.0,0.0
100464,2026-04-13,杭州,electronics,0,0.6,35.3,15.8,15.1,bubble,6.66,90.0,0.0
101350,2026-06-08,深圳,electronics,0,2.94,57.1,40.4,25.2,bubble,11.68,135.0,0.0
100187,2026-06-26,西安,books,0,0.34,29.6,26.8,39.2,bubble,7.76,33.0,0.0
101148,2026-03-27,北京,glass,1,1.98,21.1,21.4,11.7,bubble,8.09,188.0,0.0
101225,2026-08-12,武汉,electronics,0,4.0,42.9,25.1,14.2,cardboard,14.53,122.0,0.0
100609,2026-08-03,广州,books,0,0.63,22.5,28.6,26.2,bubble,7.5,52.0,0.0
100144,2026-08-30,杭州,clothing,0,1.49,29.1,24.1,14.4,bubble,9.25,30.0,0.0
100752,2026-06-28,上海,glass,1,,37.7,13.7,10.9,wood,17.19,151.0,0.0
101535,2026-08-15,深圳,electronics,0,2.48,47.5,26.2,18.1,bubble,10.67,125.0,0.0
100982,2026-07-01,广州,electronics,0,0.82,26.9,22.4,38.5,bubble,8.14,105.0,0.0
100198,2026-05-01,西安,electronics,1,2.76,40.5,24.5,33.8,wood,18.19,127.0,0.0
101634,2026-07-06,武汉,electronics,0,0.87,53.6,21.0,9.8,bubble,5.93,101.0,0.0
100884,2026-08-29,成都,electronics,0,0.85,23.1,31.8,28.1,wood,14.49,114.0,0.0
100280,2026-03-15,武汉,clothing,0,1.33,42.5,,14.4,cardboard,10.83,35.0,0.0
100294,2026-02-28,广州市,electronics,0,3.42,20.0,28.1,8.5,cardboard,12.01,137.0,0.0
101852,2026-04-16,北京,electronics,0,3.3,15.5,44.0,9.3,bubble,10.97,116.0,0.0
100401,2026-06-02,广州,glass,1,3.3,54.4,15.7,18.0,wood,18.38,133.0,0.0
100123,2026-08-17,杭州,glass,1,2.35,50.8,39.3,15.0,wood,17.82,122.0,0.0
101208,2026-05-25,武汉,clothing,0,1.01,22.9,15.3,16.1,bubble,7.44,24.0,0.0
100203,2026-04-29,上海,clothing,1,0.29,30.3,32.9,8.3,cardboard,6.88,39.0,0.0
101463,2026-07-24,上海,books,0,0.36,59.9,42.5,33.1,cardboard,11.89,32.0,0.0
100836,2026-07-13,成都,clothing,0,1.01,48.5,43.1,18.3,cardboard,10.63,24.0,0.0
100247,2026-05-06,杭州,books,0,0.97,53.7,17.9,22.6,cardboard,9.05,45.0,0.0
101440,2026-03-28,上海,glass,1,,44.4,13.4,21.8,bubble,13.62,202.0,0.0
101734,2026-06-29,北京,electronics,0,2.69,16.4,19.5,6.8,bubble,8.49,119.0,0.0
101780,2026-08-07,上海,glass,0,4.93,18.1,29.8,38.3,cardboard,15.66,137.0,0.0
101932,2026-05-09,武汉,glass,1,4.34,38.9,39.0,24.8,wood,20.16,130.0,0.0
101708,2026-02-03,杭州,clothing,0,0.95,55.6,13.3,25.0,bubble,6.63,25.0,0.0
101911,2026-03-22,杭州,electronics,0,3.97,39.3,15.4,11.8,cardboard,14.29,128.0,
101154,2026-03-16,深圳,glass,1,1.87,44.5,28.0,10.3,wood,15.81,185.0,0.0
101662,2026-02-12,杭州,electronics,0,2.75,42.4,19.5,19.5,bubble,8.38,99.0,0.0
101427,2026-05-07,成都,clothing,0,0.83,15.8,40.1,31.3,bubble,6.42,29.0,0.0
100385,2026-04-23,杭州,ceramics,0,1.75,48.0,37.1,7.4,cardboard,10.76,132.0,0.0
101785,2026-06-02,广州,ceramics,1,3.41,20.1,25.4,36.1,wood,20.37,92.0,0.0
100855,2026-03-11,杭州,clothing,0,0.93,38.7,44.2,6.9,bubble,6.79,27.0,0.0
101590,2026-08-01,深圳,clothing,0,0.48,42.4,19.4,24.9,cardboard,8.84,38.0,0.0
100220,2026-07-23,北京,ceramics,1,,38.7,12.4,37.6,wood,15.96,125.0,0.0
100642,2026-07-17,上海,clothing,0,1.14,46.9,33.3,12.6,bubble,7.9,32.0,0.0
100002,2026-06-20,广州,books,0,2.04,25.2,29.4,7.2,bubble,9.41,50.0,0.0
100113,2026-08-14,杭州,electronics,1,2.4,53.7,21.2,17.6,wood,15.96,95.0,0.0
100699,2026-07-07,杭州,ceramics,1,1.98,41.0,15.6,,wood,16.88,105.0,0.0
101946,2026-02-19,广州,books,0,0.55,19.9,18.6,18.7,bubble,5.14,35.0,0.0
100952,2026-07-17,西安,electronics,1,3.36,59.7,32.3,13.9,wood,17.34,106.0,0.0
101649,2026-01-04,武汉,glass,1,4.1,49.8,19.9,5.5,bubble,13.48,193.0,0.0
101637,2026-06-08,成都,electronics,0,3.01,58.8,18.0,36.9,cardboard,14.56,112.0,
101775,2026-04-18,上海,clothing,0,0.97,18.7,35.9,7.1,bubble,6.14,27.0,0.0
101411,2026-06-13,深圳,ceramics,1,1.64,24.7,29.4,17.4,bubble,6.64,121.0,0.0
101410,2026-05-19,广州,books,0,2.85,49.9,13.7,23.2,bubble,10.7,54.0,0.0
101534,2026-08-25,广州,electronics,0,3.96,57.1,25.2,9.7,bubble,12.14,131.0,0.0
101292,2026-08-21,北京,glass,1,4.67,24.1,16.9,20.6,cardboard,16.16,177.0,0.0
101901,2026-07-15,杭州,clothing,0,1.25,44.4,15.9,39.2,bubble,9.4,38.0,0.0
100442,2026-02-19,深圳,electronics,0,1.75,27.2,37.1,28.2,bubble,7.99,94.0,0.0
101521,2026-04-10,武汉,ceramics,1,2.07,37.5,18.8,23.4,cardboard,11.47,133.0,0.0
101137,2026-05-19,杭州,ceramics,1,4.27,21.9,35.0,5.4,cardboard,14.13,90.0,0.0
101716,2026-06-26,北京,clothing,0,1.37,46.7,18.8,15.2,bubble,9.2,38.0,0.0
101257,2026-05-27,广州,clothing,0,0.99,49.3,17.3,35.7,cardboard,11.71,32.0,0.0
101893,2026-05-15,成都,ceramics,1,2.3,42.2,15.5,15.0,cardboard,11.11,120.0,0.0
101632,2026-08-14,西安,electronics,0,4.45,42.1,44.2,35.6,cardboard,18.74,112.0,0.0
101696,2026-08-09,北京,ceramics,1,1.38,57.2,33.4,,cardboard,9.93,93.0,0.0
101398,2026-02-03,广州,books,0,1.02,22.4,34.0,24.5,bubble,7.77,36.0,0.0
100664,2026-01-06,深圳,electronics,0,2.28,33.1,31.6,15.9,cardboard,10.92,138.0,
101875,2026-02-05,深圳,electronics,0,4.14,16.0,17.1,17.9,cardboard,13.04,110.0,
101258,2026-07-22,深圳,glass,1,1.58,29.2,27.8,35.2,bubble,8.44,160.0,0.0
101801,2026-07-06,西安,books,0,2.01,49.2,42.7,21.7,bubble,10.52,38.0,0.0
101701,2026-05-16,北京,electronics,0,4.51,15.2,17.7,29.2,bubble,11.75,125.0,0.0
100318,2026-08-24,杭州,electronics,0,4.35,51.7,35.1,,wood,21.93,104.0,0.0
100649,2026-07-23,杭州,electronics,0,4.33,49.4,35.5,26.0,cardboard,15.92,,0.0
101435,2026-04-20,武汉,clothing,1,1.27,23.9,32.9,26.8,wood,13.78,25.0,0.0
101480,2026-07-25,成都,electronics,0,3.66,54.4,36.6,23.2,cardboard,13.0,137.0,0.0
100710,2026-08-12,武汉,ceramics,0,3.24,44.2,30.2,16.1,cardboard,13.21,92.0,0.0
101383,2026-01-04,北京,electronics,1,2.78,45.4,31.8,30.6,cardboard,14.32,128.0,0.0
101283,2026-03-26,杭州,clothing,0,1.44,47.5,26.8,25.9,bubble,6.76,38.0,0.0
101769,2026-04-20,西安,glass,1,4.11,53.7,21.1,35.5,bubble,14.07,132.0,0.0
100973,2026-06-11,西安,electronics,0,2.78,40.4,16.1,14.8,wood,16.47,139.0,0.0
100628,2026-02-10,武汉,ceramics,1,3.27,54.9,22.2,27.9,cardboard,13.63,125.0,0.0
100633,2026-06-21,武汉,ceramics,1,1.44,49.8,22.7,13.7,cardboard,9.6,81.0,0.0
101307,2026-02-24,西安市,clothing,0,0.49,23.7,35.0,9.4,cardboard,8.65,37.0,0.0
101401,2026-08-24,西安,ceramics,1,4.24,32.2,22.2,22.7,wood,18.69,98.0,0.0
101409,2026-04-20,广州,clothing,0,0.31,20.7,32.2,28.6,bubble,7.18,33.0,0.0
101249,2026-03-13,成都,electronics,0,4.4,23.7,24.7,21.0,cardboard,14.92,98.0,0.0
101983,2026-02-25,武汉,glass,1,3.19,59.0,35.4,39.6,wood,22.09,186.0,0.0
101255,2026-08-24,上海,books,0,2760.0,19.3,33.7,17.0,bubble,10.17,32.0,0.0
101497,2026-04-27,武汉,books,0,1.66,17.1,29.2,28.3,bubble,9.08,49.0,0.0
101372,2026-02-01,杭州,glass,1,4.96,38.9,12.3,37.3,wood,19.57,144.0,0.0
101530,2026-02-25,武汉,clothing,0,0.9,50.8,23.8,13.6,bubble,7.05,38.0,0.0
101664,2026-04-17,广州市,glass,1,3.55,27.5,21.6,7.9,wood,17.49,207.0,0.0
101355,2026-06-09,武汉,glass,1,1.8,36.1,38.3,21.0,cardboard,11.73,137.0,0.0
101956,2026-01-10,深圳,electronics,0,0.68,16.0,12.9,11.9,cardboard,7.47,114.0,0.0
101931,2026-03-26,广州,electronics,0,2.72,29.0,42.9,14.9,bubble,9.51,130.0,0.0
101644,2026-01-25,上海,electronics,1,3.43,41.8,39.2,30.4,wood,18.83,100.0,0.0
101878,2026-02-04,杭州,ceramics,1,1.91,38.2,37.3,7.4,cardboard,11.6,99.0,0.0
100796,2026-01-20,成都,glass,1,2.57,40.4,12.8,8.6,bubble,8.44,187.0,0.0
100646,2026-07-05,深圳,books,0,1.88,51.3,41.4,18.4,bubble,9.13,47.0,0.0
101013,2026-07-24,杭州,electronics,0,4.58,26.9,16.6,30.2,cardboard,15.0,129.0,0.0
101868,2026-07-08,北京,ceramics,1,4.28,36.6,37.6,17.6,wood,20.65,120.0,0.0
100557,2026-07-30,SHANGHAI,ceramics,1,1.23,47.6,19.2,16.5,cardboard,7.6,91.0,0.0
100682,2026-08-10,广州,ceramics,1,,17.7,34.4,30.1,wood,17.72,120.0,0.0
100578,2026-03-09,北京,ceramics,1,2.72,31.2,25.1,12.2,cardboard,11.21,132.0,0.0
101820,2026-02-16,广州,clothing,0,0.33,31.3,31.2,34.3,cardboard,9.51,35.0,0.0
101110,2026-03-18,西安,electronics,1,1.5,54.4,31.3,22.5,cardboard,10.67,84.0,0.0
101267,2026-05-27,西安,books,0,2.55,25.2,23.6,31.3,bubble,10.3,36.0,0.0
101723,2026-01-23,北京,electronics,1,3.23,54.0,14.3,29.7,wood,18.57,81.0,0.0
101184,2026-03-26,北京,books,0,2.93,47.4,43.7,32.3,cardboard,13.47,55.0,0.0
100525,2026-07-17,西安,clothing,0,0.91,59.8,44.8,21.3,cardboard,9.79,37.0,0.0
101060,2026-07-29,西安,clothing,0,0.21,57.5,27.7,17.8,cardboard,9.11,39.0,0.0
100541,2026-08-28,深圳,glass,1,0.99,39.6,12.6,28.4,cardboard,7.96,134.0,1.0
101195,2026-07-11,西安,electronics,0,1.43,27.8,32.0,11.4,cardboard,8.74,93.0,0.0
101679,2026-03-07,杭州,electronics,0,1.8,56.2,21.5,29.4,wood,18.27,134.0,0.0
100749,2026-05-11,武汉市,electronics,0,0.83,32.8,14.8,30.6,cardboard,10.33,92.0,0.0
101899,2026-05-29,深圳,ceramics,1,0.82,50.7,23.8,17.3,cardboard,8.39,91.0,0.0
101431,2026-05-03,北京,books,0,,28.1,10.2,34.9,bubble,8.9,55.0,0.0
100485,2026-06-22,杭州,electronics,0,2.11,45.0,39.0,14.7,bubble,8.95,132.0,0.0
101758,2026-07-20,西安,clothing,0,0.95,42.5,18.1,8.2,bubble,9.76,40.0,0.0
100096,2026-05-13,成都,electronics,1,3.51,21.2,19.9,28.6,wood,18.54,112.0,0.0
101021,2026-07-10,上海,ceramics,1,3.84,37.1,18.8,23.5,wood,17.98,94.0,0.0
100564,2026-03-26,成都,electronics,0,0.64,48.7,23.4,26.0,cardboard,11.15,112.0,0.0
101265,2026-07-10,武汉,clothing,0,,49.3,24.5,34.8,bubble,9.53,40.0,0.0
100743,2026-02-16,成都,glass,1,1.87,16.5,24.0,37.5,cardboard,13.39,192.0,0.0
100864,2026-07-18,杭州,clothing,0,0.43,31.2,20.7,9.8,bubble,5.38,24.0,0.0
101599,2026-01-15,上海,glass,1,0.95,42.2,22.2,28.3,wood,15.22,204.0,0.0
101715,2026-04-02,深圳,clothing,0,0.95,50.3,12.3,26.3,bubble,7.52,40.0,0.0
101485,2026-06-01,北京,glass,1,4.0,56.5,17.0,16.0,wood,19.5,148.0,0.0
100892,2026-02-16,上海,books,0,1.74,17.1,41.8,22.4,bubble,10.13,51.0,0.0
101578,2026-01-22,杭州,clothing,0,0.83,56.9,38.1,10.3,bubble,7.77,36.0,0.0
101039,2026-07-09,广州,electronics,0,0.73,50.5,19.0,29.2,wood,14.01,137.0,0.0
100207,2026-04-29,深圳,ceramics,1,3.07,,11.3,24.5,cardboard,13.24,118.0,0.0
100393,2026-03-20,北京,books,0,2.43,,29.3,26.6,bubble,9.73,45.0,0.0
100795,2026-02-07,成都,clothing,0,0.38,22.5,23.7,11.8,cardboard,9.28,28.0,0.0
100871,2026-02-13,杭州,clothing,0,0.33,37.2,27.0,11.3,bubble,6.96,33.0,0.0
100398,2026-07-08,广州,electronics,1,2.8,22.6,35.3,11.8,wood,16.56,111.0,0.0
100767,2026-05-03,上海,clothing,0,0.23,20.0,37.7,38.0,bubble,8.11,41.0,0.0
101870,2026-02-12,成都,glass,1,2.33,34.6,30.2,37.2,bubble,13.04,169.0,0.0
101242,2026-06-25,广州,glass,1,3.06,21.7,11.0,30.3,wood,15.55,166.0,0.0
101029,2026-03-08,上海,books,0,1.42,16.6,18.6,21.7,cardboard,9.79,46.0,0.0
101793,2026-02-11,西安,electronics,0,1.53,31.7,19.7,31.4,bubble,8.93,92.0,0.0
100643,2026-02-21,广州,books,0,0.61,52.8,37.8,12.3,bubble,7.24,49.0,0.0
101922,2026-05-12,北京,electronics,1,2.41,48.8,28.8,20.1,cardboard,11.14,133.0,0.0
100613,2026-03-29,武汉,ceramics,1,2.75,15.8,19.5,32.2,cardboard,11.53,84.0,0.0
101763,2026-05-15,西安,ceramics,1,1.75,28.4,21.8,35.0,cardboard,9.32,134.0,0.0
100961,2026-08-28,深圳,glass,1,2.61,58.7,,25.1,cardboard,11.3,175.0,0.0
101571,2026-07-14,上海,glass,1,2.99,56.0,21.1,38.6,cardboard,13.48,183.0,0.0
100726,2026-08-19,广州,electronics,1,4.39,21.1,26.8,13.1,wood,20.25,133.0,0.0
100684,2026-04-23,西安,electronics,0,0.89,30.0,43.7,22.8,cardboard,7.79,96.0,0.0
100099,2026-06-04,广州,books,0,2.58,49.4,36.7,21.8,bubble,9.73,47.0,0.0
100805,2026-01-10,武汉,ceramics,1,1.05,33.3,24.1,27.7,wood,15.4,80.0,0.0
101752,2026-04-17,武汉市,ceramics,1,0.97,26.8,29.2,19.0,wood,14.27,134.0,0.0
101598,2026-02-01,成都,electronics,0,2.64,23.0,14.0,7.4,cardboard,11.46,87.0,0.0
100407,2026-04-19,深圳,books,0,1.05,37.3,32.9,23.8,cardboard,11.91,55.0,0.0
100503,2026-04-16,杭州,glass,1,4.33,42.3,22.9,5.0,wood,18.08,173.0,
101072,2026-08-16,成都,ceramics,1,3.06,52.9,43.7,21.3,wood,20.37,109.0,0.0
101057,2026-05-21,深圳,clothing,0,0.3,41.6,16.4,25.4,bubble,7.84,39.0,0.0
100930,2026-01-28,西安,electronics,0,1.56,,11.7,18.6,cardboard,10.44,127.0,0.0
100780,2026-06-10,深圳,glass,1,3.48,54.2,26.0,7.7,wood,17.75,178.0,0.0
101864,2026-06-25,深圳,glass,1,4.12,32.5,44.8,25.6,wood,19.62,149.0,0.0
100201,2026-07-07,西安,glass,1,3.27,22.0,13.6,40.0,wood,18.41,163.0,0.0
100135,2026-05-01,西安,glass,1,2.81,41.7,,,wood,17.81,162.0,0.0
101052,2026-08-08,广州,books,0,2.4,24.4,24.8,13.3,cardboard,11.44,42.0,0.0
100041,2026-04-22,成都,clothing,0,0.45,59.1,31.4,6.9,bubble,5.32,39.0,0.0
101018,2026-05-08,广州,ceramics,1,3.66,22.0,13.2,36.1,wood,18.43,126.0,0.0
100231,2026-02-03,杭州,books,0,1.88,15.6,27.8,22.8,bubble,9.35,37.0,0.0
101514,2026-01-03,深圳,ceramics,1,4.2,54.9,23.2,14.5,wood,18.62,117.0,0.0
101797,2026-02-02,上海,books,0,2.31,44.5,42.8,7.7,cardboard,9.85,48.0,0.0
100379,2026-03-15,西安,clothing,0,0.72,15.9,24.1,23.8,cardboard,10.02,36.0,0.0
100289,2026-07-18,深圳,clothing,0,1.48,54.0,22.8,5.2,cardboard,9.73,28.0,0.0
100419,2026-01-18,成都,books,0,2.06,53.6,17.6,8.7,cardboard,10.01,39.0,0.0
101699,2026-03-03,上海,clothing,0,0.84,39.2,30.9,36.2,cardboard,10.56,27.0,0.0
100392,2026-04-19,杭州,electronics,0,2.99,43.2,28.2,32.9,bubble,11.65,80.0,0.0
100593,2026-04-24,北京,glass,1,0.91,27.3,44.7,29.7,wood,14.33,,0.0
101523,2026-01-03, 上海,electronics,0,2.71,34.6,28.1,6.4,bubble,10.99,80.0,0.0
101163,2026-07-07,武汉,books,0,2.86,44.8,11.2,14.3,bubble,10.65,54.0,0.0
101087,2026-06-13,杭州,clothing,0,0.49,19.7,18.4,7.6,cardboard,8.59,39.0,0.0
101496,2026-03-28,杭州市,clothing,0,,51.5,38.8,24.8,bubble,10.03,41.0,0.0
100648,2026-03-02,武汉,electronics,0,2400.0,21.1,18.1,29.9,bubble,9.19,122.0,0.0
101153,2026-04-14,上海,clothing,0,1.2,47.4,34.4,28.5,bubble,9.18,28.0,0.0
101368,2026-06-14,成都,clothing,0,0.26,55.0,16.1,26.9,wood,14.46,34.0,0.0
100521,2026-07-30,武汉,ceramics,1,4.11,42.6,33.4,37.0,bubble,14.12,118.0,0.0
101863,2026-08-02,上海,electronics,0,4.39,58.2,43.8,29.0,cardboard,16.86,107.0,0.0
101881,2026-07-31,深圳,glass,1,2.79,18.5,,31.9,cardboard,14.65,143.0,1.0
100065,2026-02-11,杭州,clothing,0,1.22,59.8,33.6,33.5,bubble,9.82,27.0,0.0
101837,2026-03-28,西安,clothing,0,0.59,52.4,32.6,26.4,cardboard,8.61,32.0,0.0
100015,2026-02-04,杭州,electronics,0,3.53,47.7,36.9,8.8,cardboard,12.92,82.0,0.0
101181,2026-07-31,成都,ceramics,1,2.37,35.4,31.2,39.5,wood,18.14,90.0,0.0
101065,2026-08-03,广州,clothing,0,0.44,58.4,14.1,34.3,bubble,7.44,38.0,0.0
100493,2026-01-03,深圳,glass,1,4.1,44.1,43.3,33.6,cardboard,17.76,152.0,0.0
100380,2026-03-26,深圳,electronics,0,4.05,59.4,32.9,36.5,cardboard,18.07,121.0,0.0
100188,2026-02-09,深圳,electronics,1,2.77,56.9,27.6,39.0,wood,19.62,131.0,0.0
100764,2026-01-04,武汉,ceramics,1,3.16,52.2,43.0,35.0,wood,19.88,96.0,0.0
100217,2026-07-26,杭州,clothing,0,0.51,17.1,36.7,39.6,wood,14.89,25.0,0.0
100792,2026-01-27,上海,clothing,0,0.84,37.8,42.4,39.7,bubble,8.61,30.0,0.0
101077,2026-08-16,北京,books,0,2.99,31.5,30.3,17.3,bubble,9.76,37.0,0.0
100879,2026-05-01,北京,glass,1,2.51,58.1,20.1,9.9,wood,16.72,197.0,0.0
100338,2026-05-18,杭州,clothing,0,1.49,52.5,35.6,33.1,bubble,11.67,35.0,0.0
101773,2026-01-21,成都,glass,1,4.18,46.9,31.8,28.6,wood,20.71,170.0,0.0
100720,2026-02-03,上海,electronics,1,2.48,28.3,29.5,7.5,cardboard,11.72,98.0,0.0
101749,2026-07-27,北京,electronics,0,2.81,29.8,13.5,37.2,bubble,9.58,114.0,0.0
100296,2026-02-17,北京,glass,1,4.88,37.0,11.3,33.1,wood,19.0,170.0,0.0
101726,2026-05-20,杭州,books,1,1.88,19.2,33.5,25.6,cardboard,10.62,43.0,0.0
101017,2026-08-25,上海,electronics,1,3.81,23.0,14.1,10.7,cardboard,13.31,128.0,0.0
101276,2026-08-14,上海,clothing,0,1.44,17.5,28.1,18.2,bubble,6.73,26.0,0.0
101751,2026-07-18,武汉,glass,1,3.96,53.4,34.1,21.7,wood,20.71,123.0,0.0
101486,2026-05-10,上海,glass,1,2.9,31.6,32.5,36.2,wood,18.86,193.0,0.0
100456,2026-04-24,成都,clothing,0,0.46,36.9,31.0,20.3,bubble,6.45,39.0,0.0
100159,2026-01-05,西安,electronics,0,4.81,48.5,28.6,21.7,cardboard,15.75,92.0,0.0
100816,2026-01-10,SHENZHEN,ceramics,1,,16.4,23.5,35.9,bubble,11.84,101.0,0.0
101887,2026-04-27,广州,clothing,0,0.65,40.9,44.7,21.4,bubble,6.81,28.0,0.0
100270,2026-03-05,西安,ceramics,1,1.75,27.8,30.1,11.4,cardboard,9.74,87.0,0.0
100996,2026-04-18,杭州,ceramics,1,2.3,56.1,24.0,26.3,cardboard,12.82,93.0,0.0
100202,2026-07-28,广州,electronics,0,1.01,29.2,22.4,20.8,bubble,7.0,133.0,0.0
100162,2026-07-14,武汉,ceramics,1,3.44,36.0,15.9,32.9,wood,18.56,94.0,0.0
101580,2026-08-24,成都,clothing,0,1.19,28.0,31.4,13.6,cardboard,7.85,37.0,0.0
100730,2026-06-15,成都,glass,1,2.87,22.7,24.4,34.4,cardboard,13.14,138.0,0.0
100402,2026-03-03,深圳,clothing,1,0.9,38.0,20.7,11.3,wood,12.94,34.0,0.0
100703,2026-05-19,武汉市,glass,1,2.93,56.0,37.5,25.4,cardboard,13.88,145.0,0.0
101501,2026-05-02,SHENZHEN,electronics,0,4.14,22.4,24.3,35.9,cardboard,14.16,139.0,0.0
101846,2026-08-18,杭州,electronics,0,3.23,19.1,17.9,19.5,cardboard,12.49,117.0,0.0
101796,2026-07-29,深圳,glass,1,2.04,53.1,34.5,15.4,wood,16.78,151.0,0.0
101130,2026-06-23,杭州,glass,1,1.48,51.5,25.7,14.8,cardboard,9.76,183.0,0.0
100566,2026-05-01,杭州,glass,1,4.61,25.2,22.3,7.6,cardboard,15.37,195.0,0.0
101414,2026-01-21,武汉,ceramics,0,1.94,41.2,26.2,7.7,cardboard,12.16,86.0,0.0
101022,2026-06-25,北京,glass,1,1.01,36.9,19.4,24.6,cardboard,9.58,145.0,0.0
101026,2026-05-20,北京,clothing,0,1.03,58.2,39.7,32.1,bubble,9.81,39.0,0.0
101412,2026-01-13,杭州,ceramics,1,3.21,54.0,18.7,7.0,wood,18.68,134.0,0.0
101896,2026-07-24,深圳,clothing,0,,36.3,20.7,32.9,cardboard,10.58,29.0,0.0
101586,2026-07-13,成都,electronics,0,2.13,58.3,20.3,26.9,cardboard,14.5,119.0,0.0
101105,2026-07-09,广州,electronics,0,3.26,28.0,29.4,38.3,cardboard,14.97,133.0,0.0
100206,2026-07-22,武汉,glass,0,3.73,19.2,29.7,9.4,cardboard,13.25,185.0,0.0
100035,2026-02-04,深圳,electronics,0,1.17,32.2,35.5,24.4,bubble,7.44,108.0,0.0
100776,2026-02-23,武汉,glass,1,2.92,48.5,33.2,26.3,wood,19.08,183.0,0.0
100509,2026-03-13,成都,glass,1,3.03,56.0,29.2,24.5,cardboard,14.12,158.0,0.0
101452,2026-07-03,上海,electronics,0,3.19,58.0,21.9,31.2,cardboard,13.39,101.0,0.0
101479,2026-08-21,深圳,ceramics,1,2.06,44.2,25.0,19.9,wood,16.28,93.0,0.0
100859,2026-08-14,杭州,ceramics,1,4.4,27.3,15.5,39.1,wood,23.1,117.0,0.0
101391,2026-04-25,成都,ceramics,1,2.01,29.2,19.6,8.5,cardboard,11.27,130.0,0.0
100092,2026-05-30,西安,electronics,0,3.35,29.4,35.4,21.1,bubble,11.05,108.0,0.0
101364,2026-08-31,上海,ceramics,1,3820.0,36.0,33.1,25.6,wood,19.79,90.0,0.0
100898,2026-08-22,武汉,clothing,0,0.25,37.7,10.4,36.4,bubble,5.59,35.0,0.0
100565,2026-02-25,深圳,electronics,0,2.46,40.4,15.1,22.8,cardboard,9.04,98.0,0.0
101370,2026-01-10,上海,ceramics,1,1.99,50.8,30.1,38.5,wood,19.78,129.0,0.0
100777,2026-04-22,广州,electronics,0,3.55,54.4,20.7,13.5,cardboard,15.24,104.0,0.0
100242,2026-05-17,武汉,books,0,1.36,25.2,39.4,18.9,cardboard,10.32,43.0,0.0
100014,2026-03-15,杭州,ceramics,1,2.55,38.4,25.4,5.8,wood,17.43,88.0,0.0
100316,2026-03-13,杭州,books,0,1.49,33.4,29.3,20.1,bubble,6.51,54.0,0.0
100601,2026-05-31,北京,books,0,0.64,26.0,19.3,33.3,bubble,7.19,42.0,1.0
100388,2026-04-25,深圳,clothing,0,0.57,38.0,24.8,33.5,bubble,8.1,41.0,0.0
101298,2026-05-11,深圳,clothing,0,0.38,40.2,43.5,28.0,cardboard,10.07,40.0,0.0
100167,2026-06-22,北京,glass,1,4.84,,13.3,5.0,wood,20.1,186.0,0.0
100841,2026-03-02,北京,books,0,0.61,21.8,35.0,21.4,bubble,7.24,52.0,0.0
100021,2026-06-25,上海,glass,1,2.85,27.9,42.4,5.9,bubble,10.15,129.0,0.0
100647,2026-04-15,成都,electronics,0,4.8,59.9,21.1,21.1,cardboard,17.86,107.0,0.0
101843,2026-08-15,西安,electronics,0,0.8,56.7,45.0,10.0,cardboard,8.93,109.0,0.0
101509,2026-03-21,北京,clothing,0,1.11,44.9,10.2,29.5,bubble,7.15,26.0,0.0
101155,2026-08-15,成都,electronics,1,1.83,58.8,13.4,9.4,wood,17.11,106.0,0.0
101529,2026-04-03,深圳,clothing,0,0.6,44.6,38.5,10.8,cardboard,8.85,26.0,0.0
100832,2026-04-02,成都,glass,1,4.44,37.1,23.9,26.4,wood,18.21,135.0,0.0
101268,2026-03-04,SHENZHEN,glass,0,4.33,46.3,17.9,33.0,cardboard,14.61,,0.0
101591,2026-01-01,武汉,glass,1,3.41,33.1,43.0,35.7,cardboard,14.57,180.0,0.0
101900,2026-04-09,武汉,ceramics,1,0.82,43.4,41.7,20.4,cardboard,9.24,87.0,0.0
100563,2026-04-05,深圳,electronics,0,2.37,35.7,44.6,22.7,cardboard,13.24,120.0,0.0
101982,2026-07-13,深圳,electronics,1,1.37,47.4,25.9,6.6,wood,14.23,95.0,0.0
100687,2026-02-22,广州,glass,1,2.04,43.5,41.7,39.2,wood,18.66,126.0,0.0
100958,2026-04-20,广州,books,0,0.88,49.6,42.2,18.8,cardboard,11.5,52.0,0.0
100190,2026-03-06,上海,electronics,0,3.54,30.7,35.1,21.3,cardboard,12.43,114.0,0.0
101807,2026-08-27,上海,ceramics,1,1.02,32.8,43.3,12.3,cardboard,9.63,117.0,0.0
100976,2026-06-12,西安,glass,1,1.47,,16.3,27.6,wood,16.47,163.0,0.0
100700,2026-01-07,杭州,electronics,0,2.58,34.6,37.3,19.9,bubble,11.9,82.0,0.0
101500,2026-07-15,杭州,clothing,0,0.41,36.7,27.9,11.9,cardboard,6.88,24.0,0.0
101706,2026-07-28,上海,ceramics,0,0.82,37.1,42.2,27.0,bubble,9.52,139.0,0.0
100511,2026-06-26,上海,glass,1,3.49,42.3,35.7,31.9,wood,19.39,157.0,0.0
101083,2026-02-12,西安,glass,1,3.94,50.5,30.9,9.9,cardboard,14.12,177.0,0.0
100475,2026-02-19,深圳,electronics,0,0.96,21.2,10.2,11.8,bubble,7.55,134.0,0.0
101585,2026-08-07,杭州,books,0,2.29,19.4,38.3,13.8,bubble,8.82,47.0,0.0
100857,2026-02-04,杭州,electronics,0,3.89,40.3,43.2,29.7,cardboard,14.99,96.0,0.0
100748,2026-03-29,上海,electronics,0,4.66,31.8,12.1,38.5,cardboard,12.3,136.0,0.0
100253,2026-02-28,成都,ceramics,1,2.7,20.3,,27.3,wood,17.99,121.0,0.0
100022,2026-03-02,武汉,glass,1,4.86,51.2,26.4,32.5,cardboard,17.29,194.0,0.0
101338,2026-07-21,武汉,electronics,0,3.86,50.4,31.6,22.8,cardboard,14.65,136.0,0.0
100460,2026-01-11,广州,ceramics,1,3.03,22.3,20.6,10.1,wood,16.32,117.0,0.0
101185,2026-03-07,广州,electronics,1,4.24,27.7,18.5,5.9,wood,19.64,113.0,0.0
100277,2026-02-20,西安,glass,1,4.68,48.7,44.1,21.1,wood,21.63,142.0,0.0
100956,2026-01-18,杭州,electronics,0,2.79,30.5,35.1,10.5,cardboard,12.85,126.0,
101216,2026-02-14,深圳,clothing,0,1.21,56.2,14.8,18.7,cardboard,11.62,28.0,0.0
100386,2026-05-27,武汉,ceramics,1,3.7,37.9,,14.2,wood,17.13,91.0,0.0
100806,2026-02-05,深圳,electronics,0,1.87,22.7,27.2,30.3,bubble,10.05,81.0,0.0
101438,2026-01-06,西安,books,0,2.18,34.3,12.9,37.5,bubble,10.75,36.0,0.0
101516,2026-03-27,广州,electronics,0,1.38,32.0,12.8,8.5,bubble,7.08,105.0,0.0
100344,2026-05-09,上海,electronics,0,3.91,52.6,42.7,12.9,wood,19.54,137.0,0.0
100770,2026-07-07,北京,glass,1,1.98,22.8,38.9,24.3,wood,16.03,204.0,0.0
101333,2026-04-21,西安,clothing,0,1.22,32.7,42.2,12.9,bubble,7.23,39.0,0.0
101686,2026-03-14,成都,ceramics,1,,49.3,31.4,19.6,cardboard,12.23,110.0,0.0
100131,2026-02-06,上海,electronics,1,4.89,57.1,44.2,13.3,wood,21.18,83.0,0.0
101688,2026-06-30,上海,electronics,0,0.52,34.4,18.2,7.2,cardboard,8.84,98.0,0.0
100872,2026-02-27,成都,electronics,0,3.61,57.5,27.7,23.5,cardboard,17.33,136.0,0.0
101124,2026-06-28,武汉,clothing,0,0.53,49.9,21.3,24.8,bubble,7.25,34.0,0.0
101397,2026-03-15,广州,electronics,1,3.27,26.5,39.9,24.4,wood,19.96,129.0,0.0
100088,2026-08-22,上海,ceramics,1,2.79,20.7,43.3,21.9,wood,19.09,113.0,0.0
101483,2026-01-26,北京,clothing,0,1.17,55.1,27.5,8.5,cardboard,9.32,,0.0
100331,2026-04-17,北京,ceramics,1,1.03,51.2,28.7,14.7,wood,15.14,90.0,0.0
101239,2026-07-09,广州,electronics,0,4.08,19.4,26.0,32.9,cardboard,14.02,102.0,0.0
100467,2026-03-04,广州,clothing,0,0.85,25.2,39.5,26.8,cardboard,10.58,40.0,0.0
100122,2026-06-27,杭州,clothing,0,0.44,31.9,13.5,33.4,bubble,7.18,41.0,0.0
101639,2026-07-23,武汉,ceramics,1,4.24,15.9,14.1,11.5,bubble,12.81,131.0,0.0
101045,2026-04-12,上海,clothing,0,0.6,41.3,14.3,14.3,bubble,5.57,31.0,0.0
101725,2026-05-31,武汉,clothing,0,0.82,42.8,10.4,39.4,bubble,8.54,34.0,0.0
101096,2026-05-04,深圳,ceramics,1,3.41,16.9,29.5,39.8,wood,19.22,87.0,0.0
101131,2026-05-31,武汉,clothing,0,0.5,21.0,38.3,17.3,bubble,6.49,39.0,0.0
101295,2026-05-16,西安,electronics,0,0.85,52.5,39.6,27.1,bubble,9.69,128.0,0.0
100861,2026-05-27,深圳,books,0,1.27,48.7,18.8,27.5,bubble,8.1,53.0,0.0
101460,2026-06-07,广州,electronics,0,3.65,49.0,28.7,15.9,cardboard,14.05,97.0,0.0
101127,2026-04-12,广州,clothing,0,1.39,58.5,41.9,5.1,bubble,7.95,29.0,0.0
