order_id,order_date,city,category,fragile,weight_kg,length_cm,width_cm,height_cm,material,freight_cost,value,damaged,volume,unit_freight,month
101357,2026-08-18,成都,clothing,1,0.77,51.6,25.0,31.5,cardboard,8.9,29.0,0.0,40635.0,11.558441558441558,2026-08
100985,2026-01-26,成都,electronics,0,4.1,33.9,31.2,30.4,cardboard,15.39,117.0,0.0,32153.471999999994,3.7536585365853665,2026-01
100860,2026-08-28,成都,electronics,1,3.52,18.7,22.8,39.1,wood,19.04,99.0,0.0,16670.676,5.409090909090909,2026-08
101985,2026-05-02,武汉,electronics,0,2.37,54.1,22.5,12.3,bubble,10.03,130.0,0.0,14972.175000000001,4.232067510548522,2026-05
101294,2026-03-09,杭州,electronics,1,3.69,57.8,10.1,21.0,cardboard,12.58,112.0,0.0,12259.38,3.4092140921409215,2026-03
101470,2026-04-23,上海,electronics,0,0.74,36.6,30.1,24.7,bubble,7.49,97.0,0.0,27211.002,10.121621621621623,2026-04
101211,2026-06-02,武汉,electronics,0,4.4,20.2,13.4,7.2,wood,19.99,130.0,0.0,1948.8960000000002,4.543181818181817,2026-06
100368,2026-02-13,成都,clothing,0,0.38,26.7,18.5,14.3,bubble,6.95,41.0,0.0,7063.485000000001,18.289473684210527,2026-02
101704,2026-05-21,杭州,glass,1,3.01,45.7,40.5,21.6,cardboard,14.58,169.0,0.0,39978.36000000001,4.843853820598007,2026-05
101384,2026-07-30,上海,books,0,2.71,28.2,30.4,9.2,bubble,9.68,52.0,0.0,7886.975999999999,3.5719557195571956,2026-07
101788,2026-05-19,北京,electronics,0,2.5,46.6,27.6,32.0,bubble,11.28,80.0,0.0,41157.12,4.512,2026-05
100252,2026-05-27,广州,books,0,1.5,59.6,15.7,33.0,bubble,8.89,50.0,0.0,30878.760000000002,5.926666666666667,2026-05
100472,2026-02-20,杭州,ceramics,1,3.05,45.4,40.8,39.1,wood,20.22,125.0,0.0,72425.71199999998,6.629508196721312,2026-02
100383,2026-01-21,成都,electronics,0,0.78,46.5,22.5,20.7,cardboard,10.31,91.0,0.0,21657.375,13.217948717948719,2026-01
100782,2026-01-21,西安,electronics,0,3.78,20.2,32.2,25.0,wood,19.55,123.0,0.0,16261.000000000002,5.1719576719576725,2026-01
100619,2026-03-19,深圳,glass,1,1.24,43.5,16.7,9.3,wood,15.14,204.0,0.0,6755.985,12.20967741935484,2026-03
101092,2026-07-18,武汉,ceramics,1,4.15,38.0,16.8,26.9,wood,19.64,99.0,0.0,17172.96,4.732530120481927,2026-07
101403,2026-02-24,北京,electronics,0,1.44,30.6,22.5,21.4,bubble,7.48,126.0,0.0,14733.9,5.194444444444445,2026-02
101138,2026-01-07,北京,glass,1,2.78,28.1,29.0,34.9,bubble,10.1,169.0,0.0,28440.010000000002,3.633093525179856,2026-01
101602,2026-05-16,北京,ceramics,1,4.08,38.1,21.6,20.1,wood,19.66,123.0,0.0,16541.496000000003,4.818627450980392,2026-05
100584,2026-07-31,广州,glass,1,2.76,34.9,13.8,37.1,wood,20.41,165.0,0.0,17868.102000000003,7.394927536231885,2026-07
100926,2026-01-26,杭州,books,0,1.66,36.6,32.8,31.9,bubble,8.26,48.0,0.0,38295.312,4.975903614457831,2026-01
100066,2026-05-20,北京,electronics,0,3.44,34.5,11.3,38.6,cardboard,12.43,94.0,0.0,15048.210000000001,3.613372093023256,2026-05
100924,2026-03-10,北京,electronics,0,1.49,48.0,19.4,28.1,cardboard,8.56,92.0,0.0,26166.72,5.744966442953021,2026-03
100322,2026-06-08,深圳,clothing,0,0.5,28.7,41.1,24.0,cardboard,9.32,29.0,0.0,28309.68,18.64,2026-06
100306,2026-04-01,深圳,ceramics,1,1.98,41.8,21.0,16.6,cardboard,9.87,88.0,0.0,14571.480000000001,4.984848484848484,2026-04
101542,2026-06-19,成都,electronics,0,0.77,19.9,26.3,24.9,bubble,7.89,99.0,0.0,13031.912999999999,10.246753246753245,2026-06
101772,2026-03-28,北京,glass,1,4.38,37.3,15.4,39.3,wood,20.39,206.0,0.0,22574.706,4.655251141552512,2026-03
101402,2026-02-02,西安,clothing,0,0.55,38.2,26.8,37.3,cardboard,9.93,35.0,0.0,38186.248,18.05454545454545,2026-02
100433,2026-05-14,成都,books,0,1.65,37.8,25.3,14.5,bubble,8.1,37.0,0.0,13866.929999999998,4.909090909090909,2026-05
100695,2026-02-10,西安,electronics,1,2.88,49.3,37.8,32.2,wood,19.98,105.0,0.0,60005.988,6.9375,2026-02
101665,2026-06-15,广州,glass,1,2.08,36.9,22.8,31.1,cardboard,10.5,186.0,0.0,26165.052000000003,5.0480769230769225,2026-06
100112,2026-08-05,北京,clothing,0,0.81,17.7,17.5,25.5,bubble,5.46,27.0,0.0,7898.625,6.7407407407407405,2026-08
101023,2026-08-07,广州,electronics,0,3.03,23.3,21.2,16.2,wood,18.23,83.0,0.0,8002.151999999999,6.016501650165017,2026-08
100030,2026-01-18,广州,books,0,2.77,39.1,39.7,27.8,cardboard,14.42,47.0,0.0,43153.10600000001,5.205776173285199,2026-01
101883,2026-08-26,上海,clothing,0,0.55,34.9,37.1,15.7,bubble,8.23,27.0,0.0,20328.202999999998,14.963636363636363,2026-08
100384,2026-08-04,上海,electronics,0,4.89,15.6,21.7,10.3,cardboard,14.78,116.0,0.0,3486.756,3.0224948875255624,2026-08
101473,2026-05-23,深圳,clothing,0,0.76,55.3,18.5,36.9,bubble,7.87,27.0,0.0,37750.545,10.355263157894736,2026-05
101874,2026-07-24,武汉,electronics,1,3.62,22.0,28.5,34.6,wood,17.58,112.0,0.0,21694.2,4.856353591160221,2026-07
100307,2026-01-09,广州,clothing,0,0.25,37.8,24.9,5.4,cardboard,8.2,41.0,0.0,5082.588,32.8,2026-01
100057,2026-02-23,杭州,electronics,0,0.68,59.3,27.2,39.2,bubble,9.66,85.0,0.0,63228.032,14.205882352941176,2026-02
100772,2026-05-06,武汉,electronics,0,0.58,41.9,33.8,14.8,cardboard,9.29,136.0,0.0,20960.055999999997,16.017241379310345,2026-05
100778,2026-06-15,北京,clothing,0,0.79,43.3,43.0,33.1,bubble,9.64,33.0,0.0,61628.89,12.20253164556962,2026-06
101694,2026-07-03,广州,clothing,0,0.99,31.1,28.4,25.2,cardboard,11.7,35.0,0.0,22257.648,11.818181818181818,2026-07
101272,2026-05-31,广州,books,0,2.89,35.2,37.6,38.4,bubble,12.62,41.0,0.0,50823.168000000005,4.366782006920415,2026-05
101577,2026-01-26,武汉,electronics,0,3.21,34.9,36.2,22.4,cardboard,12.66,135.0,0.0,28299.712,3.94392523364486,2026-01
100421,2026-06-21,成都,electronics,0,3.3,23.8,19.3,14.6,cardboard,13.65,96.0,0.0,6706.3640000000005,4.136363636363637,2026-06
100820,2026-08-01,广州,electronics,0,0.86,32.9,41.1,21.2,bubble,6.67,113.0,0.0,28666.428,7.7558139534883725,2026-08
101511,2026-06-18,武汉,glass,1,2.88,31.1,34.7,15.1,cardboard,14.69,146.0,0.0,16295.467,5.100694444444445,2026-06
101183,2026-07-23,北京,electronics,1,2.07,20.4,14.5,5.2,wood,14.81,117.0,0.0,1538.1599999999999,7.154589371980677,2026-07
100495,2026-08-06,上海,clothing,0,1.45,30.8,28.8,20.6,bubble,8.26,33.0,0.0,18273.024,5.696551724137931,2026-08
100325,2026-06-27,成都,clothing,0,0.6,28.8,25.6,16.3,cardboard,8.8,28.0,0.0,12017.664000000002,14.666666666666668,2026-06
101437,2026-02-05,西安,clothing,0,1.13,30.2,42.7,26.1,bubble,8.74,26.0,0.0,33656.994,7.734513274336284,2026-02
101134,2026-08-26,上海,clothing,1,0.48,36.9,38.7,27.5,wood,16.02,31.0,0.0,39270.825,33.375,2026-08
100904,2026-01-28,西安,glass,1,3.66,21.0,25.6,16.7,cardboard,15.64,132.0,0.0,8977.92,4.273224043715847,2026-01
101367,2026-07-24,武汉,clothing,0,1.26,28.2,44.2,24.1,cardboard,11.52,35.0,0.0,30039.204,9.142857142857142,2026-07
101152,2026-02-25,成都,clothing,0,0.59,28.6,30.1,37.7,bubble,8.17,38.0,0.0,32454.422000000006,13.847457627118645,2026-02
101556,2026-02-04,武汉,ceramics,1,1.5,54.3,11.7,22.4,wood,14.26,136.0,0.0,14230.943999999998,9.506666666666666,2026-02
100352,2026-06-05,深圳,glass,1,3.17,36.0,23.0,12.1,cardboard,13.92,209.0,0.0,10018.8,4.391167192429022,2026-06
101519,2026-08-01,武汉,clothing,0,0.999,37.3,23.7,38.0,bubble,6.94,39.0,0.0,33592.38,6.946946946946947,2026-08
101464,2026-06-03,深圳,ceramics,1,3.73,32.6,26.9,5.9,wood,17.65,91.0,0.0,5173.946,4.7319034852546915,2026-06
100819,2026-01-08,武汉,glass,1,3.79,59.7,41.8,22.0,wood,22.57,188.0,0.0,54900.12,5.955145118733509,2026-01
100615,2026-02-19,广州,clothing,0,0.71,35.9,44.2,23.1,bubble,7.91,33.0,0.0,36654.618,11.140845070422536,2026-02
100071,2026-05-16,深圳,ceramics,1,3.94,42.9,15.7,32.1,cardboard,13.49,135.0,0.0,21620.313,3.4238578680203045,2026-05
100451,2026-05-22,北京,glass,1,3.8,36.9,18.5,13.2,wood,18.49,164.0,0.0,9010.98,4.86578947368421,2026-05
101308,2026-08-31,杭州,clothing,0,0.61,46.4,22.2,5.0,bubble,7.42,25.0,0.0,5150.4,12.163934426229508,2026-08
101579,2026-04-27,北京,books,0,1.77,16.3,30.3,36.6,bubble,8.71,51.0,0.0,18076.374000000003,4.92090395480226,2026-04
101950,2026-06-07,广州,books,0,0.95,48.6,14.5,40.0,cardboard,11.33,50.0,0.0,28188.0,11.926315789473685,2026-06
101186,2026-08-05,上海,books,0,1.9,15.1,37.3,34.0,bubble,8.65,47.0,0.0,19149.819999999996,4.552631578947369,2026-08
100870,2026-08-31,上海,electronics,1,3.71,52.1,38.3,34.9,wood,22.16,126.0,0.0,69640.507,5.973045822102426,2026-08
100354,2026-01-10,深圳,clothing,0,1.41,44.8,28.1,23.3,cardboard,11.71,29.0,0.0,29331.904,8.304964539007093,2026-01
101469,2026-04-20,上海,books,0,2.79,17.1,11.0,9.8,bubble,10.59,54.0,0.0,1843.3800000000003,3.7956989247311825,2026-04
100975,2026-03-19,武汉,glass,1,3.83,50.5,11.0,33.6,cardboard,13.74,164.0,0.0,18664.8,3.587467362924282,2026-03
101340,2026-08-22,深圳,clothing,0,0.24,39.1,29.6,12.9,bubble,7.33,25.0,0.0,14929.944000000001,30.541666666666668,2026-08
101551,2026-04-18,西安,glass,1,2.58,31.9,27.1,15.0,cardboard,12.11,128.0,0.0,12967.35,4.693798449612403,2026-04
100125,2026-08-03,成都,electronics,1,2.05,33.2,38.3,39.1,cardboard,13.23,111.0,0.0,49717.996,6.453658536585366,2026-08
100211,2026-03-13,广州,glass,1,2.01,37.3,42.2,6.1,cardboard,9.61,127.0,0.0,9601.766,4.781094527363185,2026-03
100949,2026-06-21,成都,clothing,0,1.23,50.1,28.4,11.1,bubble,7.28,41.0,0.0,15793.524,5.91869918699187,2026-06
101079,2026-03-24,杭州,ceramics,1,4.31,59.0,13.8,32.9,wood,20.34,89.0,0.0,26787.18,4.719257540603249,2026-03
101647,2026-08-21,武汉,books,0,1.6,37.3,43.5,7.9,bubble,7.49,51.0,0.0,12818.145,4.6812499999999995,2026-08
101494,2026-05-30,广州,electronics,0,3.72,54.9,21.8,13.9,cardboard,14.3,83.0,0.0,16635.798,3.8440860215053765,2026-05
101112,2026-07-06,成都,ceramics,1,3.38,18.8,14.4,31.6,wood,18.07,134.0,0.0,8554.752,5.346153846153847,2026-07
100585,2026-01-03,成都,clothing,0,0.95,52.7,38.4,12.9,bubble,8.11,32.0,0.0,26105.472,8.536842105263158,2026-01
101334,2026-01-28,成都,electronics,1,3.77,46.5,16.3,34.1,cardboard,13.22,138.0,0.0,25846.095,3.506631299734748,2026-01
100353,2026-05-21,西安,electronics,1,4.79,47.3,42.0,22.05,wood,21.17,82.0,0.0,43804.53,4.419624217118998,2026-05
101042,2026-07-07,杭州,electronics,0,1.19,53.1,31.8,26.8,bubble,10.94,96.0,0.0,45253.944,9.193277310924369,2026-07
101755,2026-05-21,上海,electronics,1,4.61,59.8,35.5,27.6,wood,21.45,127.0,0.0,58592.04000000001,4.6529284164859,2026-05
101567,2026-02-25,广州,glass,1,2.24,29.3,14.2,25.2,cardboard,12.69,120.0,0.0,10484.712,5.66517857142857,2026-02
100520,2026-05-25,西安,electronics,0,0.81,54.7,32.8,16.3,bubble,8.15,96.0,0.0,29244.807999999997,10.061728395061728,2026-05
100070,2026-01-22,杭州,electronics,1,0.71,15.4,16.6,6.1,bubble,4.59,94.0,0.0,1559.404,6.464788732394366,2026-01
100523,2026-07-19,深圳,electronics,1,3.24,25.8,11.9,7.8,wood,17.71,135.0,0.0,2394.7560000000003,5.466049382716049,2026-07
101631,2026-02-10,杭州,books,0,1.37,49.0,42.0,24.3,bubble,10.04,51.0,0.0,50009.4,7.32846715328467,2026-02
101081,2026-03-27,西安,electronics,0,3.72,33.2,31.2,36.3,cardboard,15.99,96.0,0.0,37600.992000000006,4.298387096774193,2026-03
101561,2026-03-06,北京,ceramics,1,1.78,54.0,29.9,13.6,wood,16.15,133.0,0.0,21958.559999999998,9.073033707865168,2026-03
101014,2026-07-13,深圳,electronics,0,4.48,18.2,34.8,33.2,cardboard,16.35,110.0,0.0,21027.552,3.6495535714285716,2026-07
101834,2026-05-22,杭州,ceramics,1,3.41,39.2,35.3,15.5,wood,18.28,131.0,0.0,21448.28,5.360703812316715,2026-05
100212,2026-01-24,成都,books,0,1.66,37.4,30.3,18.2,bubble,8.51,42.0,0.0,20624.604,5.126506024096385,2026-01
101011,2026-01-22,北京,books,0,2.41,55.8,26.8,11.0,bubble,11.23,49.0,0.0,16449.84,4.659751037344399,2026-01
101568,2026-08-18,广州,clothing,1,1.17,34.7,32.8,9.4,cardboard,8.67,30.0,0.0,10698.704000000002,7.410256410256411,2026-08
100100,2026-02-02,武汉,electronics,0,3.14,51.7,40.1,10.9,cardboard,13.09,127.0,0.0,22597.553,4.1687898089171975,2026-02
101311,2026-02-25,杭州,glass,1,3.77,20.6,15.9,26.5,cardboard,11.72,181.0,0.0,8679.810000000001,3.1087533156498677,2026-02
100731,2026-04-06,广州,books,0,1.78,48.8,41.8,29.6,bubble,9.77,45.0,0.0,60379.263999999996,5.48876404494382,2026-04
100530,2026-08-17,广州,electronics,0,2.0,19.3,40.6,22.9,bubble,10.24,102.0,0.0,17943.982,5.12,2026-08
100299,2026-06-27,杭州,electronics,1,0.92,43.3,24.7,8.2,cardboard,9.93,123.0,0.0,8769.982,10.793478260869565,2026-06
101019,2026-03-18,西安,ceramics,1,1.08,26.2,20.3,30.1,wood,13.87,83.0,0.0,16008.986,12.842592592592592,2026-03
100713,2026-01-12,成都,clothing,0,0.91,36.8,19.1,32.7,bubble,8.53,39.0,0.0,22984.176000000003,9.373626373626372,2026-01
101330,2026-08-31,广州,clothing,0,1.36,19.9,25.3,26.4,bubble,6.07,41.0,0.0,13291.607999999998,4.463235294117647,2026-08
100651,2026-02-03,北京,glass,1,3.82,16.0,27.6,24.1,wood,19.73,152.0,0.0,10642.560000000001,5.164921465968587,2026-02
100240,2026-03-11,武汉,ceramics,1,2.73,24.4,38.8,11.9,wood,17.9,114.0,0.0,11265.967999999999,6.556776556776557,2026-03
101962,2026-04-23,深圳,glass,1,4.16,36.2,26.8,6.5,cardboard,14.57,136.0,0.0,6306.040000000001,3.5024038461538463,2026-04
101722,2026-04-19,北京,clothing,0,0.44,49.1,29.2,23.5,bubble,8.3,26.0,0.0,33692.42,18.863636363636367,2026-04
101847,2026-02-07,西安,electronics,1,3.14,50.7,41.2,13.6,wood,19.49,116.0,0.0,28408.224000000002,6.207006369426751,2026-02
100395,2026-06-26,杭州,ceramics,1,3.8,40.6,18.2,30.6,wood,18.46,132.0,0.0,22610.952,4.8578947368421055,2026-06
101354,2026-08-04,武汉,glass,1,3.38,25.0,37.2,13.7,wood,17.3,162.0,0.0,12741.0,5.118343195266273,2026-08
101230,2026-07-29,北京,clothing,0,1.48,27.6,15.4,32.6,cardboard,10.91,40.0,0.0,13856.304000000002,7.371621621621622,2026-07
101717,2026-06-27,成都,electronics,0,1.27,30.5,44.5,32.8,cardboard,11.5,101.0,0.0,44517.799999999996,9.05511811023622,2026-06
101145,2026-05-06,西安,clothing,0,1.09,46.6,15.5,32.8,cardboard,10.3,28.0,0.0,23691.44,9.44954128440367,2026-05
101621,2026-06-22,武汉,ceramics,1,1.65,28.1,35.5,27.4,cardboard,9.1,132.0,0.0,27332.87,5.515151515151516,2026-06
100803,2026-02-16,上海,electronics,0,1.16,41.9,38.3,25.7,bubble,8.33,103.0,0.0,41242.58899999999,7.181034482758621,2026-02
100129,2026-04-21,深圳,clothing,0,1.43,39.6,29.0,36.5,bubble,10.86,32.0,0.0,41916.600000000006,7.594405594405594,2026-04
100863,2026-02-02,广州,ceramics,1,1.56,40.7,16.5,30.3,cardboard,8.88,106.0,0.0,20347.965000000004,5.6923076923076925,2026-02
100276,2026-05-21,成都,glass,1,4.12,25.4,44.5,29.7,wood,22.3,136.0,1.0,33569.909999999996,5.412621359223301,2026-05
100535,2026-03-14,北京,electronics,0,1.21,36.9,30.6,23.1,cardboard,10.16,126.0,0.0,26083.134000000005,8.396694214876034,2026-03
101056,2026-03-10,西安,ceramics,1,3.31,21.4,27.0,22.9,wood,17.46,134.0,0.0,13231.619999999999,5.2749244712990935,2026-03
101426,2026-02-06,北京,ceramics,1,4.41,59.0,24.5,20.1,wood,19.12,98.0,0.0,29054.550000000003,4.3356009070294785,2026-02
101377,2026-08-18,广州,electronics,1,3.43,33.0,33.5,18.4,cardboard,12.31,133.0,0.0,20341.199999999997,3.5889212827988337,2026-08
101346,2026-01-23,上海,books,0,1.6,19.4,25.4,36.3,bubble,8.8,52.0,0.0,17887.187999999995,5.5,2026-01
100527,2026-03-31,北京,ceramics,1,2.27,49.2,29.8,22.8,cardboard,11.66,129.0,0.0,33428.448000000004,5.136563876651983,2026-03
100486,2026-07-09,西安,electronics,0,0.81,45.0,17.1,37.0,bubble,7.77,119.0,0.0,28471.500000000004,9.592592592592592,2026-07
101810,2026-04-04,西安,books,0,1.71,47.4,44.4,20.3,cardboard,12.7,41.0,0.0,42722.568,7.426900584795321,2026-04
101971,2026-06-04,广州,ceramics,1,1.5,53.3,16.2,33.4,cardboard,10.46,114.0,0.0,28839.563999999995,6.973333333333334,2026-06
101892,2026-06-08,上海,electronics,1,2.73,50.8,29.2,36.3,cardboard,12.79,85.0,0.0,53845.96799999999,4.684981684981684,2026-06
101560,2026-03-27,成都,clothing,0,0.61,39.8,29.2,16.4,cardboard,9.28,26.0,0.0,19059.423999999995,15.21311475409836,2026-03
101813,2026-02-24,武汉,books,0,0.91,15.2,34.1,12.7,bubble,6.02,53.0,0.0,6582.664000000001,6.615384615384615,2026-02
101191,2026-07-27,杭州,ceramics,1,4.31,23.3,28.9,18.5,cardboard,13.87,91.0,0.0,12457.345,3.2180974477958237,2026-07
100528,2026-03-18,深圳,clothing,0,0.87,47.2,28.3,32.8,bubble,9.43,30.0,0.0,43812.928,10.839080459770114,2026-03
101236,2026-05-29,杭州,glass,1,3.38,20.8,12.9,39.8,cardboard,12.78,174.0,0.0,10679.135999999999,3.7810650887573964,2026-05
100531,2026-01-25,北京,electronics,0,3.05,57.4,17.7,8.5,cardboard,12.69,131.0,0.0,8635.83,4.160655737704918,2026-01
100901,2026-07-02,北京,electronics,0,2.9,19.3,44.0,28.3,cardboard,12.4,110.0,0.0,24032.36,4.275862068965518,2026-07
101871,2026-04-10,武汉,books,0,0.3,42.3,25.8,14.1,bubble,5.75,46.0,0.0,15387.893999999998,19.166666666666668,2026-04
101259,2026-03-27,杭州,electronics,0,1.06,21.1,41.9,17.6,bubble,8.13,133.0,0.0,15559.984000000002,7.669811320754717,2026-03
100818,2026-02-23,成都,electronics,0,2.97,35.2,33.9,36.1,cardboard,13.55,130.0,0.0,43077.408,4.562289562289562,2026-02
100908,2026-02-24,西安,electronics,0,2.18,47.0,17.1,6.3,bubble,9.26,103.0,0.0,5063.31,4.247706422018348,2026-02
101041,2026-03-04,北京,clothing,0,1.15,51.7,36.5,19.0,bubble,7.2,25.0,0.0,35853.950000000004,6.260869565217392,2026-03
101454,2026-06-12,西安,ceramics,1,1.58,46.8,44.9,11.3,cardboard,12.22,118.0,0.0,23744.915999999997,7.734177215189874,2026-06
100680,2026-08-14,广州,electronics,1,0.59,57.6,45.0,31.7,wood,16.32,124.0,0.0,82166.4,27.661016949152543,2026-08
101165,2026-02-27,西安,electronics,0,2.18,22.1,19.5,9.5,cardboard,11.11,110.0,0.0,4094.0250000000005,5.0963302752293576,2026-02
101537,2026-03-05,杭州,electronics,1,1.15,19.6,21.9,23.6,bubble,8.15,127.0,0.0,10130.064,7.086956521739132,2026-03
100116,2026-01-08,杭州,glass,1,4.88,41.3,14.5,16.2,wood,20.91,197.0,0.0,9701.369999999999,4.284836065573771,2026-01
100966,2026-03-21,广州,ceramics,1,1.94,50.4,44.2,27.3,bubble,11.94,128.0,0.0,60815.66400000001,6.154639175257732,2026-03
100343,2026-05-02,成都,ceramics,1,2.05,57.3,43.6,28.8,cardboard,12.66,109.0,0.0,71950.46399999999,6.175609756097562,2026-05
101942,2026-03-27,深圳,glass,1,1.87,52.6,16.0,15.8,cardboard,11.05,133.0,0.0,13297.28,5.909090909090909,2026-03
101997,2026-04-28,深圳,electronics,1,2.77,15.9,43.9,18.3,cardboard,10.43,111.0,0.0,12773.583,3.7653429602888084,2026-04
100255,2026-07-13,上海,ceramics,0,3.65,17.8,30.9,9.2,cardboard,11.32,123.0,0.0,5060.183999999999,3.1013698630136988,2026-07
101827,2026-02-05,杭州,electronics,1,2.37,30.1,43.6,29.0,cardboard,12.75,94.0,0.0,38058.44,5.379746835443037,2026-02
101832,2026-05-25,西安,ceramics,1,2.34,45.3,38.1,15.6,cardboard,13.23,124.0,0.0,26924.508,5.653846153846154,2026-05
101951,2026-05-08,西安,electronics,0,3.18,41.1,16.1,37.3,cardboard,13.96,135.0,0.0,24681.783,4.389937106918239,2026-05
101091,2026-06-11,成都,glass,0,1.03,41.3,17.6,14.7,bubble,8.75,121.0,0.0,10685.135999999999,8.495145631067961,2026-06
101275,2026-07-12,广州,ceramics,1,3.86,51.7,19.7,39.8,cardboard,14.44,82.0,0.0,40535.901999999995,3.7409326424870466,2026-07
100121,2026-01-19,西安,glass,1,4.49,27.2,15.6,32.1,wood,17.74,206.0,0.0,13620.672,3.9510022271714917,2026-01
101944,2026-02-01,成都,ceramics,1,4.38,59.2,37.3,32.0,wood,22.58,114.0,0.0,70661.12,5.155251141552511,2026-02
100580,2026-02-18,上海,clothing,0,0.43,20.8,44.2,12.1,cardboard,8.12,29.0,0.0,11124.256000000001,18.883720930232556,2026-02
101302,2026-01-14,武汉,glass,1,3.32,32.4,22.0,18.6,wood,18.07,207.0,0.0,13258.08,5.44277108433735,2026-01
100257,2026-02-01,上海,electronics,1,3.56,59.1,35.9,21.3,bubble,12.41,124.0,0.0,45191.997,3.485955056179775,2026-02
100809,2026-08-18,上海,clothing,0,0.78,37.5,31.7,19.2,bubble,6.91,33.0,0.0,22824.0,8.85897435897436,2026-08
100136,2026-04-16,成都,glass,1,1.05,50.2,25.0,27.3,cardboard,12.69,151.0,0.0,34261.5,12.085714285714285,2026-04
101111,2026-03-28,杭州,books,0,2.14,49.4,33.6,12.8,bubble,9.64,52.0,0.0,21245.952,4.5046728971962615,2026-03
101582,2026-07-29,上海,glass,1,0.9,36.7,10.7,25.3,bubble,7.31,135.0,0.0,9935.057,8.122222222222222,2026-07
100940,2026-05-10,杭州,glass,1,2.82,45.6,27.0,28.1,wood,17.76,194.0,0.0,34596.72,6.297872340425533,2026-05
100465,2026-01-26,深圳,clothing,0,1.42,42.1,36.8,6.9,bubble,7.86,29.0,0.0,10690.032000000001,5.535211267605634,2026-01
100439,2026-06-14,武汉,glass,1,1.55,55.9,30.8,15.5,cardboard,10.23,149.0,0.0,26686.66,6.6,2026-06
101048,2026-01-09,武汉,electronics,0,2.43,46.3,30.6,17.2,bubble,9.85,88.0,0.0,24368.615999999998,4.053497942386831,2026-01
100931,2026-01-29,北京,books,0,1.15,55.0,24.4,18.2,cardboard,9.52,55.0,0.0,24424.399999999998,8.278260869565218,2026-01
100110,2026-02-08,深圳,clothing,1,0.23,36.9,19.1,19.7,cardboard,7.98,34.0,0.0,13884.363000000001,34.69565217391305,2026-02
100362,2026-02-23,北京,electronics,1,0.75,44.3,13.1,20.4,cardboard,7.58,102.0,0.0,11838.731999999998,10.106666666666667,2026-02
100351,2026-02-23,西安,ceramics,1,2.605,46.8,12.9,21.4,cardboard,10.64,100.0,0.0,12919.608,4.084452975047985,2026-02
101633,2026-01-14,广州,clothing,0,1.04,27.5,34.0,35.2,wood,15.33,36.0,0.0,32912.0,14.740384615384615,2026-01
101757,2026-06-14,北京,electronics,0,4.16,16.7,35.0,12.0,cardboard,12.11,93.0,0.0,7014.0,2.911057692307692,2026-06
100621,2026-03-04,杭州,glass,1,1.48,59.3,41.4,29.6,cardboard,11.82,150.0,0.0,72668.592,7.986486486486487,2026-03
100234,2026-07-14,武汉,electronics,0,3.45,40.1,36.3,33.9,wood,20.54,121.0,0.0,49345.856999999996,5.953623188405796,2026-07
101526,2026-01-07,西安,ceramics,1,0.98,56.8,42.8,34.6,cardboard,13.53,118.0,0.0,84113.98399999998,13.806122448979592,2026-01
101428,2026-05-05,北京,books,0,2.98,22.7,34.3,34.3,bubble,10.31,55.0,0.0,26706.322999999993,3.4597315436241614,2026-05
100693,2026-04-29,广州,clothing,0,0.86,41.0,14.1,5.1,bubble,4.19,34.0,0.0,2948.31,4.872093023255815,2026-04
101926,2026-05-03,武汉,clothing,0,0.29,26.5,11.1,27.0,cardboard,5.73,38.0,0.0,7942.049999999999,19.758620689655174,2026-05
100789,2026-04-24,广州,electronics,0,0.64,29.7,10.4,6.2,bubble,5.45,88.0,0.0,1915.056,8.515625,2026-04
101343,2026-03-25,北京,clothing,0,1.21,33.6,32.7,21.9,bubble,7.24,34.0,0.0,24061.968000000004,5.983471074380166,2026-03
100882,2026-07-26,西安,glass,1,4.41,37.0,19.3,8.0,wood,20.04,185.0,1.0,5712.8,4.54421768707483,2026-07
100757,2026-05-15,武汉,electronics,0,3.58,33.0,35.7,10.7,wood,19.42,101.0,0.0,12605.67,5.424581005586592,2026-05
100480,2026-05-28,杭州,clothing,0,0.43,28.6,44.5,18.2,bubble,5.37,38.0,0.0,23163.14,12.488372093023257,2026-05
100553,2026-02-12,西安,electronics,0,4.1,30.7,35.5,7.3,cardboard,15.01,116.0,0.0,7955.904999999999,3.6609756097560977,2026-02
101745,2026-04-27,杭州,books,0,2.78,29.8,18.1,6.0,bubble,10.79,39.0,0.0,3236.2800000000007,3.881294964028777,2026-04
100345,2026-06-06,深圳,glass,1,3.73,16.0,15.4,24.7,wood,18.13,190.0,0.0,6086.08,4.86058981233244,2026-06
101860,2026-04-09,上海,glass,1,2.16,51.1,43.1,39.1,wood,21.53,171.0,0.0,86114.23100000001,9.967592592592592,2026-04
100568,2026-04-20,上海,electronics,0,2.43,56.4,32.8,8.9,bubble,11.02,133.0,0.0,16464.288,4.534979423868312,2026-04
100571,2026-06-06,上海,clothing,0,0.93,30.1,28.3,30.2,bubble,10.04,41.0,0.0,25725.266,10.795698924731182,2026-06
100308,2026-04-07,成都,clothing,0,1.4,45.8,29.2,38.1,cardboard,12.44,26.0,0.0,50953.416,8.885714285714286,2026-04
101783,2026-02-07,上海,electronics,0,3.94,53.8,23.0,29.2,cardboard,15.04,94.0,0.0,36132.079999999994,3.817258883248731,2026-02
100213,2026-08-29,武汉,clothing,0,0.68,22.7,12.4,30.5,cardboard,8.09,25.0,0.0,8585.140000000001,11.897058823529411,2026-08
100501,2026-05-31,杭州,ceramics,1,1.17,29.7,13.9,39.3,cardboard,9.42,88.0,0.0,16224.218999999997,8.051282051282051,2026-05
100905,2026-06-10,成都,electronics,0,0.55,23.1,28.7,30.3,bubble,8.7,100.0,0.0,20087.991,15.818181818181815,2026-06
100232,2026-05-14,成都,glass,1,4.87,28.2,29.0,22.5,wood,20.59,145.0,0.0,18400.5,4.227926078028747,2026-05
100415,2026-06-03,杭州,electronics,0,3.67,27.3,38.5,10.6,cardboard,13.81,82.0,0.0,11141.13,3.7629427792915533,2026-06
101352,2026-03-22,杭州,glass,1,4.98,53.1,24.5,35.6,wood,21.81,123.0,0.0,46313.82000000001,4.379518072289156,2026-03
100282,2026-01-15,成都,electronics,0,0.88,22.6,43.4,11.8,cardboard,8.15,118.0,0.0,11573.912,9.261363636363637,2026-01
101968,2026-06-15,广州,glass,1,2.64,29.4,40.4,33.2,wood,19.26,164.0,0.0,39433.632000000005,7.295454545454546,2026-06
101240,2026-05-17,广州,electronics,0,4.79,20.4,31.4,24.4,cardboard,14.75,126.0,0.0,15629.663999999997,3.079331941544885,2026-05
100434,2026-05-14,广州,ceramics,1,2.27,15.3,12.6,20.1,wood,14.2,119.0,0.0,3874.878,6.255506607929515,2026-05
100050,2026-08-12,上海,ceramics,0,3.9,35.2,23.7,7.8,wood,18.7,108.0,0.0,6507.072,4.794871794871795,2026-08
100298,2026-04-26,北京,ceramics,1,3.17,51.9,26.9,23.7,cardboard,14.83,119.0,0.0,33087.80699999999,4.678233438485805,2026-04
100779,2026-02-27,深圳,electronics,1,3.3,31.3,28.7,5.1,wood,19.43,111.0,0.0,4581.380999999999,5.887878787878788,2026-02
100483,2026-07-13,成都,electronics,0,2.06,32.8,11.4,37.1,cardboard,11.56,85.0,0.0,13872.431999999999,5.611650485436893,2026-07
100707,2026-07-15,深圳,electronics,0,2.21,53.1,28.9,13.4,bubble,10.42,90.0,0.0,20563.506,4.714932126696833,2026-07
100775,2026-08-24,西安,books,0,2.3,57.7,13.9,14.0,cardboard,12.41,39.0,0.0,11228.420000000002,5.395652173913044,2026-08
101126,2026-07-17,成都,ceramics,1,3.73,57.1,35.4,23.5,wood,21.07,115.0,0.0,47501.49,5.648793565683646,2026-07
101125,2026-06-24,杭州,clothing,0,0.66,17.5,12.5,18.2,bubble,7.64,25.0,0.0,3981.25,11.575757575757574,2026-06
101353,2026-06-13,广州,clothing,0,0.72,30.7,32.5,27.8,bubble,9.49,35.0,0.0,27737.45,13.180555555555557,2026-06
100174,2026-02-04,成都,electronics,0,4.11,23.0,41.6,24.2,wood,19.97,119.0,0.0,23154.56,4.858880778588807,2026-02
100810,2026-07-20,深圳,clothing,0,1.17,15.3,22.1,20.4,bubble,6.63,41.0,0.0,6897.852000000001,5.666666666666667,2026-07
100430,2026-07-03,成都,clothing,0,0.54,29.2,42.1,17.0,bubble,4.1,37.0,0.0,20898.44,7.592592592592592,2026-07
100496,2026-03-13,北京,books,0,1.73,23.6,12.2,21.7,bubble,7.13,49.0,0.0,6247.8640000000005,4.121387283236994,2026-03
101736,2026-03-26,上海,ceramics,1,1.9,29.2,17.3,39.4,wood,15.78,130.0,0.0,19903.304,8.305263157894737,2026-03
100238,2026-08-09,西安,clothing,0,0.84,37.2,16.9,35.1,cardboard,10.94,39.0,0.0,22066.667999999998,13.023809523809524,2026-08
101748,2026-06-06,西安,clothing,0,0.34,40.5,23.7,12.1,cardboard,8.15,33.0,0.0,11614.185,23.970588235294116,2026-06
100544,2026-01-23,深圳,glass,1,0.98,36.7,13.8,29.1,bubble,6.46,171.0,0.0,14737.986000000003,6.591836734693878,2026-01
100024,2026-08-13,上海,electronics,0,1.56,19.7,12.3,25.8,bubble,8.15,98.0,0.0,6251.598,5.2243589743589745,2026-08
101670,2026-07-31,成都,electronics,1,1.55,30.8,39.3,21.7,bubble,7.71,106.0,0.0,26266.547999999995,4.974193548387096,2026-07
100064,2026-01-15,杭州,ceramics,1,3.55,28.5,18.4,16.3,cardboard,13.46,96.0,0.0,8547.72,3.791549295774648,2026-01
100631,2026-04-15,成都,glass,1,4.05,47.2,41.2,25.8,cardboard,17.55,176.0,0.0,50171.71200000001,4.333333333333334,2026-04
100189,2026-06-23,成都,electronics,0,2.77,58.9,16.5,15.5,cardboard,14.32,92.0,0.0,15063.675000000001,5.169675090252707,2026-06
101880,2026-05-17,武汉,books,0,2.92,44.5,39.4,28.1,bubble,10.6,47.0,0.0,49267.73,3.6301369863013697,2026-05
100862,2026-06-26,成都,books,0,2.69,22.2,12.7,8.8,cardboard,11.96,48.0,0.0,2481.072,4.4460966542750935,2026-06
101678,2026-07-23,杭州,clothing,0,0.35,35.3,33.9,32.9,bubble,9.42,27.0,0.0,39370.44299999999,26.914285714285715,2026-07
100369,2026-07-02,上海,ceramics,1,2.46,28.2,43.4,18.8,cardboard,11.28,122.0,0.0,23008.944,4.585365853658536,2026-07
100271,2026-02-16,北京,ceramics,1,3.83,47.2,40.6,22.4,cardboard,16.02,116.0,0.0,42925.568,4.1827676240208875,2026-02
101618,2026-01-03,杭州,glass,1,2.35,33.3,39.7,24.1,wood,17.73,159.0,0.0,31860.441000000003,7.54468085106383,2026-01
100874,2026-06-26,广州,clothing,0,1.22,31.2,43.2,28.1,cardboard,10.26,28.0,0.0,37874.304000000004,8.40983606557377,2026-06
100197,2026-01-13,深圳,glass,1,1.91,54.6,19.5,36.3,cardboard,12.76,165.0,0.0,38648.61,6.680628272251309,2026-01
100484,2026-03-10,上海,clothing,0,0.25,42.1,42.2,20.3,cardboard,7.55,37.0,0.0,36065.386000000006,30.2,2026-03
101217,2026-02-02,成都,glass,1,3.64,22.8,31.2,9.1,wood,19.19,141.0,0.0,6473.376,5.271978021978022,2026-02
101270,2026-06-28,上海,glass,0,1.05,25.0,35.4,5.0,bubble,8.02,154.0,0.0,4425.0,7.638095238095238,2026-06
101273,2026-05-06,成都,glass,1,4.25,47.0,23.3,24.5,wood,18.46,185.0,0.0,26829.950000000004,4.343529411764706,2026-05
101314,2026-06-22,成都,electronics,1,1.14,50.9,25.8,34.4,cardboard,10.58,127.0,0.0,45174.768,9.280701754385966,2026-06
100101,2026-03-12,西安,electronics,1,3.98,59.9,16.7,10.4,wood,20.21,111.0,0.0,10403.431999999999,5.077889447236181,2026-03
101829,2026-08-13,西安,glass,1,1.94,51.8,12.4,30.8,cardboard,10.96,124.0,0.0,19783.456,5.649484536082475,2026-08
101588,2026-03-04,北京,ceramics,1,3.57,50.1,12.5,22.8,cardboard,13.06,126.0,0.0,14278.5,3.658263305322129,2026-03
101969,2026-07-01,深圳,clothing,0,0.83,58.7,36.8,30.6,cardboard,12.41,26.0,0.0,66100.896,14.951807228915664,2026-07
100221,2026-08-12,成都,books,0,2.26,43.4,36.5,34.0,bubble,12.1,39.0,0.0,53859.399999999994,5.353982300884956,2026-08
101674,2026-05-12,武汉,clothing,0,0.99,24.7,15.8,39.9,bubble,5.91,33.0,0.0,15571.374,5.96969696969697,2026-05
100481,2026-03-19,广州,glass,1,3.36,53.8,33.4,31.7,wood,19.79,141.0,0.0,56962.363999999994,5.8898809523809526,2026-03
101677,2026-01-07,杭州,electronics,0,4.35,49.4,39.7,22.9,cardboard,16.09,136.0,0.0,44911.022,3.698850574712644,2026-01
101447,2026-07-17,广州,ceramics,1,3.51,44.0,18.8,29.6,wood,17.81,80.0,0.0,24485.120000000003,5.074074074074074,2026-07
100734,2026-02-04,广州,electronics,1,3.27,20.7,38.7,37.9,wood,18.15,86.0,0.0,30361.311,5.55045871559633,2026-02
100758,2026-06-05,武汉,ceramics,1,3.12,17.3,41.6,35.9,wood,17.55,111.0,0.0,25836.512000000002,5.625,2026-06
100980,2026-01-21,杭州,ceramics,1,4.38,23.2,20.7,37.9,wood,18.62,94.0,0.0,18201.095999999998,4.251141552511416,2026-01
100612,2026-03-29,北京,books,0,0.34,29.9,30.9,17.7,bubble,5.9,34.0,0.0,16353.206999999999,17.352941176470587,2026-03
101988,2026-03-30,上海,electronics,0,4.15,58.8,37.2,12.5,wood,19.6,128.0,0.0,27342.0,4.72289156626506,2026-03
100858,2026-01-09,上海,ceramics,1,1.72,26.3,38.0,28.4,bubble,9.01,92.0,0.0,28382.96,5.238372093023256,2026-01
100317,2026-03-13,杭州,glass,1,3.76,46.5,36.2,28.7,wood,22.1,164.0,0.0,48310.71000000001,5.877659574468086,2026-03
100597,2026-03-27,武汉,ceramics,1,2.77,34.5,31.9,20.5,cardboard,12.63,137.0,0.0,22561.274999999998,4.55956678700361,2026-03
101508,2026-03-19,杭州,electronics,0,4.35,20.3,33.1,17.6,cardboard,15.87,132.0,0.0,11825.968000000003,3.6482758620689655,2026-03
101243,2026-05-09,上海,glass,1,2.13,20.0,17.7,11.7,cardboard,11.53,151.0,0.0,4141.8,5.413145539906103,2026-05
101284,2026-04-18,深圳,electronics,0,3.4,52.7,22.8,37.0,cardboard,14.37,96.0,0.0,44457.72000000001,4.226470588235294,2026-04
100079,2026-04-15,成都,clothing,0,1.15,19.7,41.6,35.3,bubble,7.39,27.0,0.0,28929.055999999997,6.42608695652174,2026-04
100839,2026-04-07,杭州,clothing,0,1.45,16.3,18.9,18.1,bubble,9.03,30.0,0.0,5576.067,6.227586206896551,2026-04
100033,2026-07-10,北京,ceramics,1,2.92,49.4,38.0,22.2,wood,16.69,87.0,0.0,41673.84,5.715753424657535,2026-07
100463,2026-02-26,杭州,glass,1,3.99,59.8,29.4,29.1,wood,21.09,197.0,0.0,51161.292,5.285714285714286,2026-02
100747,2026-08-11,西安,electronics,0,1.12,57.7,32.9,13.1,cardboard,8.41,116.0,0.0,24868.123,7.508928571428571,2026-08
101848,2026-01-29,广州,electronics,0,0.81,30.6,11.9,22.05,bubble,5.86,138.0,0.0,8029.287000000001,7.234567901234568,2026-01
100423,2026-01-27,北京,books,0,0.88,53.0,38.1,9.4,bubble,4.66,53.0,0.0,18981.420000000002,5.295454545454546,2026-01
100164,2026-07-02,深圳,electronics,0,2.99,43.1,14.7,29.3,bubble,9.93,84.0,0.0,18563.601,3.321070234113712,2026-07
100204,2026-03-16,成都,glass,1,2.35,17.7,22.9,13.9,wood,16.21,143.0,0.0,5634.0869999999995,6.897872340425532,2026-03
101415,2026-07-08,北京,ceramics,1,1.17,50.9,28.7,5.1,wood,13.66,118.0,0.0,7450.232999999999,11.675213675213676,2026-07
100290,2026-04-29,成都,electronics,1,0.76,53.9,15.0,15.1,cardboard,8.16,113.0,0.0,12208.35,10.736842105263158,2026-04
100938,2026-03-07,成都,clothing,0,0.7,15.3,16.6,37.6,bubble,9.64,29.0,0.0,9549.648000000003,13.771428571428572,2026-03
100781,2026-07-30,上海,glass,1,3.05,59.5,33.2,19.7,wood,19.98,143.0,0.0,38915.38,6.550819672131148,2026-07
100539,2026-02-25,成都,books,0,0.97,27.0,29.3,13.4,cardboard,9.49,52.0,0.0,10600.74,9.783505154639176,2026-02
101996,2026-02-06,杭州,electronics,0,1.52,58.7,37.7,7.7,bubble,8.96,88.0,0.0,17040.023,5.894736842105264,2026-02
101474,2026-04-23,广州,books,0,0.56,20.0,43.3,24.2,bubble,7.04,32.0,0.0,20957.2,12.571428571428571,2026-04
101812,2026-01-09,西安,glass,1,4.97,18.2,17.4,6.1,bubble,13.85,135.0,0.0,1931.7479999999996,2.7867203219315897,2026-01
101455,2026-05-14,武汉,books,0,2.46,37.4,42.1,34.1,bubble,10.3,38.0,0.0,53691.814,4.1869918699187,2026-05
101393,2026-02-09,成都,electronics,0,2.83,34.1,26.1,14.8,bubble,10.48,133.0,0.0,13172.148000000003,3.7031802120141344,2026-02
100219,2026-05-02,深圳,clothing,0,1.36,40.0,20.4,16.5,cardboard,11.42,41.0,0.0,13464.0,8.397058823529411,2026-05
101961,2026-03-07,广州,ceramics,1,2.56,33.5,30.0,36.0,cardboard,14.24,131.0,0.0,36180.0,5.5625,2026-03
101669,2026-05-10,武汉,books,0,0.68,42.4,31.1,14.5,cardboard,8.27,51.0,0.0,19120.280000000002,12.161764705882351,2026-05
100611,2026-04-23,北京,glass,1,2.44,48.8,30.2,33.2,wood,17.9,191.0,0.0,48928.832,7.336065573770491,2026-04
100722,2026-04-12,北京,electronics,0,4.57,54.9,12.0,34.3,cardboard,15.92,111.0,0.0,22596.839999999997,3.483588621444201,2026-04
100060,2026-05-14,西安,clothing,0,1.07,30.7,39.9,15.5,bubble,5.72,28.0,0.0,18986.414999999997,5.345794392523364,2026-05
101709,2026-08-24,深圳,clothing,0,0.56,38.6,16.8,24.2,bubble,7.77,36.0,0.0,15693.216,13.874999999999998,2026-08
101406,2026-01-19,成都,electronics,0,3.24,46.8,27.2,36.3,cardboard,13.59,120.0,0.0,46208.44799999999,4.194444444444444,2026-01
100074,2026-05-20,西安,electronics,1,3.62,59.6,10.1,5.6,wood,19.76,111.0,0.0,3370.976,5.458563535911602,2026-05
100163,2026-08-28,杭州,glass,1,3.68,49.4,20.8,12.6,wood,17.76,146.0,0.0,12946.751999999999,4.826086956521739,2026-08
100367,2026-08-06,深圳,ceramics,1,2.11,20.6,23.7,16.0,wood,17.0,129.0,0.0,7811.52,8.056872037914692,2026-08
100533,2026-01-19,上海,ceramics,1,2.03,20.8,16.8,27.3,cardboard,10.39,89.0,0.0,9539.712000000001,5.118226600985222,2026-01
100562,2026-05-11,深圳,ceramics,1,1.53,26.8,26.9,26.4,cardboard,11.35,91.0,0.0,19032.287999999997,7.418300653594771,2026-05
101826,2026-02-20,广州,glass,1,3.69,55.9,22.9,17.4,wood,19.25,153.0,0.0,22273.913999999997,5.2168021680216805,2026-02
100603,2026-01-04,北京,electronics,0,3.66,16.1,38.6,22.05,cardboard,12.36,85.0,0.0,13703.193000000001,3.3770491803278686,2026-01
101965,2026-05-18,北京,clothing,0,1.35,27.7,30.5,20.3,bubble,9.45,39.0,0.0,17150.455,6.999999999999999,2026-05
100046,2026-05-07,武汉,ceramics,1,2.13,54.9,42.2,22.6,cardboard,12.86,98.0,0.0,52359.22800000001,6.037558685446009,2026-05
100979,2026-03-09,武汉,ceramics,1,1.76,54.1,35.8,9.8,bubble,8.36,136.0,0.0,18980.444,4.75,2026-03
100355,2026-05-09,杭州,electronics,1,1.37,46.7,28.6,18.1,bubble,7.98,132.0,0.0,24174.722000000005,5.824817518248175,2026-05
101648,2026-04-23,西安,clothing,0,1.33,17.3,21.9,22.3,cardboard,8.77,37.0,0.0,8448.801,6.593984962406014,2026-04
101001,2026-07-27,杭州,clothing,0,0.52,52.2,27.3,37.8,wood,15.49,41.0,0.0,53867.268000000004,29.788461538461537,2026-07
100077,2026-04-24,上海,glass,1,2.96,38.4,24.3,8.3,cardboard,12.43,181.0,0.0,7744.896000000001,4.199324324324325,2026-04
101947,2026-05-23,杭州,glass,1,0.96,50.1,35.7,35.3,wood,16.38,190.0,0.0,63136.521,17.0625,2026-05
101789,2026-05-08,武汉,ceramics,1,1.51,17.9,23.7,26.5,cardboard,10.79,99.0,0.0,11242.095,7.14569536423841,2026-05
100681,2026-06-14,武汉,ceramics,1,3.25,48.0,16.6,20.5,wood,17.74,137.0,0.0,16334.400000000001,5.458461538461538,2026-06
101332,2026-07-29,成都,electronics,1,2.57,35.7,43.3,8.1,wood,16.02,87.0,0.0,12521.061,6.233463035019455,2026-07
100983,2026-01-21,北京,ceramics,1,3.36,34.5,36.6,6.5,cardboard,13.37,99.0,0.0,8207.550000000001,3.9791666666666665,2026-01
100394,2026-08-21,北京,clothing,0,1.29,57.3,12.4,21.6,cardboard,11.06,24.0,0.0,15347.232,8.573643410852714,2026-08
100837,2026-08-08,西安,books,0,2.98,59.0,21.5,16.7,cardboard,11.8,51.0,0.0,21183.95,3.9597315436241614,2026-08
100031,2026-06-25,上海,clothing,0,0.46,20.9,31.5,8.3,bubble,7.83,40.0,0.0,5464.304999999999,17.02173913043478,2026-06
101107,2026-05-17,武汉,ceramics,1,1.3,26.2,15.1,10.1,cardboard,9.38,125.0,0.0,3995.7619999999997,7.2153846153846155,2026-05
101612,2026-04-08,西安,books,0,0.98,31.4,41.0,13.5,bubble,7.01,44.0,0.0,17379.899999999998,7.153061224489796,2026-04
100716,2026-04-13,北京,glass,1,3.78,28.4,17.7,29.7,wood,19.45,201.0,0.0,14929.595999999998,5.145502645502646,2026-04
100977,2026-02-07,武汉,books,0,0.8,52.0,32.3,15.3,cardboard,8.38,51.0,0.0,25697.88,10.475,2026-02
101557,2026-01-01,西安,glass,1,1.8,18.6,32.0,17.9,bubble,10.89,169.0,0.0,10654.08,6.05,2026-01
100825,2026-08-19,上海,electronics,1,0.61,51.9,28.4,19.9,wood,13.94,87.0,0.0,29331.803999999993,22.852459016393443,2026-08
101958,2026-07-25,杭州,electronics,1,4.2,48.2,31.5,26.0,wood,20.55,132.0,0.0,39475.8,4.892857142857143,2026-07
101574,2026-01-25,北京,electronics,0,4.23,43.1,15.2,24.9,cardboard,14.59,114.0,0.0,16312.488,3.449172576832151,2026-01
101977,2026-02-12,深圳,ceramics,1,4.47,24.5,25.1,7.2,wood,19.37,124.0,0.0,4427.64,4.333333333333334,2026-02
100375,2026-05-17,武汉,glass,0,2.83,54.9,23.5,22.15,bubble,11.64,163.0,0.0,28576.822499999995,4.113074204946996,2026-05
101597,2026-07-21,西安,electronics,1,3.05,36.8,13.9,24.5,cardboard,12.16,83.0,0.0,12532.24,3.9868852459016395,2026-07
100045,2026-02-17,深圳,glass,1,1.75,46.6,32.7,27.8,cardboard,12.54,169.0,0.0,42362.196,7.1657142857142855,2026-02
101695,2026-07-04,北京,ceramics,1,1.88,39.8,43.1,28.3,cardboard,12.68,137.0,0.0,48545.254,6.74468085106383,2026-07
100169,2026-01-03,西安,ceramics,1,3.6,25.1,20.0,13.8,bubble,11.28,139.0,0.0,6927.6,3.133333333333333,2026-01
100304,2026-02-03,杭州,clothing,0,0.58,52.0,15.5,8.6,cardboard,8.24,38.0,0.0,6931.599999999999,14.206896551724139,2026-02
101966,2026-03-27,成都,glass,1,4.47,22.7,39.7,10.4,wood,19.98,161.0,0.0,9372.376,4.469798657718121,2026-03
101614,2026-06-15,深圳,clothing,0,0.55,18.0,21.2,12.4,cardboard,8.2,41.0,0.0,4731.84,14.909090909090907,2026-06
101955,2026-02-12,深圳,clothing,0,1.19,26.2,32.5,16.2,bubble,7.86,30.0,0.0,13794.3,6.605042016806723,2026-02
100620,2026-07-12,西安,electronics,0,3.08,53.8,31.7,31.1,wood,22.02,95.0,0.0,53039.806,7.149350649350649,2026-07
101436,2026-05-03,深圳,glass,1,2.56,49.7,21.2,23.1,cardboard,13.17,175.0,0.0,24339.084000000003,5.14453125,2026-05
100721,2026-01-03,深圳,electronics,0,1.47,31.3,34.1,23.0,cardboard,8.55,135.0,0.0,24548.590000000004,5.816326530612246,2026-01
101774,2026-01-31,上海,books,0,2.61,17.4,30.1,6.2,cardboard,12.43,46.0,0.0,3247.188,4.762452107279693,2026-01
101320,2026-05-06,北京,books,0,2.87,59.0,31.0,35.8,bubble,13.54,44.0,0.0,65478.2,4.7177700348432055,2026-05
100594,2026-01-13,杭州,ceramics,1,2.67,26.1,42.3,23.1,cardboard,12.49,82.0,0.0,25503.093,4.677902621722847,2026-01
101970,2026-06-03,杭州,clothing,0,1.32,26.1,18.1,25.5,bubble,8.42,37.0,0.0,12046.455000000002,6.378787878787878,2026-06
101293,2026-01-25,成都,electronics,0,0.8,29.8,31.3,25.4,cardboard,9.63,106.0,1.0,23691.595999999998,12.0375,2026-01
101613,2026-07-15,上海,glass,1,1.37,41.2,19.6,24.3,cardboard,10.58,178.0,0.0,19622.736000000004,7.722627737226277,2026-07
101090,2026-05-18,北京,books,0,0.77,36.6,36.7,21.0,cardboard,11.9,53.0,0.0,28207.620000000006,15.454545454545455,2026-05
100508,2026-02-13,杭州,glass,1,3.38,41.3,10.3,24.9,cardboard,12.8,157.0,0.0,10592.211,3.7869822485207103,2026-02
100186,2026-07-12,广州,clothing,0,0.57,56.8,44.3,6.5,bubble,6.06,26.0,0.0,16355.559999999998,10.631578947368421,2026-07
100652,2026-08-30,广州,electronics,0,4.88,26.6,25.3,29.1,cardboard,14.18,104.0,0.0,19583.718,2.9057377049180326,2026-08
100428,2026-04-17,杭州,glass,1,2.37,18.9,25.0,10.9,wood,16.81,201.0,0.0,5150.25,7.092827004219409,2026-04
100487,2026-04-14,西安,books,0,1.91,51.9,32.6,7.7,bubble,9.04,53.0,0.0,13027.938,4.732984293193717,2026-04
101221,2026-04-26,上海,books,0,0.64,33.6,32.1,18.0,cardboard,8.62,45.0,0.0,19414.08,13.468749999999998,2026-04
100301,2026-04-17,广州,clothing,0,0.26,42.0,12.5,37.7,wood,12.92,35.0,0.0,19792.5,49.69230769230769,2026-04
101051,2026-08-16,武汉,clothing,0,0.29,44.9,29.4,22.3,cardboard,9.11,30.0,0.0,29437.338,31.413793103448278,2026-08
100742,2026-07-01,杭州,electronics,0,2.27,41.7,28.9,7.6,bubble,9.3,114.0,0.0,9158.988000000001,4.096916299559472,2026-07
100555,2026-04-25,深圳,books,0,0.65,18.8,23.4,14.1,bubble,7.88,50.0,0.0,6202.872,12.123076923076923,2026-04
101624,2026-07-08,上海,glass,1,2.81,53.2,23.2,9.9,cardboard,11.75,139.0,0.0,12218.976,4.181494661921708,2026-07
101672,2026-03-18,成都,books,1,0.34,27.0,34.0,32.8,cardboard,7.67,46.0,0.0,30110.399999999998,22.558823529411764,2026-03
101963,2026-06-21,深圳,electronics,0,0.59,30.2,37.2,10.1,bubble,5.58,135.0,0.0,11346.744,9.45762711864407,2026-06
101385,2026-04-25,上海,electronics,0,0.82,23.9,15.9,15.7,cardboard,8.98,95.0,0.0,5966.156999999999,10.951219512195124,2026-04
100999,2026-05-20,武汉,electronics,0,4.46,20.4,38.3,27.7,cardboard,13.35,113.0,0.0,21642.564,2.993273542600897,2026-05
100176,2026-02-13,北京,glass,1,3.5,51.5,34.9,8.6,cardboard,12.59,142.0,0.0,15457.21,3.597142857142857,2026-02
100582,2026-08-15,上海,clothing,0,1.45,24.5,10.6,31.5,bubble,8.45,33.0,0.0,8180.549999999999,5.827586206896552,2026-08
101481,2026-02-24,成都,clothing,0,1.37,59.9,34.6,25.7,cardboard,11.08,38.0,0.0,53264.278,8.087591240875911,2026-02
101733,2026-05-02,成都,electronics,0,4.28,39.5,20.4,20.4,cardboard,16.1,83.0,0.0,16438.32,3.7616822429906542,2026-05
100124,2026-04-19,上海,glass,1,3.7,32.0,31.7,6.4,cardboard,14.21,139.0,0.0,6492.16,3.8405405405405406,2026-04
100454,2026-05-07,成都,clothing,0,1.11,25.1,15.9,21.5,bubble,7.78,27.0,0.0,8580.435000000001,7.0090090090090085,2026-05
100412,2026-01-28,北京,ceramics,1,3.48,39.8,37.0,16.1,wood,18.56,110.0,0.0,23708.86,5.333333333333333,2026-01
101007,2026-08-12,深圳,ceramics,1,2.85,31.9,11.5,33.6,cardboard,12.6,89.0,0.0,12326.16,4.421052631578947,2026-08
100040,2026-04-20,上海,clothing,0,1.41,52.7,11.4,12.1,bubble,8.97,39.0,0.0,7269.438000000001,6.3617021276595755,2026-04
100807,2026-05-08,北京,electronics,0,0.72,16.6,37.4,29.7,bubble,7.05,103.0,0.0,18438.948,9.791666666666666,2026-05
101924,2026-08-19,上海,clothing,0,1.31,56.2,34.1,16.3,bubble,7.91,32.0,0.0,31237.646000000004,6.038167938931298,2026-08
100332,2026-08-01,北京,clothing,0,0.66,53.7,20.4,12.4,cardboard,9.23,29.0,0.0,13583.952000000001,13.984848484848484,2026-08
101652,2026-07-22,广州,electronics,0,0.999,16.8,12.3,34.3,bubble,7.77,98.0,0.0,7087.7519999999995,7.777777777777778,2026-07
100195,2026-04-19,武汉,clothing,0,1.3,49.5,28.3,15.8,bubble,7.77,41.0,0.0,22133.430000000004,5.976923076923076,2026-04
100536,2026-02-03,杭州,clothing,0,0.89,16.2,14.8,32.9,bubble,8.47,35.0,0.0,7888.103999999999,9.51685393258427,2026-02
101572,2026-08-14,西安,electronics,0,4.59,47.4,17.4,18.5,cardboard,17.18,122.0,0.0,15258.059999999998,3.7429193899782134,2026-08
101739,2026-02-03,深圳,electronics,0,2.14,43.7,44.6,36.3,cardboard,14.71,86.0,0.0,70749.426,6.873831775700935,2026-02
100323,2026-08-17,深圳,glass,1,4.99,53.9,29.4,17.0,cardboard,16.03,191.0,0.0,26939.219999999998,3.212424849699399,2026-08
101386,2026-07-31,西安,electronics,1,2.77,19.6,21.1,31.3,wood,17.0,117.0,0.0,12944.428000000002,6.137184115523466,2026-07
100267,2026-02-07,西安,ceramics,1,1.57,45.0,26.5,16.3,bubble,7.41,80.0,0.0,19437.75,4.719745222929936,2026-02
100671,2026-08-21,西安,clothing,0,0.91,25.1,19.1,5.5,cardboard,7.64,39.0,0.0,2636.7550000000006,8.395604395604394,2026-08
101451,2026-06-24,西安,electronics,1,3.69,21.9,35.3,25.3,wood,19.72,92.0,0.0,19558.671,5.3441734417344176,2026-06
100068,2026-04-24,武汉,glass,1,0.81,15.1,27.8,22.1,bubble,5.2,190.0,0.0,9277.138,6.419753086419753,2026-04
101260,2026-01-03,杭州,electronics,0,0.999,29.6,34.3,11.8,bubble,9.67,110.0,0.0,11980.304,9.67967967967968,2026-01
100549,2026-06-24,深圳,glass,1,0.82,38.8,23.6,18.7,bubble,8.89,165.0,0.0,17123.215999999997,10.841463414634148,2026-06
101803,2026-05-25,西安,clothing,0,0.44,48.8,41.6,14.6,bubble,6.2,39.0,0.0,29639.167999999998,14.090909090909092,2026-05
100986,2026-02-20,成都,ceramics,1,2.62,28.5,17.3,24.1,cardboard,11.46,83.0,0.0,11882.505000000001,4.374045801526718,2026-02
101418,2026-07-04,成都,electronics,0,1.87,28.6,35.9,6.3,bubble,9.21,117.0,0.0,6468.4619999999995,4.925133689839573,2026-07
101705,2026-06-25,上海,glass,1,1.41,29.4,30.3,38.4,wood,16.64,146.0,0.0,34207.488,11.801418439716313,2026-06
101432,2026-01-04,深圳,ceramics,1,1.24,18.2,44.6,25.3,bubble,7.86,115.0,1.0,20536.516,6.338709677419355,2026-01
101638,2026-02-21,杭州,clothing,0,0.9,40.4,19.5,36.5,bubble,8.78,33.0,0.0,28754.699999999997,9.755555555555555,2026-02
101817,2026-04-20,深圳,ceramics,1,3.72,53.7,22.7,22.6,wood,19.21,107.0,0.0,27549.174000000003,5.163978494623656,2026-04
100906,2026-07-03,西安,electronics,0,3.69,20.7,19.8,5.4,wood,19.53,116.0,0.0,2213.244,5.2926829268292686,2026-07
101182,2026-02-01,深圳,glass,1,2.43,34.9,31.3,8.9,cardboard,12.37,153.0,0.0,9722.092999999999,5.090534979423867,2026-02
100991,2026-04-24,广州,ceramics,0,4.25,42.8,38.1,5.0,cardboard,13.42,123.0,0.0,8153.400000000001,3.1576470588235295,2026-04
101517,2026-08-13,广州,glass,1,3.5,37.1,26.1,24.1,wood,20.58,167.0,0.0,23336.271000000004,5.88,2026-08
100893,2026-08-09,上海,clothing,0,1.12,22.7,26.5,34.8,wood,16.41,27.0,0.0,20933.939999999995,14.651785714285714,2026-08
100417,2026-07-27,上海,ceramics,1,3.73,45.2,36.9,22.7,bubble,13.29,133.0,0.0,37860.876000000004,3.5630026809651474,2026-07
101845,2026-03-24,武汉,glass,1,4.53,22.2,19.5,35.4,wood,19.81,201.0,0.0,15324.659999999998,4.373068432671081,2026-03
101554,2026-02-27,广州,electronics,0,4.21,58.4,37.3,17.2,wood,21.0,139.0,0.0,37467.10399999999,4.98812351543943,2026-02
101603,2026-06-14,成都,clothing,0,0.46,32.4,19.4,7.0,bubble,7.61,26.0,0.0,4399.92,16.543478260869566,2026-06
101683,2026-08-27,杭州,clothing,0,0.63,51.4,33.3,13.3,cardboard,7.46,37.0,0.0,22764.546,11.841269841269842,2026-08
100889,2026-08-18,北京,electronics,1,4.56,16.6,11.6,11.7,wood,17.44,97.0,0.0,2252.9519999999998,3.8245614035087727,2026-08
100744,2026-02-06,西安,clothing,0,0.35,38.4,31.9,12.4,bubble,7.54,24.0,0.0,15189.503999999997,21.542857142857144,2026-02
100545,2026-05-30,成都,ceramics,1,3.82,35.5,14.2,24.9,cardboard,14.22,109.0,0.0,12552.089999999998,3.722513089005236,2026-05
101934,2026-04-25,武汉,glass,1,1.82,18.3,24.3,23.9,cardboard,9.44,138.0,0.0,10628.091,5.186813186813186,2026-04
100907,2026-01-06,广州,clothing,0,1.26,28.1,22.1,17.9,cardboard,9.38,32.0,0.0,11116.079000000002,7.444444444444445,2026-01
100932,2026-03-13,广州,electronics,0,1.85,28.1,37.7,12.8,bubble,7.89,116.0,0.0,13559.936000000002,4.264864864864864,2026-03
100262,2026-03-22,上海,electronics,0,1.74,15.0,15.7,8.3,bubble,8.66,112.0,0.0,1954.65,4.977011494252873,2026-03
100591,2026-02-19,上海,clothing,0,0.25,41.5,30.1,32.5,cardboard,9.19,37.0,0.0,40597.375,36.76,2026-02
100989,2026-05-11,广州,electronics,0,4.42,58.3,20.5,31.6,cardboard,16.25,89.0,0.0,37766.74,3.6764705882352944,2026-05
100241,2026-01-17,深圳,electronics,0,4.47,44.9,39.6,39.8,cardboard,18.16,124.0,0.0,70765.992,4.062639821029083,2026-01
101475,2026-05-09,上海,glass,1,2.82,51.7,16.1,29.5,wood,19.5,135.0,0.0,24554.915000000005,6.914893617021277,2026-05
100706,2026-04-12,杭州,electronics,0,4.79,24.0,40.6,12.1,cardboard,16.4,97.0,0.0,11790.240000000002,3.4237995824634653,2026-04
101663,2026-05-28,深圳,electronics,0,0.69,58.7,22.3,5.2,wood,13.53,129.0,0.0,6806.852000000002,19.608695652173914,2026-05
101101,2026-02-19,武汉,books,0,2.51,18.7,40.5,23.1,bubble,9.15,51.0,0.0,17494.785,3.6454183266932274,2026-02
101053,2026-03-23,成都,glass,1,2.8,53.2,14.5,14.2,wood,15.38,129.0,0.0,10953.880000000001,5.492857142857144,2026-03
100366,2026-06-07,西安,clothing,0,0.49,55.6,37.9,38.1,cardboard,12.19,32.0,0.0,80285.844,24.877551020408163,2026-06
101037,2026-05-27,上海,clothing,0,0.34,18.5,34.3,34.2,cardboard,8.39,39.0,0.0,21701.61,24.676470588235293,2026-05
101784,2026-02-09,杭州,electronics,0,3.52,34.3,10.1,19.4,cardboard,12.5,134.0,0.0,6720.741999999998,3.5511363636363638,2026-02
100600,2026-02-10,北京,electronics,1,3.79,25.0,13.8,5.4,cardboard,14.4,110.0,0.0,1863.0000000000002,3.7994722955145117,2026-02
101337,2026-02-09,成都,electronics,0,3.84,57.7,27.2,31.1,wood,18.74,124.0,0.0,48809.584,4.880208333333333,2026-02
100515,2026-06-01,西安,ceramics,1,1.75,52.5,31.5,35.4,cardboard,13.29,110.0,0.0,58542.75,7.594285714285713,2026-06
100592,2026-02-04,西安,glass,1,3.87,28.7,43.9,20.7,wood,20.64,150.0,0.0,26080.550999999996,5.333333333333333,2026-02
100072,2026-07-20,北京,ceramics,1,4.44,29.3,38.0,26.0,cardboard,16.8,99.0,0.0,28948.4,3.7837837837837838,2026-07
101024,2026-03-27,西安,electronics,0,1.07,19.1,31.2,22.6,cardboard,8.51,97.0,0.0,13467.792000000003,7.953271028037382,2026-03
100260,2026-05-08,北京,glass,1,3.98,34.4,36.2,21.0,cardboard,15.24,148.0,0.0,26150.88,3.829145728643216,2026-05
100052,2026-05-10,武汉,ceramics,1,3.2,17.6,22.8,23.9,cardboard,13.26,108.0,0.0,9590.592,4.14375,2026-05
100199,2026-04-04,成都,clothing,0,0.38,51.8,30.4,14.2,cardboard,8.39,34.0,0.0,22361.023999999998,22.078947368421055,2026-04
101241,2026-06-14,深圳,ceramics,1,4.23,54.4,42.4,12.3,cardboard,16.14,139.0,0.0,28370.688000000002,3.8156028368794326,2026-06
101387,2026-04-27,西安,electronics,0,4.07,51.4,14.3,22.05,bubble,12.12,89.0,0.0,16207.191,2.9778869778869774,2026-04
100333,2026-03-24,上海,electronics,0,2.38,24.6,27.2,36.2,cardboard,13.23,105.0,0.0,24222.144000000004,5.558823529411765,2026-03
101379,2026-04-20,上海,electronics,1,1.29,29.7,20.6,25.8,cardboard,9.84,85.0,0.0,15784.956000000002,7.627906976744185,2026-04
101768,2026-01-04,上海,ceramics,1,1.91,34.6,12.6,13.0,cardboard,12.06,110.0,0.0,5667.48,6.314136125654451,2026-01
101461,2026-05-24,深圳,books,0,0.77,28.8,23.8,7.8,bubble,6.28,48.0,0.0,5346.432000000001,8.155844155844155,2026-05
100589,2026-03-22,武汉,clothing,0,1.16,26.5,33.1,5.7,bubble,9.67,35.0,0.0,4999.755000000001,8.336206896551724,2026-03
100974,2026-04-07,广州,clothing,0,1.0,38.4,11.2,29.8,bubble,8.97,32.0,0.0,12816.384,8.97,2026-04
100586,2026-01-23,成都,clothing,0,0.58,37.8,33.4,31.1,bubble,5.47,33.0,0.0,39264.371999999996,9.431034482758621,2026-01
101742,2026-07-31,深圳,electronics,0,2.71,59.7,37.5,27.5,bubble,13.03,111.0,0.0,61565.625,4.808118081180812,2026-07
101038,2026-01-15,广州,electronics,0,3.74,39.3,21.8,13.3,cardboard,13.61,99.0,0.0,11394.642,3.63903743315508,2026-01
101069,2026-08-21,杭州,glass,1,3.53,15.1,22.1,17.7,wood,17.35,167.0,0.0,5906.667,4.9150141643059495,2026-08
100427,2026-08-27,深圳,electronics,0,3.77,45.1,24.0,21.7,cardboard,13.91,138.0,0.0,23488.08,3.689655172413793,2026-08
100577,2026-05-18,广州,clothing,0,1.4,27.3,27.5,16.5,bubble,7.11,32.0,0.0,12387.375,5.078571428571429,2026-05
101904,2026-05-27,西安,clothing,0,1.0,28.2,12.3,38.1,bubble,6.9,30.0,0.0,13215.366000000002,6.9,2026-05
101002,2026-08-10,杭州,clothing,0,1.38,39.9,39.7,38.8,bubble,11.3,29.0,0.0,61460.363999999994,8.188405797101451,2026-08
101641,2026-06-29,杭州,books,0,1.27,51.4,25.4,22.0,bubble,9.29,53.0,0.0,28722.32,7.314960629921259,2026-06
100967,2026-02-09,深圳,electronics,0,3.76,21.5,21.7,14.4,cardboard,12.82,107.0,0.0,6718.320000000001,3.409574468085107,2026-02
100479,2026-08-11,杭州,glass,1,4.45,58.0,40.6,33.9,wood,24.74,188.0,0.0,79827.72,5.559550561797752,2026-08
100737,2026-08-04,上海,clothing,0,0.36,30.0,23.9,30.4,bubble,6.68,36.0,0.0,21796.8,18.555555555555557,2026-08
100399,2026-03-06,杭州,electronics,0,2.62,28.6,15.4,30.2,bubble,9.14,125.0,0.0,13301.288,3.4885496183206106,2026-03
101575,2026-06-08,西安,electronics,0,3.45,15.1,19.5,24.2,wood,18.28,116.0,0.0,7125.69,5.298550724637681,2026-06
100437,2026-04-05,西安,glass,1,4.22,41.8,25.3,25.3,wood,20.36,165.0,0.0,26755.762,4.8246445497630335,2026-04
100193,2026-08-27,广州,electronics,1,0.68,27.3,11.1,14.8,wood,12.03,103.0,0.0,4484.844,17.691176470588232,2026-08
101456,2026-08-10,深圳,electronics,0,1.87,58.3,27.2,11.7,cardboard,10.53,118.0,0.0,18553.392,5.631016042780748,2026-08
100850,2026-01-10,武汉,electronics,0,1.76,36.9,36.7,14.2,bubble,7.73,125.0,0.0,19230.066,4.392045454545455,2026-01
100293,2026-08-27,成都,glass,1,0.85,27.3,38.4,31.6,cardboard,11.79,192.0,0.0,33126.912,13.870588235294116,2026-08
101482,2026-03-02,西安,electronics,1,3.24,41.3,32.2,10.1,wood,19.16,116.0,0.0,13431.586000000001,5.91358024691358,2026-03
101657,2026-03-03,杭州,ceramics,1,4.23,23.3,29.1,12.2,wood,18.66,109.0,0.0,8271.966,4.411347517730496,2026-03
101976,2026-04-19,西安,glass,1,4.2,26.3,12.6,32.0,cardboard,14.64,148.0,0.0,10604.16,3.4857142857142858,2026-04
100142,2026-03-29,深圳,clothing,0,1.41,54.0,45.0,26.5,bubble,10.24,38.0,0.0,64395.0,7.262411347517731,2026-03
100746,2026-01-27,西安,ceramics,1,1.68,40.8,24.5,33.4,bubble,8.43,99.0,0.0,33386.63999999999,5.017857142857143,2026-01
100003,2026-04-10,广州,books,0,2.71,36.0,11.5,10.4,cardboard,11.98,55.0,0.0,4305.6,4.4206642066420665,2026-04
100766,2026-04-24,深圳,ceramics,1,3.62,50.9,42.8,11.0,wood,19.19,99.0,0.0,23963.72,5.301104972375691,2026-04
101978,2026-06-19,杭州,ceramics,1,2.45,51.2,39.3,12.4,cardboard,11.65,136.0,0.0,24950.784,4.755102040816326,2026-06
101176,2026-08-09,杭州,electronics,0,1.58,28.5,19.3,19.2,bubble,7.08,88.0,0.0,10560.960000000001,4.481012658227848,2026-08
100340,2026-07-15,杭州,ceramics,0,1.42,47.6,37.9,22.4,cardboard,11.83,131.0,0.0,40410.496,8.330985915492958,2026-07
101462,2026-08-18,武汉,glass,1,2.34,21.8,34.4,35.4,wood,17.38,167.0,0.0,26547.167999999998,7.427350427350428,2026-08
100409,2026-07-07,杭州,books,0,0.59,36.6,27.3,35.0,bubble,7.94,42.0,0.0,34971.3,13.45762711864407,2026-07
101287,2026-02-08,西安,electronics,0,2.7,35.7,12.8,22.1,bubble,8.51,99.0,0.0,10098.816,3.1518518518518515,2026-02
100266,2026-03-25,成都,clothing,1,1.5,45.3,12.1,25.6,wood,15.73,30.0,0.0,14032.128,10.486666666666666,2026-03
100377,2026-08-28,上海,glass,1,3.02,36.3,18.9,6.1,wood,16.5,157.0,0.0,4185.026999999999,5.4635761589403975,2026-08
100702,2026-03-03,北京,ceramics,1,1.36,30.0,18.4,33.8,cardboard,9.88,106.0,0.0,18657.6,7.264705882352941,2026-03
100994,2026-01-23,西安,books,0,2.51,32.3,42.8,17.7,cardboard,12.36,55.0,0.0,24469.187999999995,4.924302788844622,2026-01
100440,2026-05-24,上海,electronics,1,0.55,54.6,24.9,14.6,wood,15.0,98.0,0.0,19849.284,27.27272727272727,2026-05
100272,2026-01-13,深圳,electronics,0,0.77,42.5,37.7,33.8,cardboard,11.84,113.0,0.0,54156.05,15.376623376623376,2026-01
100185,2026-08-27,杭州,ceramics,1,3.0,30.5,24.7,8.5,wood,17.51,81.0,0.0,6403.475,5.836666666666667,2026-08
101245,2026-06-04,杭州,electronics,0,3.2,44.2,15.3,27.4,cardboard,13.08,111.0,0.0,18529.524,4.0874999999999995,2026-06
100245,2026-08-18,深圳,electronics,0,2.8,54.4,44.5,35.6,bubble,14.48,81.0,0.0,86180.48,5.171428571428572,2026-08
100614,2026-03-29,深圳,clothing,0,0.74,41.6,41.8,28.7,cardboard,10.44,38.0,0.0,49905.85599999999,14.108108108108107,2026-03
101118,2026-01-04,北京,electronics,0,2.67,53.0,28.7,21.4,bubble,8.82,104.0,0.0,32551.539999999997,3.303370786516854,2026-01
100446,2026-01-10,深圳,electronics,0,4.45,54.6,14.3,28.9,cardboard,13.52,107.0,0.0,22564.542,3.038202247191011,2026-01
100608,2026-03-14,杭州,electronics,0,4.52,27.6,27.2,9.3,cardboard,14.22,94.0,0.0,6981.696000000001,3.1460176991150446,2026-03
100875,2026-08-06,武汉,ceramics,1,0.89,42.5,20.3,30.3,bubble,7.41,86.0,0.0,26141.325,8.325842696629213,2026-08
101740,2026-03-19,武汉,ceramics,1,3.7,46.4,27.2,34.5,wood,19.32,110.0,0.0,43541.759999999995,5.221621621621622,2026-03
101764,2026-07-15,武汉,glass,1,1.21,32.1,44.1,16.9,cardboard,9.7,123.0,0.0,23923.809,8.016528925619834,2026-07
101291,2026-07-28,武汉,clothing,0,0.22,53.3,43.4,19.8,cardboard,8.21,29.0,0.0,45801.756,37.31818181818182,2026-07
100694,2026-06-18,武汉,electronics,0,4.62,46.2,18.9,7.2,cardboard,14.55,122.0,0.0,6286.896,3.1493506493506493,2026-06
100416,2026-05-24,北京,ceramics,1,1.92,31.4,39.7,11.7,wood,15.05,109.0,0.0,14584.985999999999,7.838541666666667,2026-05
100745,2026-07-03,成都,electronics,0,3.17,32.9,21.7,27.3,cardboard,11.82,138.0,0.0,19490.289,3.7287066246056786,2026-07
101972,2026-04-02,上海,clothing,0,0.82,37.8,27.7,36.4,bubble,8.59,41.0,0.0,38112.984,10.475609756097562,2026-04
101476,2026-04-02,成都,ceramics,1,1.12,18.6,41.1,38.6,bubble,7.77,96.0,0.0,29508.156000000003,6.937499999999999,2026-04
100251,2026-01-07,北京,clothing,0,1.24,45.3,28.4,27.8,bubble,7.91,29.0,0.0,35765.255999999994,6.379032258064516,2026-01
100414,2026-05-06,成都,electronics,0,3.77,45.7,10.1,28.7,wood,18.7,126.0,0.0,13247.059,4.960212201591512,2026-05
100629,2026-08-21,杭州,glass,1,2.94,26.7,41.9,15.8,wood,16.38,185.0,0.0,17675.934,5.571428571428571,2026-08
101420,2026-07-03,杭州,electronics,0,2.35,53.1,15.0,22.05,wood,17.07,90.0,0.0,17562.825,7.263829787234043,2026-07
101238,2026-04-19,上海,electronics,1,3.88,26.7,39.9,9.9,wood,18.64,104.0,0.0,10546.767,4.804123711340207,2026-04
100583,2026-03-10,北京,glass,1,1.65,30.4,28.5,28.4,cardboard,10.55,122.0,0.0,24605.76,6.3939393939393945,2026-03
100382,2026-08-11,武汉,ceramics,1,1.23,37.1,17.2,33.2,wood,12.11,124.0,0.0,21185.584000000003,9.845528455284553,2026-08
101842,2026-05-03,深圳,ceramics,1,1.01,52.5,37.9,32.8,cardboard,12.62,117.0,0.0,65263.799999999996,12.495049504950494,2026-05
100426,2026-01-02,深圳,books,0,0.43,59.9,22.2,15.0,bubble,7.12,49.0,0.0,19946.7,16.558139534883722,2026-01
101905,2026-03-01,成都,clothing,0,0.32,37.8,44.9,31.1,bubble,7.25,30.0,0.0,52783.541999999994,22.65625,2026-03
101838,2026-08-02,北京,clothing,0,0.88,19.6,32.1,30.4,cardboard,8.51,33.0,0.0,19126.464,9.670454545454545,2026-08
101171,2026-01-29,西安,ceramics,1,1.8,30.8,18.5,30.4,cardboard,11.3,88.0,0.0,17321.920000000002,6.277777777777778,2026-01
101375,2026-05-16,杭州,glass,0,1.25,29.0,43.1,6.2,bubble,9.6,139.0,0.0,7749.380000000001,7.68,2026-05
100708,2026-01-27,上海,ceramics,1,3.52,32.1,19.5,11.8,cardboard,12.48,109.0,0.0,7386.210000000001,3.5454545454545454,2026-01
101600,2026-07-19,杭州,electronics,0,1.37,58.7,34.8,19.4,bubble,8.92,127.0,0.0,39629.543999999994,6.510948905109489,2026-07
101487,2026-05-30,广州,glass,1,1.01,29.8,40.1,8.0,bubble,8.29,138.0,0.0,9559.84,8.207920792079207,2026-05
100927,2026-01-10,成都,ceramics,1,1.56,15.4,24.6,5.1,cardboard,8.55,113.0,0.0,1932.084,5.480769230769231,2026-01
101617,2026-03-03,上海,clothing,0,0.48,54.4,28.3,20.0,bubble,5.37,35.0,0.0,30790.4,11.1875,2026-03
100183,2026-03-07,广州,glass,1,1.39,17.1,20.0,9.9,cardboard,8.96,166.0,0.0,3385.8,6.446043165467627,2026-03
100171,2026-07-16,广州,books,0,2.46,39.6,29.6,22.7,cardboard,12.49,49.0,0.0,26608.032,5.0772357723577235,2026-07
100573,2026-01-17,杭州,ceramics,1,3.94,22.1,39.6,38.3,cardboard,15.27,110.0,0.0,33518.628000000004,3.8756345177664975,2026-01
101252,2026-07-06,深圳,electronics,0,1.17,53.8,19.2,27.3,bubble,6.82,82.0,0.0,28199.807999999997,5.82905982905983,2026-07
101907,2026-08-26,西安,clothing,0,1.27,48.0,37.2,32.7,bubble,11.31,29.0,0.0,58389.12000000001,8.905511811023622,2026-08
101382,2026-06-28,西安,ceramics,1,3.32,29.2,21.0,31.1,wood,18.32,119.0,0.0,19070.52,5.518072289156627,2026-06
101731,2026-06-22,西安,clothing,0,0.81,46.5,29.2,31.7,bubble,8.64,32.0,0.0,43042.259999999995,10.666666666666666,2026-06
100273,2026-06-09,杭州,ceramics,0,1.58,52.3,30.8,13.6,cardboard,8.86,126.0,0.0,21907.424,5.6075949367088604,2026-06
101573,2026-03-26,武汉,electronics,0,1.72,37.8,12.1,9.5,bubble,7.98,111.0,0.0,4345.11,4.6395348837209305,2026-03
100705,2026-03-02,北京,books,0,0.99,15.2,35.5,18.2,bubble,8.16,33.0,0.0,9820.72,8.242424242424242,2026-03
101562,2026-05-16,杭州,ceramics,1,1.37,55.3,12.9,35.6,bubble,6.95,127.0,0.0,25395.972,5.072992700729927,2026-05
100372,2026-02-18,广州,books,0,1.76,23.0,13.5,31.8,cardboard,9.66,37.0,0.0,9873.9,5.488636363636363,2026-02
100223,2026-01-07,杭州,electronics,0,2.32,44.6,35.2,27.5,bubble,10.17,112.0,0.0,43172.8,4.383620689655173,2026-01
101809,2026-08-20,西安,books,0,0.5,41.7,11.3,26.7,bubble,5.06,47.0,0.0,12581.307,10.12,2026-08
100945,2026-08-30,深圳,clothing,0,1.07,37.8,10.8,9.5,cardboard,8.85,41.0,0.0,3878.28,8.271028037383177,2026-08
100793,2026-06-26,成都,ceramics,1,2.2,27.3,28.8,16.7,cardboard,11.47,80.0,0.0,13130.207999999999,5.213636363636364,2026-06
100519,2026-06-28,武汉,clothing,0,0.92,19.7,16.9,33.9,bubble,8.54,25.0,0.0,11286.326999999997,9.282608695652172,2026-06
100335,2026-05-28,杭州,electronics,0,0.74,34.2,27.0,11.5,cardboard,9.68,137.0,0.0,10619.1,13.08108108108108,2026-05
101310,2026-07-02,成都,electronics,0,2.29,46.0,38.2,35.7,cardboard,13.5,88.0,0.0,62732.04000000001,5.895196506550218,2026-07
101685,2026-07-16,杭州,clothing,0,1.01,49.0,24.4,30.6,cardboard,12.09,34.0,0.0,36585.36,11.97029702970297,2026-07
101424,2026-06-16,西安,electronics,0,1.76,26.5,44.1,8.0,cardboard,10.66,127.0,0.0,9349.2,6.056818181818182,2026-06
101404,2026-02-17,杭州,clothing,0,0.28,20.8,16.3,12.8,cardboard,7.87,40.0,0.0,4339.712,28.107142857142854,2026-02
100016,2026-05-10,北京,glass,1,4.29,57.9,20.2,23.0,wood,20.17,134.0,0.0,26900.339999999997,4.701631701631702,2026-05
101660,2026-03-30,深圳,electronics,0,1.99,50.0,26.2,20.7,bubble,8.38,131.0,0.0,27117.0,4.21105527638191,2026-03
101993,2026-07-24,杭州,clothing,0,1.48,50.6,16.8,16.2,bubble,9.02,26.0,0.0,13771.296,6.094594594594595,2026-07
101563,2026-04-17,广州,books,0,0.84,52.0,12.9,21.7,cardboard,8.8,37.0,0.0,14556.36,10.476190476190478,2026-04
101711,2026-08-17,深圳,glass,1,2.55,35.0,40.2,36.4,wood,19.84,146.0,0.0,51214.799999999996,7.780392156862746,2026-08
100618,2026-06-03,广州,ceramics,1,2.62,49.8,26.9,38.3,cardboard,14.6,90.0,0.0,51307.44599999999,5.572519083969465,2026-06
100922,2026-01-01,杭州,clothing,0,0.26,30.3,27.1,32.7,bubble,7.63,26.0,0.0,26850.951000000005,29.346153846153843,2026-01
100466,2026-03-22,深圳,ceramics,1,2.84,24.6,42.1,39.2,wood,18.88,93.0,0.0,40597.872,6.647887323943662,2026-03
101266,2026-02-15,武汉,glass,1,3.77,50.6,38.3,5.8,wood,18.13,201.0,0.0,11240.284,4.809018567639257,2026-02
100200,2026-03-04,上海,electronics,0,3.19,38.1,19.0,28.2,wood,17.28,133.0,0.0,20413.98,5.416927899686521,2026-03
101224,2026-01-07,西安,books,0,1.24,36.6,23.8,35.5,cardboard,9.64,44.0,0.0,30923.34,7.774193548387097,2026-01
101466,2026-06-06,广州,electronics,1,1.4,25.3,14.1,18.2,wood,16.8,129.0,0.0,6492.486,12.000000000000002,2026-06
101538,2026-01-10,上海,clothing,0,0.31,25.0,44.2,37.9,bubble,8.82,30.0,0.0,41879.5,28.451612903225808,2026-01
101319,2026-03-20,广州,books,0,2.69,24.5,13.4,25.4,cardboard,12.06,46.0,0.0,8338.82,4.4832713754646845,2026-03
101712,2026-02-28,西安,ceramics,1,3.4,40.0,43.6,13.4,wood,19.49,88.0,0.0,23369.600000000002,5.732352941176471,2026-02
101987,2026-07-30,西安,clothing,0,1.16,37.8,22.1,12.3,bubble,7.77,32.0,0.0,10275.174,6.698275862068965,2026-07
101421,2026-01-31,杭州,clothing,0,1.31,42.4,17.9,32.3,cardboard,10.93,41.0,0.0,24514.407999999996,8.343511450381678,2026-01
101434,2026-08-07,成都,glass,1,3.68,15.2,42.0,30.1,cardboard,12.78,208.0,0.0,19215.84,3.4728260869565215,2026-08
101119,2026-02-07,广州,glass,1,2.47,21.5,17.8,24.6,wood,16.37,182.0,0.0,9414.42,6.627530364372469,2026-02
101594,2026-01-13,杭州,electronics,0,0.77,36.9,32.4,8.3,bubble,5.94,116.0,0.0,9923.148000000001,7.714285714285714,2026-01
100044,2026-03-14,深圳,glass,1,2.6,33.5,24.3,12.6,cardboard,9.6,123.0,0.0,10257.03,3.692307692307692,2026-03
100275,2026-01-02,杭州,glass,1,1.79,36.3,30.0,16.0,cardboard,10.85,197.0,0.0,17424.0,6.06145251396648,2026-01
101114,2026-04-17,杭州,electronics,0,1.14,27.5,14.8,30.7,cardboard,10.24,119.0,0.0,12494.9,8.982456140350878,2026-04
100102,2026-05-04,杭州,electronics,0,1.12,54.8,33.2,8.9,cardboard,8.06,105.0,0.0,16192.304000000002,7.196428571428571,2026-05
101839,2026-04-02,西安,glass,1,2.82,22.6,10.3,9.3,wood,16.64,137.0,0.0,2164.8540000000003,5.9007092198581566,2026-04
101589,2026-06-28,北京,electronics,0,2.55,40.6,21.9,27.6,cardboard,11.94,127.0,0.0,24540.264,4.682352941176471,2026-06
100108,2026-08-12,深圳,electronics,1,0.89,52.0,23.9,39.7,wood,16.16,106.0,0.0,49339.16,18.157303370786515,2026-08
101076,2026-07-14,杭州,electronics,0,1.07,55.2,18.4,16.2,bubble,8.33,117.0,0.0,16454.016,7.785046728971962,2026-07
100498,2026-07-08,西安,electronics,0,2.53,16.2,10.0,17.3,bubble,7.25,111.0,0.0,2802.6,2.865612648221344,2026-07
101189,2026-02-05,广州,glass,1,3.05,50.2,23.4,6.2,wood,17.58,184.0,0.0,7283.0160000000005,5.763934426229508,2026-02
101129,2026-07-14,上海,books,0,2.23,15.8,29.1,19.5,cardboard,10.28,42.0,0.0,8965.710000000001,4.609865470852018,2026-07
101180,2026-07-23,杭州,glass,1,4.53,39.5,23.5,29.6,cardboard,15.29,158.0,0.0,27476.2,3.375275938189845,2026-07
100655,2026-02-15,上海,ceramics,1,2.7,42.1,38.5,7.4,cardboard,13.02,96.0,0.0,11994.29,4.822222222222222,2026-02
101448,2026-02-19,广州,electronics,0,3.94,40.6,17.9,19.9,cardboard,13.86,119.0,0.0,14462.125999999998,3.517766497461929,2026-02
101316,2026-08-10,西安,clothing,0,0.56,26.0,26.6,36.9,bubble,3.95,32.0,0.0,25520.04,7.053571428571428,2026-08
101673,2026-05-16,杭州,glass,1,3.6,57.2,28.2,22.8,cardboard,14.76,168.0,0.0,36777.312,4.1,2026-05
100965,2026-01-21,西安,electronics,0,4.35,28.4,44.6,27.2,cardboard,15.84,138.0,0.0,34452.60799999999,3.6413793103448278,2026-01
100073,2026-02-27,上海,electronics,1,2.77,47.6,34.8,30.9,wood,19.21,115.0,0.0,51185.231999999996,6.935018050541516,2026-02
100768,2026-05-21,杭州,electronics,0,4.78,39.8,42.2,27.9,cardboard,17.27,119.0,0.0,46859.723999999995,3.612970711297071,2026-05
101232,2026-01-12,西安,electronics,0,2.24,17.8,27.2,22.05,cardboard,12.05,104.0,0.0,10675.728000000001,5.379464285714286,2026-01
101587,2026-03-28,广州,ceramics,1,2.87,18.2,15.6,26.2,wood,15.86,112.0,0.0,7438.703999999999,5.526132404181184,2026-03
101915,2026-03-08,深圳,electronics,0,4.93,59.0,28.8,30.5,cardboard,18.53,137.0,0.0,51825.6,3.758620689655173,2026-03
100482,2026-04-03,深圳,electronics,0,2.99,30.1,10.4,27.1,bubble,13.2,96.0,0.0,8483.384000000002,4.414715719063545,2026-04
101084,2026-07-14,深圳,books,0,1.27,35.5,18.4,13.6,bubble,7.06,35.0,0.0,8883.519999999999,5.559055118110236,2026-07
100507,2026-01-17,广州,ceramics,1,3.95,32.3,21.4,30.1,cardboard,16.12,114.0,0.0,20805.721999999998,4.0810126582278485,2026-01
100756,2026-06-20,杭州,books,0,2.64,40.6,38.0,21.6,bubble,10.07,33.0,0.0,33324.48,3.8143939393939394,2026-06
100786,2026-07-27,北京,glass,1,1.67,40.4,24.9,14.5,cardboard,10.73,203.0,0.0,14586.419999999998,6.425149700598803,2026-07
101940,2026-06-04,武汉,clothing,0,1.03,30.0,21.3,19.9,bubble,7.77,33.0,0.0,12716.099999999999,7.543689320388349,2026-06
100675,2026-04-13,西安,books,0,2.55,21.0,10.3,20.2,bubble,10.97,37.0,0.0,4369.26,4.301960784313726,2026-04
101623,2026-03-17,北京,ceramics,1,1.18,56.7,15.3,21.9,wood,14.4,112.0,0.0,18998.469,12.203389830508476,2026-03
100312,2026-02-06,杭州,ceramics,1,1.12,52.0,29.7,24.5,bubble,5.98,84.0,0.0,37837.799999999996,5.339285714285714,2026-02
101756,2026-04-25,武汉,clothing,0,1.42,44.3,28.2,18.8,bubble,6.88,31.0,0.0,23486.088,4.845070422535211,2026-04
100406,2026-08-06,上海,clothing,0,0.75,58.6,16.1,10.3,cardboard,8.32,41.0,0.0,9717.638000000003,11.093333333333334,2026-08
101117,2026-07-28,深圳,glass,1,4.49,31.9,21.2,34.2,cardboard,15.8,202.0,0.0,23128.776,3.5189309576837418,2026-07
101161,2026-03-07,成都,glass,1,3.78,27.1,32.9,10.2,cardboard,11.84,137.0,1.0,9094.217999999999,3.1322751322751325,2026-03
100310,2026-05-11,北京,books,0,1.66,26.3,27.7,8.5,bubble,9.18,44.0,0.0,6192.335,5.530120481927711,2026-05
100227,2026-02-18,北京,books,0,1.39,54.8,28.3,24.3,bubble,9.85,43.0,0.0,37685.412,7.086330935251799,2026-02
101724,2026-08-26,深圳,clothing,0,0.82,37.8,14.7,24.1,cardboard,9.45,38.0,0.0,13391.406,11.524390243902438,2026-08
101006,2026-05-05,武汉,electronics,0,3.89,23.7,34.8,15.9,cardboard,15.22,115.0,0.0,13113.683999999997,3.912596401028278,2026-05
101552,2026-01-09,武汉,clothing,0,0.33,29.1,28.3,35.1,bubble,8.18,35.0,0.0,28905.903000000006,24.787878787878785,2026-01
101850,2026-05-17,杭州,ceramics,1,1.27,45.4,20.3,36.0,cardboard,11.25,107.0,0.0,33178.32,8.858267716535433,2026-05
100846,2026-07-01,杭州,books,0,2.69,19.3,35.9,14.9,bubble,9.7,43.0,0.0,10323.763,3.6059479553903344,2026-07
100149,2026-04-11,深圳,ceramics,0,3.35,33.2,42.3,13.6,cardboard,12.25,85.0,0.0,19099.296000000002,3.656716417910448,2026-04
100638,2026-05-27,上海,books,0,1.21,38.5,31.0,13.8,cardboard,8.47,32.0,0.0,16470.3,7.000000000000001,2026-05
100728,2026-04-17,上海,electronics,0,1.58,29.9,31.9,11.8,bubble,7.9,104.0,0.0,11254.958,5.0,2026-04
101133,2026-06-11,深圳,ceramics,1,4.37,44.1,12.9,33.4,cardboard,17.18,90.0,0.0,19000.926,3.931350114416476,2026-06
100833,2026-05-30,深圳,electronics,0,1.22,36.9,27.3,32.1,bubble,8.27,85.0,0.0,32336.577,6.778688524590164,2026-05
101199,2026-02-13,武汉,glass,1,2.57,39.1,41.6,30.4,cardboard,11.81,155.0,0.0,49447.424000000006,4.5953307392996114,2026-02
100576,2026-06-29,成都,clothing,0,1.33,35.3,19.9,27.3,bubble,8.94,32.0,0.0,19177.430999999997,6.721804511278195,2026-06
100558,2026-07-18,成都,glass,1,1.6,43.8,31.4,27.8,wood,16.42,202.0,0.0,38233.896,10.262500000000001,2026-07
100711,2026-03-04,成都,electronics,1,4.12,45.9,13.2,29.3,bubble,10.28,95.0,0.0,17752.284,2.495145631067961,2026-03
101279,2026-03-12,武汉,electronics,0,0.88,37.3,30.1,37.7,cardboard,10.96,102.0,0.0,42326.921,12.454545454545455,2026-03
101376,2026-04-26,上海,clothing,0,0.62,21.6,14.1,13.7,bubble,5.57,33.0,0.0,4172.472,8.983870967741936,2026-04
101179,2026-02-10,武汉,glass,1,3.71,43.2,17.6,21.6,wood,19.49,137.0,0.0,16422.912000000004,5.2533692722371965,2026-02
101507,2026-05-24,广州,electronics,0,4.3,25.7,14.5,8.9,cardboard,14.05,137.0,0.0,3316.585,3.2674418604651168,2026-05
101390,2026-08-14,成都,electronics,0,3.19,48.1,24.6,24.0,cardboard,13.71,85.0,0.0,28398.239999999998,4.29780564263323,2026-08
100287,2026-07-08,西安,electronics,0,3.19,23.4,21.6,7.5,wood,16.77,98.0,0.0,3790.8,5.25705329153605,2026-07
101628,2026-06-01,深圳,ceramics,1,2.605,18.7,43.8,13.0,wood,17.29,118.0,0.0,10647.779999999999,6.637236084452975,2026-06
100753,2026-08-30,成都,clothing,0,1.43,46.0,24.5,28.6,wood,15.37,30.0,1.0,32232.2,10.748251748251748,2026-08
100599,2026-08-31,广州,glass,0,4.17,26.0,19.4,8.3,cardboard,14.08,130.0,0.0,4186.52,3.3764988009592325,2026-08
100951,2026-07-25,成都,clothing,0,0.72,34.5,16.9,36.4,bubble,8.42,38.0,0.0,21223.019999999997,11.694444444444445,2026-07
101008,2026-01-23,深圳,clothing,0,0.32,54.0,16.0,33.0,bubble,8.22,30.0,0.0,28512.0,25.6875,2026-01
101661,2026-06-06,上海,glass,1,4.61,57.1,19.4,16.9,bubble,13.95,185.0,0.0,18720.805999999997,3.026030368763557,2026-06
101611,2026-08-20,广州,clothing,0,0.42,43.6,42.3,30.8,bubble,8.86,32.0,0.0,56803.824,21.095238095238095,2026-08
101055,2026-02-07,广州,electronics,0,1.58,37.3,33.6,33.8,cardboard,11.14,111.0,0.0,42360.863999999994,7.050632911392405,2026-02
101248,2026-07-10,北京,clothing,0,0.92,34.9,15.9,25.2,bubble,8.53,40.0,0.0,13983.731999999998,9.271739130434781,2026-07
101730,2026-04-22,深圳,glass,1,1.47,15.0,28.8,25.2,cardboard,11.2,148.0,0.0,10886.4,7.619047619047619,2026-04
100923,2026-07-22,西安,glass,1,3.06,55.8,38.9,36.2,bubble,14.01,148.0,0.0,78576.444,4.578431372549019,2026-07
101303,2026-06-02,上海,electronics,0,3.88,57.0,37.2,10.1,wood,20.18,107.0,0.0,21416.04,5.201030927835052,2026-06
101222,2026-01-30,成都,clothing,0,0.96,37.5,29.7,14.3,cardboard,8.4,27.0,0.0,15926.625,8.75,2026-01
100783,2026-03-22,杭州,ceramics,1,1.53,17.2,20.6,36.7,cardboard,10.33,110.0,0.0,13003.544,6.751633986928105,2026-03
100610,2026-01-18,上海,ceramics,1,3.12,52.8,31.9,20.7,cardboard,13.48,105.0,0.0,34865.424,4.32051282051282,2026-01
101059,2026-01-31,深圳,glass,1,2.43,46.6,41.1,21.0,cardboard,13.98,177.0,0.0,40220.46000000001,5.753086419753086,2026-01
100813,2026-08-26,深圳,ceramics,0,2.02,31.7,33.6,27.8,bubble,9.68,94.0,0.0,29610.336000000003,4.792079207920792,2026-08
101443,2026-01-08,西安,ceramics,1,3.67,23.2,11.8,22.2,wood,18.04,130.0,0.0,6077.472,4.915531335149864,2026-01
101121,2026-06-08,深圳,glass,1,1.44,37.3,40.6,22.6,bubble,7.54,139.0,0.0,34224.988,5.236111111111112,2026-06
100494,2026-02-08,武汉,ceramics,1,2.38,52.3,17.1,38.0,wood,17.33,128.0,0.0,33984.54,7.281512605042017,2026-02
101339,2026-01-15,广州,glass,0,2.75,23.6,19.6,17.8,bubble,9.75,192.0,0.0,8233.568000000001,3.5454545454545454,2026-01
100278,2026-07-14,深圳,electronics,0,3.42,37.3,31.6,10.3,cardboard,14.67,115.0,0.0,12140.404000000002,4.2894736842105265,2026-07
101876,2026-08-26,西安,clothing,0,0.62,29.8,21.4,20.9,bubble,8.3,39.0,0.0,13328.348,13.38709677419355,2026-08
100359,2026-06-03,西安,electronics,1,2.77,24.4,13.2,35.7,cardboard,12.35,137.0,0.0,11498.256000000001,4.458483754512635,2026-06
101570,2026-02-01,广州,ceramics,0,1.52,15.5,43.0,20.0,cardboard,10.55,81.0,0.0,13330.0,6.940789473684211,2026-02
100237,2026-03-15,西安,glass,1,2.82,16.4,15.0,26.5,cardboard,11.35,151.0,0.0,6518.999999999999,4.0248226950354615,2026-03
100552,2026-06-10,北京,electronics,0,4.15,31.1,12.4,35.0,cardboard,15.08,114.0,0.0,13497.400000000001,3.633734939759036,2026-06
101897,2026-08-21,杭州,glass,1,2.33,26.0,11.5,35.0,wood,17.91,163.0,0.0,10465.0,7.686695278969957,2026-08
100916,2026-03-15,成都,clothing,0,1.11,37.4,33.3,8.6,cardboard,9.53,39.0,0.0,10710.611999999997,8.585585585585584,2026-03
100209,2026-02-21,深圳,ceramics,1,1.94,37.1,11.5,5.2,wood,16.41,125.0,0.0,2218.5800000000004,8.458762886597938,2026-02
101407,2026-05-16,成都,glass,1,2.28,58.1,24.6,39.9,wood,18.05,203.0,0.0,57027.47400000001,7.916666666666668,2026-05
101584,2026-05-17,广州,clothing,0,0.73,40.6,22.2,16.5,cardboard,8.76,25.0,0.0,14871.78,12.0,2026-05
100059,2026-07-04,深圳,clothing,1,1.24,43.0,40.0,5.2,wood,14.7,24.0,0.0,8944.0,11.854838709677418,2026-07
100632,2026-08-15,杭州,glass,1,2.01,55.9,22.5,11.1,wood,16.66,128.0,0.0,13961.025,8.28855721393035,2026-08
101608,2026-07-28,上海,clothing,0,1.14,58.9,27.9,26.7,bubble,8.05,34.0,0.0,43876.377,7.061403508771931,2026-07
101889,2026-07-06,上海,glass,0,1.07,48.6,17.0,39.6,bubble,8.3,123.0,0.0,32717.520000000004,7.757009345794393,2026-07
101601,2026-03-10,西安,clothing,0,0.43,44.9,16.9,10.1,bubble,7.09,37.0,0.0,7663.980999999999,16.488372093023255,2026-03
100364,2026-07-13,上海,glass,1,2.23,31.1,39.8,13.4,cardboard,10.92,164.0,0.0,16586.252,4.896860986547085,2026-07
100506,2026-01-27,西安,ceramics,1,1.38,21.7,10.7,22.5,bubble,6.14,87.0,0.0,5224.275,4.449275362318841,2026-01
101981,2026-01-22,深圳,ceramics,1,2.68,51.0,16.6,39.7,wood,17.62,90.0,0.0,33610.020000000004,6.574626865671641,2026-01
101139,2026-05-20,杭州,ceramics,1,2.4,24.0,12.9,18.7,cardboard,11.66,117.0,0.0,5789.52,4.858333333333333,2026-05
101627,2026-04-06,西安,glass,1,3.29,56.8,42.5,22.4,wood,18.92,154.0,0.0,54073.6,5.750759878419453,2026-04
101234,2026-05-16,杭州,ceramics,1,0.96,20.6,37.9,21.3,cardboard,10.54,100.0,0.0,16629.762000000002,10.979166666666666,2026-05
101646,2026-03-30,广州,glass,0,1.89,40.3,10.3,11.4,bubble,9.19,135.0,0.0,4732.026,4.862433862433862,2026-03
101890,2026-04-08,杭州,ceramics,1,2.605,41.5,45.0,33.0,wood,21.04,132.0,0.0,61627.5,8.076775431861805,2026-04
100944,2026-02-01,上海,glass,1,1.03,51.2,42.5,10.3,bubble,7.72,138.0,0.0,22412.800000000003,7.4951456310679605,2026-02
100119,2026-08-12,杭州,clothing,0,0.53,41.9,33.4,6.8,bubble,7.77,40.0,0.0,9516.327999999998,14.660377358490564,2026-08
101822,2026-07-10,广州,electronics,0,0.59,36.7,33.7,20.7,bubble,8.06,139.0,0.0,25601.553000000004,13.661016949152543,2026-07
100782,2026-01-21,西安,electronics,0,3.78,20.2,32.2,22.05,wood,19.55,123.0,0.0,14342.202000000001,5.1719576719576725,2026-01
100514,2026-01-11,上海,electronics,0,1.41,21.0,36.1,19.6,bubble,8.22,87.0,0.0,14858.760000000002,5.829787234042554,2026-01
100082,2026-01-03,深圳,electronics,0,3.89,24.1,16.5,23.3,cardboard,13.1,82.0,0.0,9265.245,3.3676092544987144,2026-01
101891,2026-05-01,北京,electronics,0,3.69,27.4,37.4,33.7,cardboard,16.81,102.0,0.0,34534.412000000004,4.555555555555555,2026-05
101034,2026-08-10,武汉,electronics,1,3.68,36.9,25.9,29.6,wood,18.63,120.0,0.0,28289.016,5.062499999999999,2026-08
100381,2026-08-08,广州,books,0,2.48,18.1,27.3,7.8,cardboard,9.4,52.0,0.0,3854.2140000000004,3.7903225806451615,2026-08
101044,2026-04-30,北京,books,0,1.74,38.4,26.5,26.5,bubble,9.28,43.0,0.0,26966.399999999998,5.333333333333333,2026-04
101714,2026-07-05,广州,electronics,1,2.95,36.8,27.5,16.9,wood,19.7,111.0,0.0,17102.799999999996,6.677966101694914,2026-07
100085,2026-05-27,西安,electronics,0,4.33,28.3,23.0,19.2,cardboard,14.66,92.0,0.0,12497.279999999999,3.3856812933025404,2026-05
101703,2026-01-01,广州,electronics,0,0.94,28.4,19.1,12.9,bubble,6.53,124.0,0.0,6997.476000000001,6.946808510638299,2026-01
100988,2026-06-25,广州,electronics,0,4.36,55.3,18.0,23.2,cardboard,18.26,83.0,0.0,23093.28,4.1880733944954125,2026-06
100330,2026-07-08,深圳,clothing,0,1.07,45.3,32.5,11.6,bubble,9.17,34.0,0.0,17078.1,8.570093457943925,2026-07
100007,2026-08-11,广州,ceramics,1,1.92,24.7,24.3,34.9,cardboard,9.99,96.0,0.0,20947.329,5.203125,2026-08
100760,2026-02-16,武汉,clothing,0,0.63,39.7,17.2,19.2,bubble,6.56,37.0,0.0,13110.528,10.412698412698411,2026-02
100773,2026-04-26,杭州,electronics,0,2.88,32.7,29.7,37.5,bubble,10.82,86.0,0.0,36419.625,3.7569444444444446,2026-04
100933,2026-05-27,上海,electronics,0,1.1,17.1,44.4,28.5,bubble,6.21,137.0,0.0,21638.34,5.645454545454545,2026-05
101844,2026-05-09,西安,clothing,0,0.97,56.0,17.5,6.1,cardboard,8.63,30.0,0.0,5978.0,8.896907216494846,2026-05
100452,2026-03-15,西安,ceramics,1,3.12,54.3,30.4,19.4,wood,19.8,128.0,0.0,32023.967999999993,6.346153846153846,2026-03
100491,2026-05-03,武汉,electronics,1,3.57,21.6,29.3,30.5,wood,17.15,93.0,0.0,19302.840000000004,4.803921568627451,2026-05
101504,2026-01-20,西安,books,0,2.13,55.6,11.9,27.3,bubble,8.43,35.0,0.0,18062.772,3.9577464788732395,2026-01
100288,2026-06-10,成都,books,0,0.68,46.1,13.4,11.6,bubble,8.27,55.0,0.0,7165.784,12.161764705882351,2026-06
101854,2026-07-25,武汉,electronics,0,3.64,28.2,42.6,26.3,bubble,12.29,94.0,0.0,31594.716,3.376373626373626,2026-07
101063,2026-07-18,广州,ceramics,1,1.1,42.6,11.9,8.3,cardboard,7.71,132.0,0.0,4207.602000000001,7.009090909090909,2026-07
101388,2026-07-15,上海,electronics,0,4.0,19.1,35.4,22.9,cardboard,14.53,86.0,0.0,15483.605999999998,3.6325,2026-07
100808,2026-08-10,深圳,electronics,0,1.86,23.5,41.6,32.4,cardboard,12.37,94.0,0.0,31674.239999999998,6.650537634408601,2026-08
101360,2026-01-26,广州,ceramics,1,4.1,47.5,42.5,27.5,wood,22.32,131.0,0.0,55515.625,5.443902439024391,2026-01
100963,2026-01-12,深圳,electronics,0,2.18,49.6,17.2,11.8,bubble,9.03,115.0,0.0,10066.816,4.142201834862385,2026-01
101727,2026-07-22,上海,glass,1,1.56,35.9,33.1,23.0,bubble,7.79,128.0,0.0,27330.67,4.993589743589744,2026-07
100814,2026-08-23,武汉,clothing,0,0.92,37.7,21.2,37.0,cardboard,9.26,31.0,0.0,29571.88,10.065217391304348,2026-08
101484,2026-06-09,成都,ceramics,1,0.95,59.9,23.0,5.7,bubble,7.52,133.0,0.0,7852.89,7.91578947368421,2026-06
100939,2026-04-20,广州,clothing,1,1.47,32.6,39.3,24.1,bubble,9.5,38.0,0.0,30876.438000000002,6.462585034013606,2026-04
101104,2026-07-18,西安,clothing,0,0.36,43.3,16.0,30.2,wood,14.77,32.0,0.0,20922.559999999998,41.02777777777778,2026-07
101675,2026-07-17,西安,electronics,1,2.77,30.5,14.8,37.6,wood,17.35,134.0,0.0,16972.640000000003,6.263537906137184,2026-07
100328,2026-04-08,广州,electronics,1,2.76,15.2,15.0,13.6,cardboard,10.65,119.0,0.0,3100.7999999999997,3.8586956521739135,2026-04
100443,2026-08-04,广州,ceramics,1,2.4,41.3,28.2,24.4,cardboard,11.27,103.0,0.0,28417.703999999994,4.695833333333334,2026-08
101478,2026-03-20,北京,ceramics,0,0.99,28.9,26.5,30.4,bubble,6.79,110.0,0.0,23281.839999999997,6.858585858585859,2026-03
101095,2026-01-11,北京,glass,1,2.94,46.5,37.8,16.4,cardboard,12.68,206.0,0.0,28826.279999999995,4.312925170068027,2026-01
100943,2026-06-13,成都,clothing,0,0.6,21.4,16.8,28.9,bubble,7.5,34.0,0.0,10390.127999999999,12.5,2026-06
101433,2026-02-01,上海,electronics,1,2.71,29.9,26.8,32.5,bubble,9.5,136.0,0.0,26042.899999999998,3.5055350553505535,2026-02
100178,2026-04-27,深圳,electronics,0,3.93,58.7,29.3,7.7,bubble,9.03,116.0,0.0,13243.307,2.297709923664122,2026-04
101341,2026-03-10,西安,electronics,0,1.94,35.5,20.5,22.05,bubble,10.03,94.0,0.0,16046.8875,5.1701030927835046,2026-03
101365,2026-01-19,杭州,clothing,0,0.21,32.6,38.0,19.3,cardboard,7.47,33.0,0.0,23908.84,35.57142857142857,2026-01
100087,2026-03-10,深圳,clothing,0,0.64,26.0,15.6,37.9,cardboard,8.91,33.0,0.0,15372.239999999998,13.921875,2026-03
101429,2026-03-27,广州,glass,1,3.13,42.4,12.7,11.3,cardboard,11.64,166.0,0.0,6084.824,3.7188498402555914,2026-03
101930,2026-04-14,北京,clothing,0,0.72,17.5,44.5,11.3,cardboard,8.01,30.0,0.0,8799.875,11.125,2026-04
100458,2026-02-06,西安,electronics,1,4.53,49.3,18.4,10.3,cardboard,15.54,94.0,0.0,9343.336,3.43046357615894,2026-02
101857,2026-03-01,武汉,electronics,0,4.31,36.3,12.5,17.7,cardboard,14.66,134.0,0.0,8031.374999999999,3.40139211136891,2026-03
100055,2026-04-22,武汉,clothing,0,1.02,36.5,36.7,36.6,bubble,6.67,38.0,0.0,49027.530000000006,6.53921568627451,2026-04
101525,2026-08-06,西安,ceramics,1,2.86,37.1,25.8,20.4,wood,16.05,87.0,0.0,19526.472,5.6118881118881125,2026-08
100644,2026-01-20,上海,electronics,0,1.98,36.9,36.9,28.7,bubble,10.63,100.0,0.0,39078.206999999995,5.368686868686869,2026-01
100678,2026-04-02,深圳,books,0,0.31,50.2,30.9,11.2,cardboard,9.42,43.0,0.0,17373.216,30.387096774193548,2026-04
100222,2026-07-23,杭州,books,0,1.89,49.0,44.9,21.7,bubble,7.53,46.0,0.0,47742.17,3.9841269841269846,2026-07
100114,2026-01-26,武汉,electronics,0,4.5,19.8,14.0,26.7,wood,18.37,125.0,0.0,7401.24,4.082222222222223,2026-01
101974,2026-05-04,杭州,electronics,1,0.99,34.2,35.0,5.1,bubble,7.35,135.0,0.0,6104.7,7.424242424242424,2026-05
101246,2026-03-17,深圳,electronics,0,3.57,59.7,26.1,28.5,cardboard,14.71,116.0,0.0,44407.845,4.120448179271709,2026-03
101895,2026-02-28,深圳,electronics,1,1.41,59.8,21.8,12.4,wood,13.81,113.0,0.0,16165.135999999999,9.794326241134753,2026-02
100175,2026-03-29,北京,ceramics,1,4.33,36.5,22.6,12.9,wood,20.18,122.0,0.0,10641.210000000001,4.660508083140877,2026-03
101147,2026-05-20,杭州,clothing,0,1.44,45.0,10.3,32.5,cardboard,9.61,34.0,0.0,15063.750000000002,6.673611111111111,2026-05
100590,2026-05-10,西安,electronics,1,4.32,36.2,23.1,25.5,wood,20.36,114.0,0.0,21323.610000000004,4.712962962962963,2026-05
101583,2026-08-02,成都,glass,1,2.82,34.2,15.1,35.7,cardboard,11.78,175.0,0.0,18436.194000000003,4.177304964539007,2026-08
100019,2026-08-24,北京,electronics,0,1.9,37.5,15.0,5.5,bubble,9.6,120.0,0.0,3093.75,5.052631578947368,2026-08
100424,2026-04-06,武汉,ceramics,1,1.38,35.5,12.9,25.3,bubble,8.25,100.0,0.0,11586.135,5.978260869565218,2026-04
101362,2026-02-12,广州,electronics,0,1.86,22.7,20.9,38.4,bubble,8.46,89.0,0.0,18218.111999999997,4.548387096774194,2026-02
100286,2026-03-13,上海,glass,1,2.07,17.9,38.9,27.4,bubble,7.69,197.0,0.0,19078.893999999997,3.7149758454106285,2026-03
101607,2026-02-03,上海,clothing,0,1.14,58.5,17.0,5.6,bubble,6.06,33.0,0.0,5569.2,5.315789473684211,2026-02
100429,2026-07-06,广州,electronics,0,2.05,21.7,25.6,24.0,bubble,9.14,84.0,0.0,13332.48,4.458536585365854,2026-07
101533,2026-06-13,上海,electronics,0,2.9,55.3,13.0,32.5,bubble,10.69,101.0,0.0,23364.25,3.6862068965517243,2026-06
100765,2026-04-20,西安,ceramics,1,4.38,50.6,18.2,38.7,wood,20.12,81.0,1.0,35639.604,4.593607305936073,2026-04
100670,2026-05-08,北京,ceramics,1,1.34,34.2,22.3,17.5,bubble,7.88,83.0,0.0,13346.550000000001,5.880597014925373,2026-05
100032,2026-02-10,上海,books,0,2.46,50.8,43.1,13.9,bubble,9.24,46.0,0.0,30433.772,3.75609756097561,2026-02
101861,2026-01-19,北京,ceramics,0,2.14,52.6,41.4,30.8,cardboard,14.51,138.0,0.0,67071.31199999999,6.780373831775701,2026-01
100723,2026-04-07,北京,books,0,0.68,47.0,15.6,33.5,bubble,7.22,34.0,0.0,24562.199999999997,10.617647058823529,2026-04
101684,2026-01-04,武汉,clothing,0,1.03,29.6,34.7,28.6,bubble,9.02,36.0,0.0,29375.632000000005,8.757281553398057,2026-01
100215,2026-01-15,广州,books,0,0.71,36.5,41.0,28.3,cardboard,10.62,42.0,0.0,42350.950000000004,14.95774647887324,2026-01
100830,2026-01-14,广州,glass,1,1.41,25.3,33.7,6.7,bubble,9.16,160.0,0.0,5712.487000000001,6.49645390070922,2026-01
101264,2026-03-18,杭州,books,0,2.34,59.8,33.4,23.0,bubble,10.64,48.0,0.0,45938.35999999999,4.547008547008548,2026-03
100327,2026-06-15,广州,clothing,0,0.63,17.0,44.9,35.4,cardboard,9.23,31.0,0.0,27020.819999999996,14.650793650793652,2026-06
100561,2026-04-05,武汉,glass,1,2.6,46.8,22.6,18.0,bubble,10.5,167.0,1.0,19038.24,4.038461538461538,2026-04
101305,2026-07-03,成都,books,0,0.63,27.8,31.6,36.7,bubble,6.12,42.0,0.0,32240.216000000004,9.714285714285714,2026-07
100701,2026-04-01,广州,clothing,0,1.2,53.9,12.0,19.0,cardboard,12.65,26.0,0.0,12289.199999999999,10.541666666666668,2026-04
101164,2026-03-29,成都,electronics,1,2.89,17.9,32.5,28.0,wood,18.5,89.0,0.0,16289.0,6.401384083044983,2026-03
101207,2026-08-06,西安,ceramics,1,1.52,34.6,18.0,23.0,wood,14.78,133.0,0.0,14324.400000000001,9.723684210526315,2026-08
100342,2026-04-14,武汉,glass,1,1.9,22.4,44.6,16.4,bubble,10.83,125.0,0.0,16384.255999999998,5.7,2026-04
100630,2026-03-12,杭州,ceramics,1,3.18,40.4,12.4,14.5,cardboard,14.22,112.0,0.0,7263.92,4.471698113207547,2026-03
100148,2026-06-30,武汉,ceramics,1,3.8,48.6,23.0,11.6,wood,17.74,108.0,0.0,12966.48,4.668421052631579,2026-06
101290,2026-01-28,成都,books,0,0.43,38.4,13.0,14.4,bubble,5.34,53.0,0.0,7188.48,12.418604651162791,2026-01
100361,2026-05-21,北京,glass,1,1.18,34.4,15.0,38.4,wood,15.18,137.0,0.0,19814.399999999998,12.864406779661017,2026-05
100049,2026-08-12,西安,ceramics,1,3.41,15.5,17.3,23.4,cardboard,13.44,130.0,0.0,6274.71,3.9413489736070377,2026-08
100469,2026-05-02,广州,glass,1,3.28,59.6,42.9,9.4,wood,17.63,186.0,0.0,24034.296000000002,5.375,2026-05
100156,2026-08-16,武汉,electronics,0,4.05,54.8,20.5,32.0,bubble,11.66,119.0,0.0,35948.799999999996,2.8790123456790124,2026-08
100788,2026-04-09,武汉,clothing,0,1.07,21.1,31.3,32.2,bubble,9.82,26.0,0.0,21265.846000000005,9.177570093457943,2026-04
101636,2026-05-21,杭州,books,0,1.38,55.0,39.1,12.0,bubble,8.09,54.0,0.0,25806.0,5.862318840579711,2026-05
101786,2026-06-17,杭州,books,0,1.12,20.8,20.9,36.5,cardboard,8.95,36.0,0.0,15867.279999999999,7.991071428571427,2026-06
101423,2026-01-04,武汉,ceramics,1,1.42,15.7,36.1,30.6,bubble,7.96,81.0,0.0,17343.162,5.605633802816902,2026-01
101405,2026-05-13,武汉,ceramics,1,1.98,28.5,13.4,12.5,wood,13.81,86.0,0.0,4773.75,6.974747474747475,2026-05
101654,2026-01-24,深圳,clothing,0,1.34,32.2,18.3,28.5,cardboard,9.32,40.0,0.0,16793.910000000003,6.955223880597015,2026-01
101791,2026-01-06,上海,clothing,0,0.61,40.8,33.1,16.1,cardboard,8.6,35.0,0.0,21742.728000000003,14.098360655737705,2026-01
100180,2026-07-10,上海,glass,1,1.53,57.4,35.7,12.5,cardboard,12.33,196.0,0.0,25614.750000000004,8.058823529411764,2026-07
101062,2026-06-26,深圳,clothing,0,1.15,51.6,23.6,32.4,bubble,9.96,26.0,0.0,39455.424000000006,8.660869565217393,2026-06
101782,2026-02-14,深圳,clothing,1,0.33,46.8,42.7,16.6,wood,13.87,41.0,0.0,33172.776,42.030303030303024,2026-02
100915,2026-02-01,成都,electronics,0,3.86,47.3,35.0,23.0,cardboard,14.06,137.0,0.0,38076.5,3.6424870466321244,2026-02
100646,2026-07-05,深圳,books,0,1.88,51.3,41.4,18.4,bubble,9.13,47.0,0.0,39078.28799999999,4.8563829787234045,2026-07
101174,2026-07-21,广州,ceramics,1,2.84,48.4,44.7,14.7,wood,17.7,125.0,0.0,31803.156,6.232394366197183,2026-07
101643,2026-03-18,深圳,glass,1,2.52,39.2,37.4,19.7,wood,17.56,134.0,0.0,28881.776,6.9682539682539675,2026-03
100529,2026-04-05,成都,ceramics,1,3.93,31.5,15.5,29.0,wood,20.81,127.0,0.0,14159.25,5.295165394402035,2026-04
100347,2026-06-03,武汉,ceramics,1,1.31,34.4,23.7,20.0,wood,14.18,130.0,0.0,16305.599999999999,10.82442748091603,2026-06
101408,2026-04-08,上海,electronics,1,1.97,59.9,23.1,10.7,cardboard,10.73,114.0,0.0,14805.483,5.446700507614214,2026-04
101991,2026-04-08,上海,books,1,1.66,25.1,27.9,28.9,cardboard,11.02,50.0,0.0,20238.380999999998,6.63855421686747,2026-04
100937,2026-04-24,广州,books,0,1.43,25.1,30.3,12.6,bubble,7.7,36.0,0.0,9582.678000000002,5.384615384615385,2026-04
100270,2026-03-05,西安,ceramics,1,1.75,27.8,26.9,11.4,cardboard,9.74,87.0,0.0,8525.148,5.565714285714286,2026-03
101030,2026-07-14,北京,glass,1,1.62,48.1,12.0,19.9,cardboard,11.39,157.0,0.0,11486.28,7.030864197530864,2026-07
100602,2026-04-20,广州,books,0,2.03,46.5,33.7,7.1,cardboard,10.88,51.0,0.0,11126.055,5.35960591133005,2026-04
101064,2026-08-31,成都,clothing,0,0.95,39.7,30.7,15.8,cardboard,9.24,32.0,0.0,19256.882,9.726315789473684,2026-08
100244,2026-06-30,成都,clothing,0,1.17,53.4,15.4,25.4,bubble,7.76,28.0,0.0,20887.944,6.632478632478633,2026-06
101453,2026-02-18,上海,electronics,0,0.96,26.0,28.5,30.0,bubble,6.33,111.0,0.0,22230.0,6.59375,2026-02
101990,2026-08-21,武汉,glass,1,4.56,37.3,28.7,14.3,wood,19.0,144.0,0.0,15308.293000000001,4.166666666666667,2026-08
101499,2026-01-23,成都,electronics,1,1.75,49.4,14.2,26.4,cardboard,11.97,109.0,0.0,18519.071999999996,6.840000000000001,2026-01
100313,2026-01-06,成都,glass,1,2.15,26.9,16.6,6.4,wood,14.3,150.0,0.0,2857.856,6.651162790697675,2026-01
100436,2026-04-16,北京,electronics,0,4.8,23.4,26.8,34.5,cardboard,15.86,92.0,0.0,21635.64,3.3041666666666667,2026-04
101929,2026-07-03,杭州,ceramics,1,1.52,49.2,44.2,22.3,cardboard,11.65,93.0,0.0,48494.47200000001,7.6644736842105265,2026-07
100953,2026-05-06,武汉,clothing,0,0.65,49.7,22.8,6.8,bubble,5.68,37.0,0.0,7705.488,8.738461538461538,2026-05
100309,2026-04-17,杭州,books,0,0.38,36.6,13.9,29.2,bubble,6.15,52.0,0.0,14855.208,16.18421052631579,2026-04
100431,2026-05-22,杭州,electronics,0,1.09,25.2,37.3,15.0,cardboard,10.24,106.0,0.0,14099.4,9.394495412844035,2026-05
100661,2026-02-13,西安,clothing,0,0.71,48.3,35.2,8.0,bubble,6.63,40.0,0.0,13601.28,9.338028169014084,2026-02
100371,2026-04-24,杭州,electronics,0,2.33,22.0,25.8,17.9,bubble,9.68,98.0,0.0,10160.039999999999,4.15450643776824,2026-04
100567,2026-02-12,武汉,ceramics,1,1.46,22.5,13.2,37.8,cardboard,9.05,102.0,0.0,11226.599999999999,6.198630136986302,2026-02
101000,2026-06-15,西安,ceramics,0,1.87,38.3,24.1,9.8,bubble,8.81,136.0,0.0,9045.694,4.711229946524064,2026-06
100182,2026-03-27,西安,clothing,0,0.57,38.4,39.5,20.6,bubble,6.27,26.0,0.0,31246.08,11.0,2026-03
101622,2026-06-07,广州,electronics,0,2.93,28.1,16.8,29.0,bubble,10.22,134.0,0.0,13690.320000000002,3.4880546075085324,2026-06
100622,2026-01-07,广州,electronics,0,1.5,57.9,44.8,18.0,cardboard,10.35,88.0,0.0,46690.55999999999,6.8999999999999995,2026-01
100835,2026-01-07,北京,glass,1,1.41,28.2,27.5,10.7,wood,13.57,151.0,0.0,8297.849999999999,9.624113475177305,2026-01
101348,2026-05-28,杭州,electronics,0,1.44,21.2,30.9,31.0,cardboard,11.29,131.0,0.0,20307.479999999996,7.840277777777778,2026-05
101795,2026-04-26,上海,clothing,0,0.68,15.5,16.0,7.5,bubble,5.92,24.0,0.0,1860.0,8.705882352941176,2026-04
101442,2026-08-25,广州,electronics,0,4.21,56.9,13.1,38.4,cardboard,17.84,117.0,0.0,28622.976,4.237529691211401,2026-08
101869,2026-06-21,北京,glass,1,1.36,19.9,34.4,10.5,wood,15.07,164.0,0.0,7187.879999999999,11.080882352941176,2026-06
100941,2026-05-14,北京,electronics,1,3.56,50.6,25.2,22.4,wood,20.5,81.0,0.0,28562.687999999995,5.758426966292134,2026-05
101223,2026-05-07,武汉,electronics,0,1.6,17.3,14.4,20.6,bubble,8.48,118.0,0.0,5131.872,5.3,2026-05
100297,2026-08-17,西安,electronics,1,3.63,30.2,18.0,11.6,wood,18.21,88.0,0.0,6305.76,5.016528925619835,2026-08
101262,2026-05-12,深圳,glass,1,2.44,46.0,32.7,22.8,wood,17.06,157.0,0.0,34295.76,6.991803278688524,2026-05
100462,2026-07-21,广州,clothing,0,0.43,17.3,42.7,22.3,bubble,6.53,40.0,0.0,16473.233,15.186046511627907,2026-07
101321,2026-04-17,上海,electronics,0,0.6,34.0,38.4,26.5,cardboard,10.37,130.0,0.0,34598.399999999994,17.28333333333333,2026-04
100378,2026-06-05,广州,ceramics,1,2.42,15.3,41.8,7.5,wood,15.46,111.0,0.0,4796.549999999999,6.388429752066116,2026-06
100799,2026-01-07,武汉,ceramics,1,1.3,27.6,14.5,12.4,wood,14.48,81.0,0.0,4962.4800000000005,11.138461538461538,2026-01
101489,2026-02-03,深圳,ceramics,1,4.12,40.1,27.2,15.5,cardboard,15.08,125.0,0.0,16906.16,3.6601941747572813,2026-02
100106,2026-01-11,北京,clothing,0,0.25,22.6,15.1,35.1,bubble,5.1,38.0,0.0,11978.226,20.4,2026-01
100127,2026-07-12,深圳,books,0,2.56,52.6,15.5,23.7,cardboard,11.56,41.0,0.0,19322.61,4.515625,2026-07
100995,2026-05-18,西安,ceramics,0,2.62,23.4,43.7,29.1,cardboard,13.23,110.0,0.0,29757.078,5.049618320610687,2026-05
100847,2026-04-13,深圳,ceramics,1,1.02,43.1,11.7,18.2,cardboard,8.27,129.0,0.0,9177.714,8.107843137254902,2026-04
100856,2026-02-16,杭州,clothing,0,0.38,52.5,27.4,12.2,bubble,5.06,37.0,0.0,17549.7,13.315789473684209,2026-02
100356,2026-07-07,深圳,clothing,0,0.86,32.4,23.9,15.7,bubble,6.73,35.0,0.0,12157.451999999997,7.825581395348838,2026-07
101640,2026-08-06,成都,clothing,0,0.21,47.9,35.4,11.2,bubble,6.1,28.0,0.0,18991.391999999996,29.047619047619047,2026-08
100683,2026-08-07,上海,electronics,0,0.77,22.5,16.6,13.1,bubble,7.14,102.0,0.0,4892.85,9.272727272727272,2026-08
101380,2026-06-17,武汉,ceramics,1,1.16,50.1,17.6,28.4,cardboard,9.71,98.0,0.0,25041.984,8.370689655172415,2026-06
100890,2026-03-21,武汉,glass,1,1.0,47.9,17.9,35.4,cardboard,10.87,159.0,0.0,30352.313999999995,10.87,2026-03
100210,2026-01-01,上海,glass,1,2.63,34.4,30.9,36.4,wood,15.77,154.0,0.0,38691.74399999999,5.996197718631179,2026-01
100987,2026-01-30,武汉,books,0,1.53,26.8,44.8,24.7,bubble,7.46,40.0,0.0,29655.807999999997,4.875816993464052,2026-01
100141,2026-08-07,上海,glass,1,2.45,29.1,19.5,9.6,cardboard,11.74,153.0,0.0,5447.52,4.791836734693877,2026-08
101458,2026-03-22,广州,clothing,0,0.75,41.8,22.9,17.2,cardboard,9.77,38.0,0.0,16464.183999999997,13.026666666666666,2026-03
101358,2026-01-18,成都,glass,1,1.51,27.8,18.2,9.7,bubble,8.42,168.0,0.0,4907.811999999999,5.576158940397351,2026-01
101122,2026-03-28,西安,books,0,0.94,17.3,28.6,11.0,bubble,9.05,53.0,0.0,5442.58,9.627659574468087,2026-03
101816,2026-04-27,成都,ceramics,1,3.93,48.3,44.9,6.4,wood,17.23,104.0,0.0,13879.487999999998,4.3842239185750635,2026-04
101113,2026-06-20,上海,electronics,0,1.9,36.1,26.1,12.1,bubble,10.13,110.0,0.0,11400.741,5.331578947368421,2026-06
100866,2026-01-10,广州,glass,1,4.4,19.0,44.5,38.4,cardboard,16.37,173.0,0.0,32467.199999999997,3.7204545454545452,2026-01
100910,2026-02-20,成都,clothing,0,0.42,59.8,17.5,9.5,cardboard,7.97,39.0,0.0,9941.75,18.976190476190478,2026-02
100712,2026-04-21,上海,clothing,0,0.63,18.1,31.0,8.7,cardboard,7.84,29.0,0.0,4881.57,12.444444444444445,2026-04
101285,2026-06-07,武汉,books,0,0.44,48.5,39.8,30.9,bubble,8.06,46.0,0.0,59646.27,18.31818181818182,2026-06
101103,2026-03-13,武汉,glass,1,4.04,16.6,41.4,33.7,wood,19.25,129.0,0.0,23159.988,4.764851485148514,2026-03
101659,2026-05-01,广州,ceramics,0,1.08,32.2,18.3,15.2,cardboard,8.87,90.0,0.0,8956.752,8.212962962962962,2026-05
100011,2026-02-04,杭州,glass,1,1.65,23.0,40.0,31.5,cardboard,10.56,176.0,0.0,28980.0,6.4,2026-02
101720,2026-01-03,西安,glass,1,1.3,37.3,39.0,28.9,cardboard,11.83,190.0,0.0,42040.829999999994,9.1,2026-01
101286,2026-05-12,杭州,clothing,0,0.85,49.0,29.0,32.2,bubble,9.65,35.0,0.0,45756.200000000004,11.352941176470589,2026-05
100283,2026-02-06,上海,glass,1,3.51,28.6,18.9,29.9,cardboard,13.35,176.0,0.0,16162.145999999999,3.8034188034188037,2026-02
100811,2026-03-15,西安,glass,1,3.36,58.3,38.3,38.5,wood,21.01,159.0,0.0,85966.265,6.252976190476192,2026-03
101108,2026-01-16,成都,clothing,0,1.02,43.5,24.4,16.5,bubble,7.37,24.0,0.0,17513.1,7.2254901960784315,2026-01
100292,2026-07-27,成都,glass,1,0.82,19.3,22.3,29.5,wood,14.48,133.0,0.0,12696.505000000001,17.658536585365855,2026-07
100755,2026-08-15,北京,electronics,1,1.89,56.3,40.5,15.7,cardboard,12.57,112.0,0.0,35798.355,6.650793650793651,2026-08
100627,2026-04-17,成都,glass,1,3.01,36.5,38.6,31.1,wood,20.01,153.0,0.0,43816.79000000001,6.647840531561463,2026-04
100964,2026-06-18,上海,glass,0,3.65,36.9,25.4,36.8,cardboard,13.59,181.0,0.0,34491.16799999999,3.723287671232877,2026-06
100880,2026-03-18,上海,electronics,1,2.52,17.6,29.2,18.4,cardboard,12.64,111.0,0.0,9456.128,5.015873015873016,2026-03
100130,2026-03-18,上海,glass,1,2.32,18.5,37.3,20.6,wood,15.75,123.0,0.0,14215.03,6.788793103448277,2026-03
101193,2026-06-20,杭州,electronics,0,4.22,23.3,36.3,19.1,wood,19.34,89.0,0.0,16154.589,4.5829383886255926,2026-06
100844,2026-07-24,杭州,electronics,0,1.22,57.0,32.8,8.3,cardboard,9.14,94.0,0.0,15517.68,7.491803278688526,2026-07
100324,2026-01-04,深圳,books,0,1.98,37.7,41.7,11.5,bubble,10.05,52.0,0.0,18079.035000000003,5.075757575757576,2026-01
101106,2026-03-09,北京,glass,1,2.08,43.4,31.8,18.7,cardboard,11.52,133.0,0.0,25808.244,5.538461538461538,2026-03
101477,2026-08-20,西安,electronics,0,4.18,59.7,12.7,28.0,bubble,12.31,88.0,0.0,21229.32,2.944976076555024,2026-08
101488,2026-07-27,杭州,ceramics,1,2.61,36.7,44.4,7.5,cardboard,11.44,114.0,0.0,12221.1,4.383141762452107,2026-07
101894,2026-05-01,北京,ceramics,1,2.66,21.3,12.2,16.2,wood,16.99,86.0,0.0,4209.732,6.387218045112781,2026-05
101846,2026-08-18,杭州,electronics,0,3.23,19.1,17.9,19.5,cardboard,12.49,117.0,0.0,6666.855,3.86687306501548,2026-08
101808,2026-06-06,北京,books,0,1.21,25.8,38.7,12.7,bubble,6.74,46.0,0.0,12680.442000000001,5.570247933884298,2026-06
100696,2026-07-14,西安,ceramics,1,2.605,49.7,22.9,27.1,wood,20.48,90.0,0.0,30843.322999999997,7.861804222648753,2026-07
100216,2026-04-20,成都,ceramics,1,2.51,26.3,22.8,22.4,wood,14.1,88.0,0.0,13431.936,5.617529880478088,2026-04
101642,2026-04-28,广州,books,0,2.15,25.1,41.0,19.7,cardboard,10.01,47.0,0.0,20273.27,4.655813953488372,2026-04
101945,2026-02-18,武汉,clothing,0,0.73,41.4,17.8,32.1,bubble,8.59,25.0,0.0,23655.132,11.767123287671232,2026-02
100159,2026-01-05,西安,electronics,0,4.81,48.5,28.6,21.7,cardboard,15.75,92.0,0.0,30100.070000000003,3.2744282744282747,2026-01
101074,2026-08-06,西安,electronics,1,1.61,24.5,30.3,20.4,wood,15.09,111.0,0.0,15143.939999999999,9.372670807453416,2026-08
101779,2026-02-20,深圳,glass,0,0.96,27.9,29.4,34.9,cardboard,11.22,170.0,0.0,28627.073999999993,11.687500000000002,2026-02
100969,2026-04-22,武汉,clothing,0,0.58,40.8,27.0,31.3,bubble,8.67,32.0,0.0,34480.079999999994,14.948275862068966,2026-04
100842,2026-02-25,西安,clothing,0,1.4,17.0,40.0,6.6,bubble,8.38,41.0,0.0,4488.0,5.985714285714287,2026-02
100635,2026-08-05,武汉,electronics,1,0.76,55.8,28.2,32.9,wood,18.15,103.0,0.0,51770.123999999996,23.881578947368418,2026-08
100517,2026-06-12,武汉,electronics,0,3.96,19.8,28.7,34.9,cardboard,15.95,134.0,0.0,19832.273999999998,4.027777777777778,2026-06
101449,2026-01-18,杭州,electronics,0,2.77,58.9,22.2,33.0,cardboard,15.05,83.0,0.0,43150.14,5.433212996389892,2026-01
101544,2026-01-17,武汉,ceramics,1,1.51,43.7,20.4,7.0,cardboard,9.48,117.0,0.0,6240.360000000001,6.2781456953642385,2026-01
100598,2026-06-30,成都,ceramics,1,3.57,26.6,10.1,38.8,wood,15.56,95.0,0.0,10424.008,4.358543417366947,2026-06
100196,2026-07-26,北京,electronics,1,3.45,51.0,31.1,35.0,cardboard,14.5,104.0,0.0,55513.50000000001,4.202898550724638,2026-07
101667,2026-03-31,杭州,electronics,1,1.03,42.2,11.6,25.8,cardboard,9.04,139.0,0.0,12629.616000000002,8.776699029126213,2026-03
100888,2026-05-26,深圳,ceramics,1,3.37,38.3,33.1,12.8,wood,18.33,92.0,0.0,16226.944000000001,5.439169139465875,2026-05
100097,2026-06-20,西安,books,0,1.95,29.4,44.2,19.0,bubble,8.85,41.0,0.0,24690.12,4.538461538461538,2026-06
101781,2026-06-11,成都,clothing,0,0.84,27.4,40.9,19.3,cardboard,10.87,35.0,0.0,21628.737999999998,12.94047619047619,2026-06
100157,2026-04-12,西安,electronics,0,1.49,37.3,11.9,17.2,bubble,7.23,103.0,0.0,7634.563999999999,4.852348993288591,2026-04
100420,2026-08-12,西安,glass,1,2.16,39.7,25.6,22.9,wood,17.57,177.0,0.0,23273.728000000003,8.13425925925926,2026-08
101831,2026-08-02,西安,electronics,0,2.36,49.4,11.2,11.2,bubble,9.56,120.0,0.0,6196.735999999999,4.050847457627119,2026-08
100478,2026-03-04,北京,clothing,0,0.98,23.7,32.8,25.5,bubble,8.03,30.0,0.0,19822.679999999997,8.193877551020408,2026-03
101885,2026-02-28,西安,glass,1,4.58,19.0,13.7,36.4,wood,19.8,130.0,0.0,9474.92,4.323144104803494,2026-02
100669,2026-01-18,武汉,clothing,0,0.85,50.3,42.0,37.4,cardboard,12.67,33.0,0.0,79011.23999999999,14.905882352941177,2026-01
101054,2026-03-21,上海,glass,1,1.19,38.5,18.1,32.2,wood,14.12,150.0,0.0,22438.570000000003,11.865546218487395,2026-03
101902,2026-06-22,西安,books,0,2.38,38.3,30.1,8.7,bubble,10.47,53.0,0.0,10029.621,4.399159663865547,2026-06
101318,2026-05-10,成都,ceramics,1,3.06,42.9,21.0,15.5,wood,16.63,137.0,0.0,13963.949999999999,5.434640522875816,2026-05
100448,2026-06-06,上海,glass,1,1.71,27.9,36.5,27.0,cardboard,10.72,176.0,0.0,27495.449999999997,6.269005847953217,2026-06
100554,2026-08-03,西安,glass,1,1.07,21.3,29.4,11.9,cardboard,7.64,158.0,0.0,7452.018000000001,7.14018691588785,2026-08
100179,2026-02-01,成都,ceramics,1,1.37,47.8,39.7,21.5,wood,16.18,110.0,0.0,40799.69,11.810218978102188,2026-02
100391,2026-06-26,北京,clothing,0,0.72,39.0,34.1,21.5,bubble,8.12,30.0,0.0,28592.850000000002,11.277777777777777,2026-06
100579,2026-03-30,成都,books,0,2.2,28.3,40.7,15.2,cardboard,12.3,52.0,0.0,17507.512000000002,5.590909090909091,2026-03
101028,2026-08-13,杭州,glass,1,2.21,21.7,21.9,29.2,cardboard,10.71,206.0,0.0,13876.715999999999,4.846153846153847,2026-08
101732,2026-02-16,成都,books,0,2.99,34.7,35.7,7.5,wood,18.67,37.0,0.0,9290.925000000001,6.2441471571906355,2026-02
101306,2026-05-25,西安,electronics,0,0.72,33.3,21.7,6.8,bubble,5.59,106.0,0.0,4913.748,7.763888888888889,2026-05
101668,2026-08-14,西安,electronics,0,2.06,58.4,24.9,5.7,cardboard,10.27,107.0,0.0,8288.712,4.985436893203883,2026-08
100917,2026-07-06,广州,electronics,1,4.87,58.9,37.0,37.8,wood,23.12,97.0,0.0,82377.53999999998,4.747433264887063,2026-07
100821,2026-06-10,深圳,electronics,1,1.0,42.3,20.8,22.05,cardboard,9.05,139.0,0.0,19400.471999999998,9.05,2026-06
101853,2026-02-02,西安,electronics,0,1.85,46.9,33.7,18.7,bubble,9.56,107.0,0.0,29555.911,5.167567567567567,2026-02
101005,2026-07-25,杭州,glass,1,2.55,20.3,40.5,16.5,bubble,8.7,127.0,0.0,13565.475,3.411764705882353,2026-07
101068,2026-02-19,杭州,glass,1,1.09,18.1,30.7,31.4,bubble,7.5,153.0,0.0,17448.038,6.880733944954128,2026-02
100665,2026-06-04,深圳,glass,1,1.0,56.9,35.6,17.2,cardboard,11.32,144.0,0.0,34841.008,11.32,2026-06
100143,2026-02-17,武汉,electronics,0,0.57,33.3,29.9,24.3,bubble,5.96,93.0,0.0,24194.780999999995,10.456140350877194,2026-02
101616,2026-01-28,上海,books,0,1.29,41.1,39.0,19.9,bubble,6.61,55.0,0.0,31897.71,5.124031007751938,2026-01
101450,2026-05-07,北京,electronics,0,2.77,39.1,31.9,21.4,cardboard,14.17,138.0,0.0,26692.005999999998,5.115523465703971,2026-05
100865,2026-01-20,西安,electronics,0,3.08,51.7,19.2,24.0,wood,18.3,111.0,0.0,23823.36,5.941558441558442,2026-01
100422,2026-05-19,西安,electronics,0,2.03,24.9,17.0,5.0,cardboard,10.72,96.0,0.0,2116.5,5.280788177339902,2026-05
100637,2026-05-05,西安,electronics,1,0.999,26.0,43.9,18.4,cardboard,15.55,113.0,1.0,21001.759999999995,15.565565565565567,2026-05
101753,2026-05-04,成都,books,0,2.95,22.4,32.0,28.8,cardboard,14.32,50.0,0.0,20643.84,4.854237288135593,2026-05
100800,2026-02-22,武汉,books,0,2.68,41.4,43.7,38.2,bubble,11.79,51.0,0.0,69110.676,4.399253731343283,2026-02
101300,2026-03-21,上海,clothing,0,1.01,46.0,40.2,16.8,bubble,9.45,29.0,0.0,31066.56,9.356435643564355,2026-03
100616,2026-02-28,武汉,clothing,0,0.85,17.7,32.9,22.7,bubble,7.87,37.0,0.0,13218.890999999998,9.258823529411766,2026-02
100295,2026-05-29,西安,glass,1,2.15,56.4,20.5,9.0,wood,17.02,192.0,0.0,10405.800000000001,7.916279069767442,2026-05
100942,2026-08-08,武汉,electronics,0,3.77,26.5,28.3,5.5,cardboard,14.18,81.0,0.0,4124.725,3.7612732095490715,2026-08
101356,2026-07-11,上海,electronics,1,4.56,17.6,37.3,12.4,wood,19.98,111.0,0.0,8140.352000000001,4.381578947368421,2026-07
101933,2026-04-02,成都,electronics,0,3.8,39.5,40.8,21.5,cardboard,14.74,117.0,0.0,34649.4,3.878947368421053,2026-04
100089,2026-07-24,西安,electronics,1,0.64,29.5,31.3,21.3,bubble,7.3,91.0,0.0,19667.355,11.40625,2026-07
100042,2026-05-12,广州,electronics,1,0.91,35.6,37.4,27.3,bubble,8.6,136.0,0.0,36348.312000000005,9.450549450549449,2026-05
101830,2026-03-30,广州,glass,1,2.48,47.7,39.0,9.4,cardboard,11.72,198.0,0.0,17486.820000000003,4.725806451612904,2026-03
101964,2026-04-01,北京,glass,1,4.37,20.2,14.6,32.3,wood,17.84,134.0,0.0,9525.915999999997,4.082379862700229,2026-04
100132,2026-01-28,北京,ceramics,1,4.18,24.1,38.0,26.6,cardboard,13.34,100.0,0.0,24360.280000000002,3.1913875598086126,2026-01
101800,2026-06-28,成都,books,0,0.76,28.0,30.4,39.3,bubble,8.76,52.0,0.0,33452.159999999996,11.526315789473683,2026-06
101010,2026-05-16,上海,ceramics,0,1.09,30.9,17.8,8.0,cardboard,8.44,96.0,0.0,4400.16,7.743119266055045,2026-05
101085,2026-02-17,武汉,ceramics,1,2.42,18.7,44.7,34.6,wood,17.18,87.0,0.0,28921.794,7.099173553719008,2026-02
101884,2026-07-28,杭州,electronics,1,4.99,46.3,36.6,23.4,wood,20.51,117.0,0.0,39653.172,4.110220440881764,2026-07
101363,2026-08-19,武汉,clothing,0,1.22,32.1,40.3,6.1,bubble,5.22,40.0,0.0,7891.142999999999,4.278688524590164,2026-08
101522,2026-04-06,西安,glass,1,0.96,20.7,34.0,19.9,bubble,7.58,203.0,0.0,14005.619999999999,7.895833333333334,2026-04
100165,2026-05-12,深圳,glass,1,1.16,48.4,18.3,34.0,cardboard,9.91,162.0,0.0,30114.48,8.543103448275863,2026-05
100725,2026-07-18,西安,clothing,0,1.41,24.1,43.1,38.1,bubble,8.66,34.0,0.0,39574.851,6.141843971631206,2026-07
100291,2026-05-08,西安,ceramics,1,2.24,21.9,42.6,31.7,wood,17.48,118.0,0.0,29574.197999999997,7.803571428571428,2026-05
101160,2026-08-30,杭州,glass,1,1.02,36.1,36.8,8.5,wood,12.94,165.0,0.0,11292.08,12.686274509803921,2026-08
101559,2026-08-12,北京,electronics,0,3.61,26.6,23.1,17.6,cardboard,13.95,131.0,0.0,10814.496000000001,3.864265927977839,2026-08
101927,2026-08-14,广州,glass,1,1.09,58.1,38.6,7.7,wood,14.56,122.0,0.0,17268.482000000004,13.357798165137615,2026-08
101035,2026-05-19,广州,clothing,0,0.39,40.8,15.8,11.0,bubble,7.67,36.0,0.0,7091.04,19.666666666666664,2026-05
101381,2026-05-20,上海,clothing,0,0.51,27.3,25.8,20.3,bubble,6.17,33.0,1.0,14298.102,12.098039215686274,2026-05
100779,2026-02-27,深圳,electronics,1,3.3,31.3,28.7,5.1,wood,19.43,88.0,0.0,4581.380999999999,5.887878787878788,2026-02
100840,2026-05-28,深圳,clothing,0,0.51,50.0,38.9,12.3,bubble,6.5,31.0,0.0,23923.5,12.745098039215685,2026-05
100349,2026-05-05,成都,glass,1,2.77,45.9,11.4,32.8,wood,17.11,177.0,0.0,17162.928,6.176895306859206,2026-05
101975,2026-07-20,深圳,clothing,0,1.02,37.3,41.2,6.3,bubble,7.35,40.0,0.0,9681.588,7.205882352941176,2026-07
100572,2026-07-24,北京,clothing,0,1.25,58.4,17.2,22.5,cardboard,9.83,37.0,0.0,22600.8,7.864,2026-07
100918,2026-02-01,杭州,books,0,2.62,28.4,21.4,35.1,bubble,10.49,54.0,0.0,21332.375999999997,4.0038167938931295,2026-02
101203,2026-02-12,北京,clothing,0,0.38,33.3,18.7,29.6,wood,13.86,36.0,0.0,18432.216,36.473684210526315,2026-02
101917,2026-07-06,武汉,electronics,0,0.89,43.1,29.5,12.6,cardboard,7.72,94.0,0.0,16020.27,8.674157303370785,2026-07
101491,2026-07-29,上海,clothing,0,0.99,20.7,21.4,9.4,bubble,6.78,37.0,0.0,4164.012,6.848484848484849,2026-07
101615,2026-06-06,杭州,electronics,1,2.26,20.4,40.6,6.6,cardboard,12.05,121.0,0.0,5466.384,5.331858407079647,2026-06
101336,2026-08-02,杭州,electronics,1,3.47,48.4,11.2,16.7,wood,17.94,123.0,0.0,9052.735999999999,5.170028818443804,2026-08
101873,2026-01-29,西安,ceramics,1,2.78,58.8,36.1,38.2,wood,21.44,99.0,0.0,81086.376,7.712230215827339,2026-01
100137,2026-03-26,上海,ceramics,1,4.35,51.5,27.7,30.8,wood,19.8,124.0,0.0,43937.74,4.551724137931035,2026-03
100459,2026-01-14,杭州,electronics,1,4.24,25.1,24.8,24.5,bubble,14.28,96.0,0.0,15250.76,3.3679245283018866,2026-01
100376,2026-02-11,武汉,books,0,2.27,38.0,27.8,5.7,bubble,8.9,49.0,0.0,6021.4800000000005,3.9207048458149782,2026-02
101361,2026-02-26,广州,glass,1,4.36,23.2,22.1,32.0,wood,18.83,197.0,0.0,16407.04,4.318807339449541,2026-02
100334,2026-08-13,杭州,electronics,0,2.21,42.5,20.4,17.1,bubble,8.73,111.0,0.0,14825.699999999999,3.9502262443438916,2026-08
101325,2026-03-29,杭州,clothing,0,1.39,23.9,19.7,23.3,bubble,5.98,39.0,0.0,10970.338999999998,4.302158273381296,2026-03
101177,2026-01-22,武汉,clothing,0,1.2,41.3,17.1,7.0,bubble,6.16,31.0,0.0,4943.610000000001,5.133333333333334,2026-01
101953,2026-05-13,杭州,electronics,0,2.09,54.6,43.7,23.5,bubble,11.24,113.0,0.0,56071.47000000001,5.37799043062201,2026-05
101787,2026-07-10,深圳,ceramics,1,3.1,54.9,29.9,12.4,wood,17.37,108.0,0.0,20354.724000000002,5.603225806451613,2026-07
101952,2026-05-14,广州,electronics,0,1.57,47.9,28.3,14.3,cardboard,10.87,127.0,0.0,19384.651,6.923566878980891,2026-05
100817,2026-07-12,成都,books,0,2.56,43.9,40.6,13.6,bubble,11.32,32.0,0.0,24239.823999999997,4.421875,2026-07
101132,2026-04-03,成都,electronics,1,1.02,48.0,17.5,12.6,wood,13.88,121.0,0.0,10584.0,13.607843137254903,2026-04
100606,2026-01-25,深圳,clothing,0,0.68,34.6,33.9,9.8,bubble,6.02,24.0,0.0,11494.812000000002,8.852941176470587,2026-01
101886,2026-08-09,杭州,clothing,0,0.35,18.5,19.2,33.0,bubble,5.55,40.0,0.0,11721.6,15.857142857142858,2026-08
101928,2026-01-20,北京,electronics,0,1.5,36.1,28.2,18.0,bubble,5.76,137.0,0.0,18324.36,3.84,2026-01
101335,2026-03-17,西安,ceramics,1,0.86,30.0,22.1,23.6,wood,15.17,116.0,0.0,15646.800000000001,17.63953488372093,2026-03
100911,2026-08-22,北京,ceramics,1,3.58,60.0,43.0,36.4,wood,20.95,112.0,0.0,93912.0,5.851955307262569,2026-08
101960,2026-08-18,北京,books,0,1.56,37.0,12.6,35.2,bubble,8.67,41.0,0.0,16410.24,5.5576923076923075,2026-08
101226,2026-07-07,广州,glass,1,3.18,44.9,14.7,32.4,wood,17.81,153.0,0.0,21384.971999999998,5.600628930817609,2026-07
100329,2026-06-26,深圳,ceramics,1,4.09,31.4,15.6,16.2,cardboard,12.61,96.0,0.0,7935.407999999999,3.0831295843520783,2026-06
101690,2026-02-15,上海,ceramics,1,3.34,39.9,21.4,5.3,cardboard,11.06,128.0,0.0,4525.458,3.3113772455089823,2026-02
100319,2026-01-31,西安,electronics,0,3.4,37.3,38.3,28.8,cardboard,15.02,122.0,0.0,41143.39199999999,4.41764705882353,2026-01
101553,2026-05-10,武汉,books,0,0.49,15.1,25.3,25.4,bubble,5.84,33.0,0.0,9703.562,11.918367346938776,2026-05
101545,2026-06-24,北京,electronics,0,3.94,31.1,31.7,6.2,cardboard,13.87,87.0,0.0,6112.394,3.520304568527919,2026-06
101759,2026-03-05,武汉,ceramics,0,3.03,45.7,25.3,21.9,cardboard,12.86,110.0,0.0,25320.999,4.244224422442245,2026-03
100168,2026-03-02,西安,ceramics,0,1.37,43.2,21.4,27.5,cardboard,10.05,93.0,0.0,25423.2,7.335766423357664,2026-03
100013,2026-04-18,西安,ceramics,1,2.08,58.1,26.9,32.4,wood,18.7,109.0,0.0,50637.63599999999,8.990384615384615,2026-04
101957,2026-07-24,杭州,ceramics,1,1.22,20.9,15.3,27.0,bubble,7.72,120.0,0.0,8633.789999999999,6.327868852459017,2026-07
100172,2026-01-28,上海,glass,1,1.33,35.1,18.0,31.6,bubble,7.01,148.0,1.0,19964.880000000005,5.270676691729323,2026-01
100650,2026-01-06,西安,clothing,0,1.17,23.7,15.8,25.5,bubble,6.26,38.0,0.0,9548.73,5.350427350427351,2026-01
101524,2026-07-16,成都,ceramics,1,2.88,48.5,18.5,27.6,wood,18.54,110.0,0.0,24764.100000000002,6.4375,2026-07
101231,2026-03-29,深圳,ceramics,1,4.47,16.0,12.4,32.8,cardboard,14.49,124.0,0.0,6507.5199999999995,3.2416107382550337,2026-03
101430,2026-03-04,广州,electronics,0,4.04,36.1,19.3,14.7,cardboard,15.58,96.0,0.0,10241.931,3.8564356435643563,2026-03
100902,2026-07-15,上海,ceramics,1,2.65,28.1,20.0,14.5,cardboard,11.44,134.0,0.0,8149.0,4.316981132075472,2026-07
100673,2026-01-28,西安,ceramics,1,2.98,48.2,13.3,25.8,cardboard,12.98,92.0,0.0,16539.348,4.355704697986577,2026-01
100259,2026-03-17,武汉,glass,1,1.83,37.3,12.2,31.9,cardboard,10.44,158.0,0.0,14516.413999999997,5.7049180327868845,2026-03
100845,2026-07-08,上海,electronics,0,2.77,30.4,32.5,12.9,bubble,9.33,114.0,0.0,12745.2,3.368231046931408,2026-07
101212,2026-03-10,北京,clothing,0,1.0,55.0,35.6,30.8,bubble,10.9,27.0,0.0,60306.4,10.9,2026-03
100139,2026-06-21,杭州,clothing,0,1.19,31.1,26.7,10.2,cardboard,9.51,26.0,0.0,8469.774,7.991596638655462,2026-06
100894,2026-07-02,上海,ceramics,1,1.58,32.5,23.2,6.3,bubble,7.67,101.0,0.0,4750.2,4.8544303797468356,2026-07
101866,2026-04-06,北京,ceramics,1,2.58,19.3,28.0,22.9,bubble,8.69,118.0,0.0,12375.159999999998,3.3682170542635657,2026-04
100550,2026-08-02,深圳,ceramics,1,3.94,16.7,14.7,25.0,wood,18.92,118.0,0.0,6137.249999999999,4.802030456852792,2026-08
100320,2026-05-25,深圳,books,0,2.78,22.7,29.0,31.8,bubble,10.21,34.0,0.0,20933.94,3.672661870503598,2026-05
101550,2026-01-01,武汉,books,1,0.97,33.4,29.2,7.4,wood,14.3,37.0,0.0,7217.072,14.742268041237114,2026-01
101329,2026-01-19,广州,clothing,0,0.92,43.9,35.2,27.8,bubble,9.83,40.0,0.0,42958.784,10.684782608695652,2026-01
101828,2026-07-24,杭州,electronics,0,0.95,52.4,19.0,31.2,bubble,10.71,83.0,0.0,31062.72,11.273684210526318,2026-07
100559,2026-02-07,成都,clothing,0,1.14,34.0,13.4,20.8,cardboard,10.06,40.0,1.0,9476.480000000001,8.824561403508772,2026-02
100140,2026-02-14,上海,clothing,0,0.29,48.7,38.5,20.7,bubble,6.84,30.0,0.0,38811.465,23.586206896551726,2026-02
101761,2026-01-16,西安,electronics,0,2.59,46.6,24.7,8.1,bubble,10.78,119.0,0.0,9323.261999999999,4.162162162162162,2026-01
100532,2026-06-18,成都,electronics,0,0.7,38.1,29.4,13.8,bubble,10.07,118.0,0.0,15457.932000000003,14.385714285714288,2026-06
100225,2026-02-09,广州,ceramics,1,2.05,47.5,28.2,17.9,cardboard,11.04,91.0,0.0,23977.05,5.385365853658537,2026-02
100724,2026-06-16,深圳,ceramics,1,1.36,50.1,41.5,34.4,wood,19.9,106.0,0.0,71522.76,14.63235294117647,2026-06
100787,2026-04-25,成都,ceramics,1,2.49,55.0,12.3,17.2,wood,15.78,87.0,0.0,11635.8,6.33734939759036,2026-04
101743,2026-03-14,成都,clothing,0,1.42,42.4,35.9,18.1,cardboard,12.8,29.0,0.0,27551.095999999998,9.014084507042254,2026-03
101178,2026-08-05,杭州,clothing,0,0.24,37.5,15.2,33.2,bubble,7.36,37.0,0.0,18924.0,30.666666666666668,2026-08
100410,2026-08-25,北京,glass,1,1.35,23.4,36.5,16.2,cardboard,9.32,198.0,0.0,13836.419999999998,6.9037037037037035,2026-08
100326,2026-04-05,广州,electronics,0,3.95,47.5,42.0,33.0,cardboard,16.77,126.0,0.0,65835.0,4.245569620253164,2026-04
101546,2026-02-09,西安,books,0,1.02,48.6,11.6,24.6,bubble,6.78,50.0,0.0,13868.496000000001,6.647058823529412,2026-02
100300,2026-07-31,西安,glass,0,2.85,37.4,26.8,5.9,bubble,9.26,143.0,0.0,5913.688,3.2491228070175437,2026-07
101281,2026-07-24,成都,glass,0,3.73,37.3,17.7,19.1,cardboard,12.9,122.0,0.0,12610.010999999999,3.4584450402144773,2026-07
100026,2026-08-19,深圳,glass,1,2.14,53.3,11.5,11.4,cardboard,13.59,171.0,0.0,6987.629999999999,6.350467289719626,2026-08
101888,2026-03-20,杭州,books,0,1.36,55.0,36.5,7.8,bubble,9.68,35.0,0.0,15658.5,7.117647058823529,2026-03
100715,2026-04-21,北京,electronics,1,1.68,20.6,32.7,32.2,cardboard,11.03,96.0,0.0,21690.564000000006,6.565476190476191,2026-04
100194,2026-01-09,武汉,glass,1,1.18,49.0,44.7,37.5,wood,17.9,148.0,0.0,82136.25,15.169491525423728,2026-01
100441,2026-06-17,成都,ceramics,1,1.31,47.9,38.2,9.4,wood,14.17,107.0,0.0,17199.932,10.81679389312977,2026-06
100574,2026-07-01,杭州,clothing,0,0.84,32.0,40.3,8.8,cardboard,7.06,39.0,0.0,11348.48,8.404761904761905,2026-07
100947,2026-08-19,深圳,glass,1,3.37,27.7,27.3,15.4,cardboard,13.42,202.0,0.0,11645.634,3.9821958456973294,2026-08
100998,2026-02-14,武汉,ceramics,1,3.45,53.1,39.0,17.2,wood,19.08,134.0,0.0,35619.48,5.530434782608695,2026-02
100504,2026-02-25,成都,ceramics,0,1.87,45.2,25.9,15.1,bubble,7.67,90.0,0.0,17677.268,4.101604278074866,2026-02
101190,2026-04-30,武汉,clothing,0,1.32,20.7,24.5,8.4,bubble,6.74,25.0,0.0,4260.06,5.106060606060606,2026-04
101903,2026-06-11,北京,electronics,0,1.71,35.3,21.9,35.8,cardboard,11.37,111.0,0.0,27675.905999999995,6.649122807017544,2026-06
101814,2026-05-18,成都,electronics,0,2.12,47.0,21.8,22.05,cardboard,11.2,111.0,0.0,22592.430000000004,5.283018867924528,2026-05
100004,2026-01-24,广州,glass,1,2.77,36.4,17.9,28.4,wood,18.1,183.0,0.0,18504.303999999996,6.534296028880867,2026-01
101269,2026-03-06,西安,electronics,0,4.18,58.7,41.8,26.0,bubble,14.69,122.0,0.0,63795.159999999996,3.514354066985646,2026-03
100468,2026-03-28,北京,clothing,0,1.36,27.5,33.0,8.1,bubble,8.71,25.0,0.0,7350.75,6.404411764705882,2026-03
100006,2026-05-18,杭州,clothing,0,0.8,20.2,33.4,21.5,cardboard,7.32,35.0,0.0,14505.619999999999,9.15,2026-05
100548,2026-07-20,深圳,electronics,0,0.999,15.9,44.8,35.7,cardboard,11.51,93.0,0.0,25429.824,11.521521521521521,2026-07
100229,2026-07-16,广州,electronics,1,0.94,21.6,17.9,24.2,bubble,6.2,113.0,0.0,9356.688,6.595744680851064,2026-07
100543,2026-06-01,成都,books,0,0.9,22.2,33.3,22.5,cardboard,9.75,40.0,0.0,16633.35,10.833333333333334,2026-06
100243,2026-01-30,深圳,clothing,0,0.29,42.6,25.7,22.3,bubble,4.65,33.0,0.0,24414.486,16.03448275862069,2026-01
100899,2026-05-04,广州,ceramics,1,2.605,47.1,27.5,26.0,wood,21.69,127.0,0.0,33676.5,8.326295585412668,2026-05
101778,2026-08-07,广州,electronics,1,1.81,23.9,19.6,15.4,cardboard,8.74,94.0,0.0,7213.976000000001,4.828729281767956,2026-08
101209,2026-02-23,成都,electronics,0,1.83,49.2,11.4,11.9,cardboard,10.46,139.0,0.0,6674.472,5.71584699453552,2026-02
101790,2026-08-27,深圳,glass,1,0.83,20.6,19.0,34.0,wood,14.37,147.0,0.0,13307.6,17.313253012048193,2026-08
100843,2026-07-14,成都,glass,1,1.55,54.3,29.6,19.2,wood,14.95,197.0,0.0,30859.775999999998,9.64516129032258,2026-07
101702,2026-03-27,西安,glass,1,4.78,33.4,22.1,8.8,cardboard,13.78,196.0,0.0,6495.6320000000005,2.8828451882845187,2026-03
101713,2026-07-03,杭州,clothing,0,1.21,45.7,13.8,9.0,cardboard,9.65,36.0,1.0,5675.9400000000005,7.975206611570249,2026-07
102000,2026-02-01,武汉,books,0,2.88,31.6,20.7,32.5,cardboard,11.9,40.0,0.0,21258.9,4.131944444444445,2026-02
100662,2026-06-05,成都,clothing,0,0.35,31.6,19.3,34.0,cardboard,8.48,41.0,0.0,20735.92,24.22857142857143,2026-06
100043,2026-08-19,广州,ceramics,1,3.39,21.7,27.8,19.1,cardboard,14.95,88.0,0.0,11522.266000000001,4.410029498525073,2026-08
100315,2026-04-28,广州,electronics,0,4.06,15.3,20.1,31.3,cardboard,13.48,98.0,0.0,9625.689,3.320197044334976,2026-04
100692,2026-08-21,北京,clothing,0,1.3,19.8,14.8,19.6,bubble,8.54,40.0,0.0,5743.584000000001,6.569230769230768,2026-08
101527,2026-05-05,北京,electronics,0,4.57,59.9,34.0,36.8,cardboard,18.11,122.0,0.0,74946.87999999999,3.9628008752735226,2026-05
100425,2026-07-11,武汉,electronics,0,1.21,27.7,33.1,10.0,cardboard,6.32,84.0,0.0,9168.7,5.223140495867769,2026-07
100595,2026-05-22,西安,clothing,0,0.56,52.8,12.7,10.6,cardboard,8.18,26.0,0.0,7107.935999999999,14.607142857142856,2026-05
101994,2026-08-29,成都,ceramics,1,3.01,25.9,43.2,13.0,cardboard,12.3,92.0,0.0,14545.440000000002,4.086378737541529,2026-08
100623,2026-03-10,杭州,electronics,1,1.98,24.8,41.7,8.0,wood,16.21,101.0,0.0,8273.28,8.186868686868687,2026-03
101188,2026-03-26,武汉,ceramics,1,2.6,20.9,40.2,34.0,wood,15.98,109.0,0.0,28566.12,6.1461538461538465,2026-03
101058,2026-01-06,深圳,ceramics,1,2.88,42.0,21.7,27.9,wood,18.02,126.0,0.0,25428.059999999998,6.256944444444445,2026-01
100228,2026-06-15,深圳,ceramics,1,4.32,17.4,26.9,22.4,wood,19.91,107.0,0.0,10484.543999999998,4.608796296296296,2026-06
101135,2026-03-02,成都,electronics,1,3.81,54.9,30.2,6.6,wood,18.19,131.0,0.0,10942.668,4.774278215223098,2026-03
101823,2026-01-10,上海,glass,0,1.44,44.1,11.5,7.3,cardboard,11.07,181.0,0.0,3702.195,7.687500000000001,2026-01
101115,2026-06-14,广州,ceramics,0,0.95,27.4,32.0,12.1,bubble,5.66,136.0,0.0,10609.279999999999,5.957894736842106,2026-06
100067,2026-04-30,深圳,glass,1,2.97,20.0,27.4,7.1,wood,15.94,147.0,0.0,3890.7999999999997,5.367003367003367,2026-04
100025,2026-05-06,成都,books,0,0.75,20.2,10.7,6.9,cardboard,8.51,46.0,0.0,1491.366,11.346666666666666,2026-05
100145,2026-02-24,武汉,electronics,1,1.26,57.7,24.1,34.2,wood,15.77,90.0,0.0,47557.494000000006,12.515873015873016,2026-02
100812,2026-02-25,广州,electronics,1,1.03,50.4,34.3,6.9,cardboard,10.73,89.0,0.0,11928.168,10.41747572815534,2026-02
101767,2026-05-02,西安,books,0,2.21,51.7,26.0,7.5,cardboard,12.61,37.0,0.0,10081.5,5.705882352941177,2026-05
100086,2026-02-02,武汉,electronics,1,4.53,53.1,16.3,19.5,wood,20.65,122.0,0.0,16877.835000000003,4.55849889624724,2026-02
101351,2026-04-29,武汉,electronics,1,3.95,18.8,13.7,32.4,cardboard,14.58,129.0,0.0,8344.944,3.691139240506329,2026-04
101201,2026-06-12,北京,ceramics,1,2.83,35.6,29.3,28.5,cardboard,12.55,92.0,0.0,29727.780000000006,4.434628975265018,2026-06
101086,2026-02-18,广州,electronics,1,2.7,26.1,18.9,8.8,cardboard,10.96,111.0,0.0,4340.952,4.059259259259259,2026-02
101833,2026-01-04,杭州,books,0,0.61,36.6,33.9,21.9,cardboard,8.0,47.0,0.0,27172.206,13.114754098360656,2026-01
101936,2026-07-16,杭州,ceramics,1,4.29,44.0,16.5,19.8,wood,20.2,126.0,0.0,14374.800000000001,4.708624708624709,2026-07
101392,2026-07-07,杭州,electronics,1,3.05,42.9,17.2,36.5,wood,16.91,138.0,0.0,26932.62,5.5442622950819676,2026-07
101162,2026-03-13,西安,clothing,0,0.26,57.0,32.9,8.6,bubble,5.96,27.0,0.0,16127.579999999998,22.923076923076923,2026-03
100363,2026-06-12,北京,electronics,0,2.6,59.1,24.8,7.8,bubble,10.39,80.0,0.0,11432.304,3.996153846153846,2026-06
101700,2026-01-12,西安,books,0,2.44,19.3,34.6,29.7,bubble,8.56,47.0,0.0,19833.066000000003,3.5081967213114758,2026-01
101170,2026-02-18,杭州,books,0,2.59,55.2,25.9,29.8,cardboard,12.19,34.0,0.0,42604.464,4.706563706563706,2026-02
101027,2026-07-17,上海,electronics,0,2.32,22.9,13.7,12.8,bubble,10.69,121.0,0.0,4015.7439999999997,4.607758620689656,2026-07
101031,2026-02-01,广州,electronics,1,2.58,56.5,17.0,8.8,wood,18.06,132.0,0.0,8452.400000000001,6.999999999999999,2026-02
101235,2026-08-04,西安,ceramics,1,1.0,24.0,32.9,5.4,wood,14.5,97.0,0.0,4263.84,14.5,2026-08
101515,2026-07-20,深圳,clothing,0,1.44,47.6,15.5,32.9,bubble,9.02,39.0,0.0,24273.620000000003,6.263888888888888,2026-07
101088,2026-06-15,广州,electronics,1,2.53,28.5,13.8,11.6,wood,15.61,135.0,0.0,4562.28,6.169960474308301,2026-06
100666,2026-02-01,杭州,electronics,0,4.49,32.5,41.6,27.5,cardboard,14.79,134.0,0.0,37180.0,3.2939866369710464,2026-02
100365,2026-08-23,北京,electronics,0,3.26,56.8,11.5,24.8,cardboard,13.69,107.0,0.0,16199.359999999999,4.199386503067485,2026-08
100078,2026-04-11,杭州,books,0,0.78,56.1,17.4,21.4,bubble,5.43,41.0,0.0,20889.395999999997,6.961538461538461,2026-04
100028,2026-06-16,成都,clothing,0,1.21,21.1,28.8,23.0,bubble,9.11,30.0,0.0,13976.640000000001,7.528925619834711,2026-06
101457,2026-04-20,成都,glass,1,4.58,35.1,44.3,29.9,cardboard,16.93,200.0,0.0,46492.407,3.6965065502183405,2026-04
100526,2026-05-28,西安,clothing,0,1.26,46.1,14.6,9.0,bubble,6.99,33.0,0.0,6057.540000000001,5.5476190476190474,2026-05
101898,2026-06-18,上海,ceramics,1,0.86,19.3,36.1,13.3,cardboard,9.16,131.0,0.0,9266.509,10.651162790697676,2026-06
100056,2026-06-04,广州,electronics,0,3.8,44.4,43.9,39.5,cardboard,17.18,124.0,0.0,76991.81999999999,4.521052631578947,2026-06
100639,2026-04-09,北京,electronics,1,2.77,19.6,35.8,36.0,cardboard,9.67,91.0,0.0,25260.48,3.490974729241877,2026-04
100303,2026-03-23,杭州,glass,1,4.36,57.5,19.6,5.9,wood,18.66,151.0,0.0,6649.3,4.279816513761467,2026-03
100719,2026-01-20,上海,books,0,2.69,34.3,32.8,18.8,bubble,9.41,52.0,0.0,21150.751999999997,3.4981412639405205,2026-01
100625,2026-07-13,杭州,ceramics,1,1.2,32.9,38.1,37.8,cardboard,10.14,95.0,0.0,47381.922,8.450000000000001,2026-07
100008,2026-06-19,深圳,ceramics,1,2.86,33.3,38.5,10.8,cardboard,11.91,123.0,0.0,13846.140000000001,4.164335664335664,2026-06
100804,2026-08-24,武汉,electronics,0,3.19,54.7,43.5,13.9,cardboard,12.52,103.0,0.0,33074.355,3.9247648902821317,2026-08
101050,2026-02-17,西安,electronics,0,1.19,48.0,25.5,25.8,bubble,8.88,111.0,0.0,31579.2,7.462184873949581,2026-02
100337,2026-06-24,武汉,clothing,0,0.52,17.7,15.4,16.6,bubble,6.39,37.0,0.0,4524.828,12.288461538461537,2026-06
100048,2026-04-14,广州,clothing,0,1.31,42.0,14.2,17.8,cardboard,9.08,37.0,0.0,10615.92,6.931297709923664,2026-04
101503,2026-08-26,杭州,books,0,2.57,38.9,19.0,5.5,cardboard,11.26,33.0,0.0,4065.05,4.381322957198444,2026-08
100107,2026-06-07,武汉,glass,1,3.9,37.7,36.3,21.3,cardboard,12.38,138.0,0.0,29149.263,3.1743589743589746,2026-06
100350,2026-07-25,深圳,ceramics,1,4.35,46.7,18.3,14.9,cardboard,15.36,102.0,0.0,12733.689000000002,3.5310344827586206,2026-07
101080,2026-03-14,广州,clothing,0,0.24,26.5,23.4,38.3,cardboard,9.81,32.0,0.0,23749.829999999994,40.87500000000001,2026-03
100239,2026-07-22,西安,electronics,0,4.69,40.2,22.0,15.1,cardboard,17.44,109.0,0.0,13354.44,3.718550106609808,2026-07
101271,2026-04-11,武汉,electronics,1,2.55,41.0,34.9,28.7,wood,17.16,129.0,0.0,41066.829999999994,6.729411764705883,2026-04
101315,2026-05-01,西安,clothing,0,0.56,22.6,38.6,15.9,bubble,7.36,36.0,0.0,13870.524000000003,13.142857142857142,2026-05
100794,2026-07-15,武汉,electronics,0,3.76,46.2,40.0,32.3,cardboard,16.95,104.0,0.0,59690.399999999994,4.507978723404255,2026-07
101097,2026-01-30,杭州,books,0,2.67,54.9,36.8,27.0,bubble,12.21,46.0,0.0,54548.63999999999,4.573033707865169,2026-01
101197,2026-06-27,上海,electronics,0,1.33,23.3,13.3,7.7,cardboard,9.3,138.0,0.0,2386.1530000000002,6.992481203007519,2026-06
101592,2026-07-20,广州,electronics,1,1.58,47.1,16.6,22.05,cardboard,10.23,90.0,0.0,17240.013000000003,6.474683544303797,2026-07
101606,2026-01-20,广州,electronics,0,1.6,15.3,10.7,39.2,cardboard,10.9,135.0,0.0,6417.432000000001,6.8125,2026-01
101697,2026-03-02,成都,clothing,1,0.85,29.7,33.4,21.5,wood,15.18,29.0,0.0,21327.57,17.858823529411765,2026-03
100524,2026-03-30,北京,glass,1,2.31,48.6,38.0,35.7,wood,16.64,140.0,0.0,65930.76000000001,7.203463203463204,2026-03
100233,2026-04-26,北京,electronics,0,1.68,42.8,33.7,31.1,cardboard,12.29,103.0,0.0,44857.39600000001,7.31547619047619,2026-04
100645,2026-04-17,上海,electronics,0,2.03,17.8,19.5,6.6,bubble,8.57,100.0,0.0,2290.86,4.221674876847291,2026-04
101531,2026-06-21,成都,clothing,0,0.32,36.4,23.7,25.1,bubble,5.84,41.0,0.0,21653.268,18.25,2026-06
100534,2026-04-03,北京,glass,1,3.35,27.6,20.9,12.8,cardboard,13.6,164.0,0.0,7383.552000000001,4.059701492537314,2026-04
100604,2026-07-10,西安,electronics,0,4.62,59.5,33.4,23.4,cardboard,16.65,115.0,0.0,46502.82,3.6038961038961035,2026-07
101227,2026-01-06,杭州,clothing,0,0.86,30.3,13.6,19.6,bubble,5.82,39.0,0.0,8076.768,6.767441860465117,2026-01
101075,2026-02-22,上海,ceramics,0,0.86,43.6,28.7,20.9,bubble,10.24,110.0,0.0,26152.587999999996,11.906976744186046,2026-02
101323,2026-07-28,武汉,books,0,1.66,36.8,17.8,27.7,cardboard,11.07,38.0,0.0,18144.608,6.668674698795181,2026-07
100061,2026-02-15,西安,electronics,0,0.88,51.3,45.0,22.05,bubble,7.85,114.0,0.0,50902.425,8.920454545454545,2026-02
101282,2026-04-09,广州,electronics,0,2.64,39.6,27.2,37.9,bubble,10.66,134.0,0.0,40822.848000000005,4.037878787878788,2026-04
100093,2026-03-29,西安,glass,1,1.54,37.3,25.7,36.2,bubble,7.94,147.0,0.0,34701.682,5.155844155844156,2026-03
100667,2026-06-01,上海,electronics,1,4.45,39.2,21.9,21.7,wood,19.91,82.0,0.0,18629.016,4.474157303370786,2026-06
100281,2026-02-01,深圳,clothing,0,0.61,39.6,42.2,35.6,bubble,8.42,41.0,0.0,59491.872,13.80327868852459,2026-02
100360,2026-08-29,广州,clothing,0,0.29,57.6,13.7,18.9,bubble,6.77,36.0,0.0,14914.367999999999,23.344827586206897,2026-08
101256,2026-08-07,杭州,electronics,0,2.42,50.5,38.3,18.0,bubble,10.66,86.0,0.0,34814.7,4.404958677685951,2026-08
101342,2026-04-13,杭州,electronics,0,3.0,51.7,13.9,19.5,cardboard,13.31,109.0,0.0,14013.285000000002,4.4366666666666665,2026-04
100848,2026-03-15,武汉,ceramics,1,2.94,15.2,39.3,12.0,wood,17.15,103.0,0.0,7168.319999999999,5.833333333333333,2026-03
101605,2026-01-19,深圳,glass,1,4.37,37.9,42.5,19.8,cardboard,15.22,174.0,0.0,31892.850000000002,3.482837528604119,2026-01
100111,2026-07-09,上海,electronics,0,2.85,45.4,12.3,5.0,bubble,8.32,118.0,0.0,2792.1,2.9192982456140353,2026-07
100126,2026-04-05,北京,glass,1,2.61,59.7,43.6,6.4,wood,16.28,201.0,0.0,16658.688000000002,6.237547892720308,2026-04
100205,2026-03-27,北京,glass,1,2.25,32.0,30.6,38.8,cardboard,12.21,191.0,0.0,37992.96,5.426666666666667,2026-03
100053,2026-08-31,西安,clothing,0,0.86,53.3,21.9,22.5,bubble,7.18,31.0,0.0,26263.574999999993,8.348837209302326,2026-08
100546,2026-04-19,武汉,clothing,0,1.22,46.6,10.4,26.9,bubble,6.32,26.0,0.0,13036.816,5.180327868852459,2026-04
100069,2026-07-29,成都,electronics,1,1.95,45.7,18.0,16.6,cardboard,11.57,107.0,0.0,13655.160000000002,5.933333333333334,2026-07
101921,2026-06-16,北京,electronics,1,2.88,56.5,44.9,13.5,wood,17.64,106.0,0.0,34247.475,6.125,2026-06
101862,2026-07-25,杭州,electronics,0,4.9,22.2,27.1,34.4,cardboard,14.65,80.0,0.0,20695.728,2.9897959183673466,2026-07
100184,2026-01-02,深圳,electronics,0,3.26,19.9,10.5,13.7,cardboard,12.85,128.0,0.0,2862.615,3.941717791411043,2026-01
100138,2026-03-21,杭州,electronics,0,3.32,27.3,13.9,38.5,cardboard,12.65,97.0,0.0,14609.595000000001,3.810240963855422,2026-03
100900,2026-07-11,西安,clothing,0,0.34,26.4,21.4,15.7,bubble,4.28,25.0,0.0,8869.871999999998,12.588235294117647,2026-07
100797,2026-02-03,上海,electronics,0,2.52,25.7,30.9,10.5,bubble,7.65,123.0,0.0,8338.365,3.035714285714286,2026-02
100133,2026-02-09,深圳,electronics,0,2.47,49.7,28.9,11.4,bubble,11.17,120.0,0.0,16374.162,4.522267206477732,2026-02
100081,2026-06-26,上海,books,0,1.56,32.7,14.6,10.7,bubble,8.18,54.0,0.0,5108.394,5.243589743589744,2026-06
101506,2026-05-26,广州,clothing,0,1.5,54.8,34.8,15.2,bubble,9.25,30.0,0.0,28987.007999999994,6.166666666666667,2026-05
101564,2026-07-02,杭州,clothing,0,0.57,57.3,37.8,11.5,bubble,7.1,37.0,0.0,24908.309999999994,12.456140350877194,2026-07
100542,2026-04-26,西安,glass,1,3.72,27.9,31.7,33.0,cardboard,14.61,168.0,0.0,29186.19,3.9274193548387095,2026-04
101619,2026-05-17,成都,glass,1,3.67,21.2,32.0,34.1,wood,18.69,164.0,0.0,23133.44,5.092643051771118,2026-05
100984,2026-06-13,成都,glass,1,3.79,49.9,32.2,13.5,cardboard,14.64,201.0,0.0,21691.530000000002,3.8627968337730874,2026-06
100166,2026-03-23,深圳,ceramics,1,4.23,42.1,35.8,7.5,wood,19.43,135.0,0.0,11303.849999999999,4.59338061465721,2026-03
100249,2026-05-10,上海,ceramics,1,2.04,23.2,28.5,29.7,wood,16.75,130.0,0.0,19637.639999999996,8.21078431372549,2026-05
100447,2026-06-10,深圳,books,0,1.17,45.1,42.2,19.3,bubble,8.73,53.0,0.0,36732.14600000001,7.461538461538463,2026-06
101166,2026-06-19,成都,ceramics,0,2.32,23.1,26.9,20.0,cardboard,10.69,117.0,0.0,12427.8,4.607758620689656,2026-06
100859,2026-08-14,杭州,ceramics,1,4.4,27.3,15.5,39.1,wood,23.1,117.0,0.0,16545.165,5.25,2026-08
100098,2026-04-08,西安,ceramics,0,2.44,29.5,29.1,22.1,bubble,9.95,94.0,0.0,18971.745000000003,4.077868852459016,2026-04
100738,2026-07-16,广州,books,0,1.26,42.4,25.4,27.7,bubble,8.85,51.0,0.0,29831.791999999994,7.023809523809524,2026-07
101274,2026-04-01,广州,clothing,0,0.71,36.5,30.4,29.0,cardboard,8.76,39.0,0.0,32178.399999999998,12.338028169014084,2026-04
100103,2026-03-14,深圳,ceramics,1,3.34,60.0,28.1,8.3,bubble,11.54,99.0,0.0,13993.800000000001,3.4550898203592815,2026-03
100435,2026-07-18,北京,books,0,1.66,54.1,21.2,31.2,bubble,11.12,43.0,0.0,35783.904,6.698795180722891,2026-07
100075,2026-01-13,杭州,clothing,0,0.9,17.3,30.8,15.3,cardboard,9.24,24.0,0.0,8152.452000000001,10.266666666666667,2026-01
101819,2026-02-09,广州,electronics,0,1.3,27.1,35.3,21.2,bubble,7.71,88.0,0.0,20280.556,5.93076923076923,2026-02
101645,2026-06-17,杭州,electronics,1,2.77,46.6,34.2,16.1,cardboard,11.23,110.0,0.0,25658.892000000007,4.054151624548736,2026-06
100919,2026-06-12,北京,glass,1,2.11,19.1,14.4,10.7,wood,14.9,205.0,1.0,2942.928,7.061611374407583,2026-06
101737,2026-04-15,武汉,electronics,0,1.68,52.8,36.2,23.6,bubble,11.62,131.0,0.0,45108.096000000005,6.916666666666666,2026-04
101811,2026-03-12,杭州,ceramics,1,1.24,44.4,33.5,7.0,wood,15.55,129.0,0.0,10411.8,12.540322580645162,2026-03
100763,2026-08-20,成都,ceramics,1,1.43,57.0,38.9,11.6,bubble,7.45,120.0,0.0,25720.679999999997,5.20979020979021,2026-08
100990,2026-03-22,成都,glass,1,2.8,45.5,10.8,33.3,wood,18.7,173.0,0.0,16363.619999999999,6.678571428571429,2026-03
100389,2026-02-01,杭州,clothing,0,1.32,33.2,40.0,15.1,cardboard,11.32,30.0,0.0,20052.8,8.575757575757576,2026-02
100236,2026-05-19,西安,glass,1,4.02,20.6,20.3,37.0,cardboard,12.58,204.0,0.0,15472.660000000002,3.1293532338308463,2026-05
101558,2026-01-26,成都,books,0,0.999,34.2,12.0,30.1,bubble,9.29,37.0,0.0,12353.04,9.299299299299298,2026-01
100268,2026-01-23,武汉,electronics,1,4.17,33.8,21.4,32.9,wood,21.0,89.0,0.0,23797.227999999996,5.0359712230215825,2026-01
101205,2026-03-13,广州,glass,1,3.42,42.9,43.2,23.5,wood,18.04,170.0,0.0,43552.08,5.2748538011695905,2026-03
100118,2026-07-09,杭州,ceramics,1,2.85,32.0,13.3,10.8,wood,17.79,92.0,0.0,4596.4800000000005,6.242105263157894,2026-07
101630,2026-02-11,杭州,books,0,2.33,59.6,18.0,28.5,bubble,9.2,46.0,0.0,30574.8,3.9484978540772526,2026-02
100674,2026-03-17,杭州,glass,1,1.21,27.7,27.4,31.2,wood,15.59,134.0,0.0,23680.175999999996,12.884297520661157,2026-03
100250,2026-01-27,北京,clothing,0,0.67,23.4,27.4,6.2,cardboard,9.56,39.0,0.0,3975.192,14.26865671641791,2026-01
100095,2026-08-17,武汉,glass,1,1.33,44.5,27.4,5.7,cardboard,8.31,190.0,0.0,6950.01,6.2481203007518795,2026-08
100034,2026-05-10,广州,electronics,0,3.46,45.2,21.7,36.4,cardboard,14.56,101.0,0.0,35702.576,4.208092485549133,2026-05
101858,2026-08-13,西安,clothing,0,1.32,47.1,24.6,7.5,bubble,9.53,28.0,0.0,8689.95,7.219696969696969,2026-08
101693,2026-02-11,上海,electronics,0,3.24,55.2,15.0,11.6,cardboard,13.17,129.0,0.0,9604.8,4.064814814814815,2026-02
100449,2026-01-12,杭州,glass,1,3.84,53.6,11.9,25.8,wood,20.44,192.0,0.0,16456.272,5.322916666666667,2026-01
100717,2026-04-06,成都,electronics,0,2.23,18.3,43.5,15.7,bubble,8.63,136.0,0.0,12497.985,3.869955156950673,2026-04
101856,2026-07-31,上海,clothing,0,1.19,54.6,37.5,20.7,wood,16.56,31.0,0.0,42383.25,13.915966386554622,2026-07
101541,2026-02-25,上海,books,0,2.71,21.7,11.4,31.2,bubble,9.36,51.0,0.0,7718.255999999999,3.4538745387453873,2026-02
100001,2026-05-02,广州,clothing,0,0.77,19.2,44.1,31.6,bubble,7.25,32.0,0.0,26756.352000000003,9.415584415584416,2026-05
101395,2026-03-11,广州,clothing,0,1.25,28.4,40.6,22.3,cardboard,8.41,37.0,0.0,25712.792,6.728,2026-03
101102,2026-05-22,北京,ceramics,1,2.58,49.4,23.5,27.5,cardboard,11.03,103.0,0.0,31924.749999999996,4.275193798449612,2026-05
101109,2026-01-15,成都,clothing,0,0.85,30.4,44.5,29.2,bubble,9.21,36.0,0.0,39501.759999999995,10.83529411764706,2026-01
101766,2026-04-13,深圳,electronics,0,1.64,51.5,11.9,30.5,bubble,7.66,133.0,0.0,18691.925,4.670731707317073,2026-04
100083,2026-05-30,西安,books,0,2.06,36.6,20.3,31.8,cardboard,11.12,55.0,0.0,23626.764000000003,5.398058252427184,2026-05
101629,2026-06-28,西安,clothing,0,0.89,24.6,35.4,34.0,wood,16.35,28.0,0.0,29608.56,18.370786516853933,2026-06
100677,2026-05-24,西安,ceramics,1,4.34,51.3,14.0,27.9,cardboard,14.21,82.0,0.0,20037.78,3.274193548387097,2026-05
101472,2026-06-06,杭州,electronics,0,0.51,44.9,25.3,27.4,bubble,7.94,111.0,0.0,31125.577999999998,15.568627450980392,2026-06
101047,2026-08-11,武汉,ceramics,1,0.98,19.8,18.5,22.5,cardboard,8.56,128.0,0.0,8241.75,8.73469387755102,2026-08
100771,2026-01-13,杭州,clothing,0,1.12,33.2,41.1,26.2,bubble,8.16,40.0,0.0,35750.424000000006,7.285714285714286,2026-01
101233,2026-08-15,成都,clothing,0,0.56,44.7,32.4,23.3,cardboard,8.44,38.0,0.0,33744.924,15.07142857142857,2026-08
101299,2026-03-11,杭州,electronics,0,4.94,16.6,16.2,33.3,cardboard,14.31,85.0,0.0,8955.036,2.896761133603239,2026-03
101653,2026-05-27,上海,electronics,0,0.56,56.4,12.2,6.1,bubble,5.71,92.0,0.0,4197.288,10.196428571428571,2026-05
101512,2026-03-09,上海,clothing,0,0.84,33.3,17.3,26.9,bubble,6.02,41.0,0.0,15496.820999999996,7.166666666666666,2026-03
100405,2026-03-16,北京,ceramics,1,0.87,44.4,33.1,23.5,bubble,6.97,115.0,0.0,34536.54,8.011494252873563,2026-03
101754,2026-02-19,西安,glass,1,2.82,42.2,20.8,13.7,wood,13.59,153.0,0.0,12025.312000000002,4.819148936170213,2026-02
101317,2026-08-29,杭州,ceramics,1,3.28,43.2,42.3,38.5,wood,21.24,117.0,0.0,70353.36,6.475609756097561,2026-08
101359,2026-07-30,广州,clothing,0,0.66,48.4,34.9,20.1,bubble,7.31,37.0,0.0,33952.116,11.075757575757574,2026-07
100105,2026-01-22,深圳,glass,1,4.55,19.3,15.4,23.7,cardboard,13.64,120.0,0.0,7044.1140000000005,2.9978021978021983,2026-01
100689,2026-08-18,西安,glass,0,1.41,34.8,23.0,36.7,bubble,6.83,175.0,0.0,29374.68,4.843971631205674,2026-08
101324,2026-04-17,西安,glass,1,2.78,28.8,35.6,15.0,cardboard,12.32,203.0,0.0,15379.199999999999,4.431654676258993,2026-04
100827,2026-04-09,武汉,clothing,0,0.46,32.2,44.4,17.8,bubble,5.48,31.0,0.0,25448.304000000004,11.91304347826087,2026-04
100063,2026-08-05,西安,ceramics,1,2.07,48.8,28.9,15.0,bubble,9.29,99.0,0.0,21154.8,4.487922705314009,2026-08
100853,2026-04-15,杭州,ceramics,1,1.58,40.4,40.2,32.4,cardboard,11.27,119.0,0.0,52620.192,7.132911392405063,2026-04
101805,2026-05-09,北京,clothing,0,1.44,44.0,14.1,15.6,cardboard,10.13,29.0,0.0,9678.24,7.034722222222223,2026-05
100224,2026-04-03,杭州,electronics,0,1.73,45.6,13.2,25.7,bubble,6.84,129.0,0.0,15469.344,3.953757225433526,2026-04
100146,2026-08-28,深圳,electronics,1,4.61,51.7,18.2,14.7,cardboard,13.9,105.0,0.0,13831.818,3.0151843817787416,2026-08
101089,2026-08-05,北京,clothing,0,0.67,17.7,24.2,33.7,bubble,4.88,30.0,0.0,14435.058,7.2835820895522385,2026-08
100374,2026-03-28,武汉,clothing,0,1.39,52.2,37.0,22.5,cardboard,11.59,34.0,0.0,43456.5,8.338129496402878,2026-03
101441,2026-08-27,深圳,books,0,0.57,44.4,41.5,39.7,bubble,9.28,32.0,0.0,73151.22,16.280701754385966,2026-08
101143,2026-07-28,深圳,glass,1,2.92,54.2,37.4,17.8,cardboard,13.61,206.0,0.0,36082.024,4.660958904109589,2026-07
101518,2026-04-26,西安,ceramics,1,2.18,32.7,15.5,33.3,cardboard,10.92,91.0,0.0,16878.105,5.009174311926605,2026-04
101625,2026-07-23,北京,books,0,2.86,34.3,27.2,22.5,bubble,11.04,50.0,0.0,20991.6,3.86013986013986,2026-07
101289,2026-07-21,武汉,electronics,0,1.91,39.2,42.0,35.6,bubble,9.89,86.0,0.0,58611.840000000004,5.178010471204189,2026-07
100010,2026-04-19,西安,books,0,2.75,58.6,37.3,30.1,cardboard,13.76,34.0,0.0,65791.97799999999,5.003636363636364,2026-04
100450,2026-05-07,上海,clothing,0,1.05,48.4,18.3,39.3,cardboard,9.61,39.0,0.0,34808.796,9.152380952380952,2026-05
100709,2026-05-13,广州,ceramics,1,3.69,16.4,14.7,25.6,cardboard,12.38,113.0,0.0,6171.647999999999,3.3550135501355016,2026-05
100256,2026-01-27,西安,electronics,0,0.7,16.8,11.0,24.6,bubble,6.46,106.0,0.0,4546.080000000001,9.22857142857143,2026-01
100883,2026-07-14,西安,glass,1,2.36,25.8,27.4,26.3,cardboard,11.13,153.0,0.0,18591.996,4.716101694915255,2026-07
100390,2026-07-05,杭州,electronics,1,4.53,24.7,44.8,26.2,cardboard,16.52,84.0,0.0,28991.872,3.646799116997792,2026-07
100909,2026-04-28,广州,electronics,0,1.93,17.0,15.7,37.7,bubble,10.48,127.0,0.0,10062.13,5.430051813471503,2026-04
100925,2026-07-11,北京,electronics,0,0.9,25.9,17.7,38.2,cardboard,11.78,108.0,0.0,17512.025999999998,13.088888888888889,2026-07
101729,2026-07-24,杭州,clothing,0,0.93,35.2,20.0,34.4,bubble,6.93,29.0,0.0,24217.6,7.451612903225806,2026-07
101250,2026-07-02,广州,ceramics,1,3.25,30.8,43.3,18.8,wood,18.89,132.0,0.0,25072.431999999997,5.812307692307693,2026-07
100461,2026-01-26,广州,electronics,0,2.76,35.4,27.7,39.5,cardboard,14.48,88.0,0.0,38732.909999999996,5.246376811594203,2026-01
101918,2026-03-29,武汉,electronics,0,1.71,57.3,39.5,31.3,bubble,11.15,82.0,0.0,70842.855,6.5204678362573105,2026-03
101169,2026-04-23,武汉,clothing,0,0.67,23.1,32.8,16.0,bubble,7.88,29.0,0.0,12122.88,11.761194029850746,2026-04
100959,2026-05-05,杭州,ceramics,1,3.8,34.4,16.1,34.1,cardboard,15.11,114.0,0.0,18885.944000000003,3.9763157894736842,2026-05
100502,2026-07-17,杭州,glass,1,1.85,27.7,42.0,15.7,cardboard,12.05,195.0,0.0,18265.379999999997,6.513513513513513,2026-07
100740,2026-03-03,武汉,electronics,0,1.43,38.1,28.2,25.1,cardboard,10.44,111.0,0.0,26967.942000000003,7.300699300699301,2026-03
101879,2026-05-30,成都,ceramics,1,4.27,53.8,33.3,24.0,wood,21.24,136.0,0.0,42996.95999999999,4.97423887587822,2026-05
100869,2026-04-21,北京,electronics,1,3.35,33.8,35.1,6.8,cardboard,12.26,120.0,0.0,8067.383999999999,3.6597014925373132,2026-04
100732,2026-07-27,上海,clothing,0,1.35,39.5,36.5,37.9,cardboard,11.7,31.0,0.0,54642.325,8.666666666666666,2026-07
100540,2026-02-28,深圳,ceramics,1,1.35,26.9,12.0,28.4,wood,16.51,100.0,0.0,9167.519999999999,12.22962962962963,2026-02
101202,2026-01-13,上海,ceramics,1,1.67,29.1,44.7,10.5,wood,15.93,137.0,0.0,13658.085000000003,9.538922155688622,2026-01
100698,2026-04-06,上海,electronics,0,4.25,31.8,22.9,6.1,cardboard,13.41,93.0,0.0,4442.142,3.155294117647059,2026-04
101413,2026-06-08,武汉,books,0,1.83,38.6,22.7,5.1,bubble,8.17,38.0,0.0,4468.722,4.46448087431694,2026-06
101396,2026-01-01,上海,books,0,0.4,27.3,19.6,36.5,bubble,7.09,45.0,0.0,19530.420000000002,17.724999999999998,2026-01
101146,2026-06-22,广州,clothing,0,1.21,57.3,30.4,23.2,bubble,8.77,37.0,0.0,40412.543999999994,7.24793388429752,2026-06
101032,2026-07-25,北京,ceramics,1,4.22,43.4,38.5,11.0,cardboard,15.55,137.0,0.0,18379.899999999998,3.6848341232227493,2026-07
100373,2026-08-22,成都,ceramics,1,3.1,28.3,33.1,24.6,cardboard,14.28,85.0,0.0,23043.558,4.606451612903226,2026-08
100668,2026-06-23,西安,books,0,1.85,46.9,14.9,14.7,bubble,8.81,50.0,0.0,10272.507,4.762162162162162,2026-06
101549,2026-03-30,上海,glass,1,4.93,40.5,40.8,15.2,cardboard,16.49,121.0,0.0,25116.479999999996,3.3448275862068964,2026-03
100358,2026-08-14,上海,ceramics,1,2.69,26.9,26.9,27.7,wood,19.86,84.0,0.0,20043.996999999996,7.382899628252788,2026-08
100968,2026-07-13,上海,electronics,0,3.66,25.0,31.8,15.3,cardboard,12.83,86.0,0.0,12163.5,3.5054644808743167,2026-07
100784,2026-02-23,北京,electronics,1,3.37,26.7,23.7,23.8,wood,17.97,139.0,0.0,15060.402,5.332344213649852,2026-02
100736,2026-08-09,西安,clothing,0,1.14,26.7,39.4,26.0,wood,14.71,28.0,0.0,27351.48,12.903508771929827,2026-08
101036,2026-04-03,西安,ceramics,1,1.5,51.9,29.4,38.1,wood,15.7,128.0,0.0,58135.265999999996,10.466666666666667,2026-04
100971,2026-03-24,成都,electronics,1,3.99,42.2,40.7,34.6,wood,21.63,88.0,0.0,59426.884000000005,5.421052631578947,2026-03
101548,2026-06-12,深圳,glass,1,0.87,46.2,20.1,21.9,wood,15.68,203.0,0.0,20336.778000000002,18.022988505747126,2026-06
101510,2026-07-07,深圳,electronics,1,1.21,40.2,24.0,39.3,wood,16.88,105.0,0.0,37916.64,13.950413223140496,2026-07
101547,2026-08-03,武汉,electronics,0,1.15,50.8,14.9,6.4,bubble,6.81,85.0,0.0,4844.288,5.921739130434783,2026-08
101369,2026-01-29,上海,ceramics,1,1.13,29.6,36.6,16.1,cardboard,10.54,126.0,0.0,17442.096000000005,9.327433628318584,2026-01
101882,2026-04-24,武汉,electronics,0,0.62,33.7,22.9,39.5,bubble,6.27,97.0,0.0,30483.335,10.11290322580645,2026-04
101666,2026-04-10,北京,ceramics,1,3.52,33.3,37.2,24.9,wood,18.34,80.0,0.0,30845.124,5.2102272727272725,2026-04
101253,2026-01-18,杭州,electronics,0,3.23,20.2,29.5,25.8,cardboard,12.74,98.0,0.0,15374.22,3.9442724458204337,2026-01
101719,2026-05-14,西安,glass,1,4.47,48.9,37.1,28.9,wood,20.1,143.0,0.0,52430.091,4.496644295302014,2026-05
101741,2026-07-17,杭州,clothing,0,0.85,25.4,34.4,10.1,bubble,6.38,34.0,0.0,8824.975999999999,7.5058823529411764,2026-07
101237,2026-03-11,西安,clothing,1,1.49,47.3,20.7,36.3,cardboard,11.93,39.0,0.0,35541.69299999999,8.006711409395972,2026-03
100886,2026-01-15,杭州,glass,1,3.95,26.0,40.9,6.3,wood,21.01,160.0,0.0,6699.419999999999,5.318987341772152,2026-01
100080,2026-01-03,杭州,electronics,0,4.91,54.9,23.8,16.2,cardboard,19.09,104.0,0.0,21167.244000000002,3.8879837067209775,2026-01
101173,2026-08-24,北京,electronics,0,3.35,23.1,17.2,38.2,bubble,12.83,83.0,0.0,15177.624000000002,3.8298507462686566,2026-08
100815,2026-08-18,武汉,electronics,1,1.84,56.3,35.1,26.9,wood,17.16,118.0,0.0,53157.897,9.326086956521738,2026-08
101304,2026-08-05,广州,electronics,0,4.86,49.9,40.6,37.1,cardboard,19.02,118.0,0.0,75162.37400000001,3.91358024691358,2026-08
100672,2026-01-06,西安,glass,0,2.14,39.2,18.9,16.2,bubble,8.84,121.0,0.0,12002.256,4.130841121495327,2026-01
101555,2026-01-03,西安,books,0,1.19,18.8,42.8,10.7,bubble,6.0,38.0,0.0,8609.648,5.042016806722689,2026-01
100058,2026-01-02,武汉,clothing,0,1.4,31.8,11.7,8.8,cardboard,9.64,37.0,0.0,3274.128,6.885714285714286,2026-01
100134,2026-03-09,西安,electronics,1,3.75,23.5,13.8,22.4,cardboard,13.6,106.0,0.0,7264.32,3.6266666666666665,2026-03
101141,2026-04-16,深圳,electronics,0,2.39,35.9,33.8,37.0,bubble,11.13,116.0,0.0,44896.53999999999,4.656903765690377,2026-04
100934,2026-04-15,成都,electronics,0,2.77,20.7,20.7,31.4,cardboard,14.06,83.0,0.0,13454.585999999998,5.075812274368231,2026-04
101710,2026-01-03,成都,clothing,0,1.23,37.8,35.4,7.4,bubble,7.05,33.0,0.0,9902.088,5.7317073170731705,2026-01
100824,2026-07-27,北京,ceramics,1,3.3,51.8,34.1,6.1,wood,17.31,101.0,0.0,10774.917999999998,5.245454545454545,2026-07
101215,2026-06-27,武汉,electronics,1,2.53,44.7,25.1,13.7,wood,16.23,139.0,0.0,15370.989,6.4150197628458505,2026-06
100505,2026-07-03,上海,clothing,0,0.59,21.7,42.5,17.7,bubble,5.25,40.0,0.0,16323.824999999999,8.898305084745763,2026-07
101802,2026-02-11,深圳,books,0,1.73,53.2,32.2,30.1,bubble,9.04,52.0,0.0,51562.50400000001,5.22543352601156,2026-02
100348,2026-04-13,杭州,ceramics,1,2.79,39.5,19.5,16.5,cardboard,11.34,108.0,0.0,12709.125,4.064516129032258,2026-04
100387,2026-05-21,西安,glass,1,2.82,53.1,12.5,6.1,cardboard,8.16,145.0,0.0,4048.8749999999995,2.893617021276596,2026-05
101025,2026-06-19,西安,books,0,1.47,31.3,15.7,24.3,bubble,10.56,49.0,0.0,11941.262999999999,7.183673469387756,2026-06
100895,2026-06-22,北京,electronics,0,0.93,38.3,27.5,10.4,bubble,7.03,135.0,0.0,10953.800000000001,7.559139784946236,2026-06
100829,2026-07-16,成都,ceramics,1,1.84,48.0,24.7,25.6,wood,16.77,109.0,0.0,30351.36,9.114130434782608,2026-07
101923,2026-03-19,广州,books,0,0.67,51.7,30.4,5.7,wood,13.46,44.0,0.0,8958.576000000001,20.08955223880597,2026-03
100476,2026-08-08,广州,glass,1,3.79,19.8,25.3,24.8,wood,18.49,147.0,0.0,12423.312000000002,4.878627968337731,2026-08
101493,2026-08-19,深圳,clothing,0,0.45,19.7,14.4,14.9,bubble,6.2,27.0,0.0,4226.832,13.777777777777779,2026-08
101468,2026-01-09,广州,electronics,0,4.7,33.3,12.4,37.0,wood,19.27,120.0,0.0,15278.039999999999,4.1,2026-01
101495,2026-08-02,武汉,clothing,0,1.1,27.4,23.2,32.4,bubble,5.98,33.0,0.0,20596.032,5.4363636363636365,2026-08
100653,2026-04-09,西安,glass,1,1.48,27.2,29.4,22.2,cardboard,10.74,131.0,0.0,17752.895999999997,7.256756756756757,2026-04
100173,2026-06-13,深圳,ceramics,1,1.82,41.2,10.8,34.7,wood,16.08,106.0,0.0,15440.112000000003,8.835164835164834,2026-06
101150,2026-08-30,广州,electronics,1,2.5,33.7,41.2,14.6,cardboard,11.37,116.0,0.0,20271.224000000002,4.548,2026-08
100039,2026-03-01,北京,electronics,0,4.6,15.2,11.8,26.2,wood,18.3,130.0,0.0,4699.232,3.9782608695652177,2026-03
100714,2026-07-28,北京,ceramics,1,0.94,48.6,26.2,5.6,cardboard,8.23,121.0,0.0,7130.592,8.755319148936172,2026-07
100091,2026-07-13,上海,clothing,0,0.48,43.8,10.1,39.8,bubble,6.39,32.0,0.0,17606.723999999995,13.3125,2026-07
101967,2026-04-02,深圳,clothing,0,0.85,42.2,16.1,11.7,bubble,7.45,27.0,0.0,7949.214,8.764705882352942,2026-04
101206,2026-05-24,杭州,electronics,1,4.99,44.4,41.6,38.9,bubble,15.49,126.0,0.0,71849.856,3.1042084168336674,2026-05
100876,2026-04-17,武汉,glass,1,2.6,35.6,39.7,33.0,wood,18.08,197.0,0.0,46639.560000000005,6.953846153846153,2026-04
101565,2026-07-04,广州,electronics,0,3.7,15.4,18.1,26.2,cardboard,14.81,129.0,0.0,7302.988,4.0027027027027025,2026-07
101920,2026-02-27,武汉,books,0,1.4,18.7,22.5,26.3,cardboard,9.95,55.0,0.0,11065.725,7.107142857142857,2026-02
101094,2026-07-06,西安,glass,1,3.06,21.3,13.1,20.4,wood,16.61,152.0,0.0,5692.212,5.428104575163398,2026-07
101156,2026-07-16,西安,books,0,0.57,50.1,44.8,16.0,bubble,6.38,49.0,0.0,35911.68,11.192982456140351,2026-07
101792,2026-06-11,北京,glass,1,4.82,43.8,43.4,16.9,wood,21.89,192.0,0.0,32125.547999999995,4.54149377593361,2026-06
101989,2026-01-07,成都,electronics,0,3.89,36.9,27.2,21.7,cardboard,13.62,118.0,0.0,21779.856,3.5012853470437015,2026-01
100500,2026-07-31,武汉,electronics,1,1.65,20.1,31.9,35.6,cardboard,12.17,104.0,0.0,22826.364,7.375757575757576,2026-07
100339,2026-04-19,杭州,clothing,0,0.76,58.3,18.7,29.8,bubble,7.75,40.0,0.0,32488.257999999994,10.197368421052632,2026-04
100029,2026-02-27,广州,electronics,0,1.13,25.5,22.9,17.8,bubble,7.0,121.0,0.0,10394.31,6.194690265486726,2026-02
101218,2026-02-08,杭州,electronics,0,1.56,32.9,18.5,23.8,bubble,8.25,139.0,0.0,14485.87,5.288461538461538,2026-02
101344,2026-04-27,广州,ceramics,1,1.85,47.9,28.1,5.2,cardboard,9.66,135.0,1.0,6999.148,5.221621621621622,2026-04
101849,2026-03-03,深圳,clothing,0,0.23,23.3,19.9,33.9,bubble,5.32,41.0,0.0,15718.412999999999,23.130434782608695,2026-03
100946,2026-05-28,武汉,electronics,0,0.58,23.5,24.8,14.2,cardboard,9.41,86.0,0.0,8275.76,16.224137931034484,2026-05
100170,2026-04-20,西安,ceramics,1,3.16,24.2,28.5,34.1,cardboard,13.91,139.0,0.0,23518.77,4.401898734177215,2026-04
101425,2026-08-26,北京,clothing,1,1.47,20.2,41.9,37.7,cardboard,10.59,35.0,0.0,31908.526,7.204081632653061,2026-08
101198,2026-06-28,广州,glass,1,2.37,52.6,10.3,19.3,cardboard,10.71,168.0,1.0,10456.354000000001,4.518987341772152,2026-06
101254,2026-01-03,武汉,books,0,0.55,45.1,28.1,38.8,bubble,8.31,38.0,0.0,49171.628000000004,15.10909090909091,2026-01
101419,2026-02-04,深圳,glass,1,3.47,54.7,36.4,37.3,wood,22.01,158.0,0.0,74267.28399999999,6.3429394812680115,2026-02
100913,2026-08-20,武汉,ceramics,1,2.33,15.6,23.6,30.8,wood,14.95,109.0,0.0,11339.328000000001,6.416309012875536,2026-08
100492,2026-08-27,深圳,electronics,0,3.99,47.7,26.4,6.1,cardboard,12.87,101.0,0.0,7681.607999999999,3.2255639097744355,2026-08
100954,2026-06-19,北京,ceramics,1,1.11,39.7,37.4,10.7,cardboard,9.07,90.0,0.0,15887.145999999999,8.17117117117117,2026-06
101098,2026-08-25,深圳,electronics,0,1.82,32.6,23.6,9.1,bubble,9.79,88.0,0.0,7001.176000000001,5.379120879120879,2026-08
101033,2026-07-10,广州,electronics,0,4.54,27.9,32.7,11.7,cardboard,15.23,100.0,0.0,10674.261,3.354625550660793,2026-07
100588,2026-01-24,深圳,ceramics,1,4.47,17.0,37.7,19.8,wood,21.55,125.0,0.0,12689.820000000002,4.82102908277405,2026-01
100751,2026-07-07,西安,clothing,0,0.65,58.9,28.3,14.3,cardboard,10.94,37.0,0.0,23836.240999999998,16.830769230769228,2026-07
100658,2026-03-13,武汉,clothing,0,1.27,54.6,16.9,32.5,bubble,9.49,33.0,0.0,29989.049999999996,7.47244094488189,2026-03
100235,2026-02-18,深圳,electronics,1,4.67,18.5,16.8,5.1,cardboard,14.18,89.0,0.0,1585.08,3.0364025695931476,2026-02
100733,2026-06-04,西安,books,0,1.45,35.2,44.5,22.1,cardboard,11.11,55.0,0.0,34617.44,7.662068965517241,2026-06
100668,2026-06-23,西安,books,0,1.66,46.9,14.9,14.7,bubble,8.81,50.0,0.0,10272.507,5.307228915662651,2026-06
101656,2026-01-11,成都,ceramics,1,3.17,34.9,11.6,21.4,wood,15.49,127.0,0.0,8663.576,4.886435331230284,2026-01
101157,2026-02-12,上海,electronics,0,1.43,18.6,39.8,17.0,bubble,6.94,134.0,0.0,12584.76,4.853146853146853,2026-02
101492,2026-02-11,上海,clothing,0,1.38,35.7,42.2,22.0,bubble,8.85,40.0,0.0,33143.880000000005,6.41304347826087,2026-02
101445,2026-03-24,武汉,electronics,1,4.17,55.4,10.1,30.9,wood,18.24,117.0,0.0,17289.785999999996,4.37410071942446,2026-03
101651,2026-08-16,北京,glass,1,2.93,21.3,22.7,24.4,cardboard,12.58,203.0,0.0,11797.643999999998,4.293515358361774,2026-08
100935,2026-02-02,杭州,clothing,0,0.75,26.0,30.1,26.4,bubble,7.92,34.0,0.0,20660.64,10.56,2026-02
101210,2026-04-26,深圳,ceramics,1,4.16,37.9,19.1,20.8,wood,19.98,109.0,0.0,15056.912,4.802884615384615,2026-04
101066,2026-06-01,武汉,clothing,0,0.95,28.1,24.5,36.6,bubble,7.54,29.0,0.0,25197.270000000004,7.936842105263159,2026-06
100109,2026-04-04,武汉,clothing,0,1.47,24.9,33.0,22.3,cardboard,8.47,33.0,0.0,18323.91,5.761904761904763,2026-04
101566,2026-01-15,深圳,electronics,0,1.13,43.5,40.4,22.05,bubble,8.7,107.0,0.0,38750.67,7.699115044247788,2026-01
100569,2026-05-30,杭州,electronics,0,3.67,18.4,38.0,6.3,cardboard,12.66,93.0,0.0,4404.959999999999,3.449591280653951,2026-05
101168,2026-06-29,北京,electronics,0,1.22,26.9,33.8,10.3,bubble,7.84,87.0,0.0,9364.966,6.426229508196721,2026-06
101175,2026-08-22,深圳,ceramics,1,2.45,38.1,26.6,14.3,cardboard,12.0,130.0,0.0,14492.478000000001,4.897959183673469,2026-08
100891,2026-06-30,武汉,glass,1,2.4,58.5,16.1,5.9,wood,16.09,199.0,0.0,5556.915000000001,6.704166666666667,2026-06
100948,2026-05-10,深圳,glass,0,2.4,39.5,11.3,34.7,bubble,11.38,144.0,0.0,15488.345000000001,4.741666666666667,2026-05
101049,2026-01-28,深圳,ceramics,1,1.21,24.2,43.6,30.2,cardboard,8.96,112.0,0.0,31864.623999999996,7.4049586776859515,2026-01
101371,2026-07-22,上海,ceramics,1,2.24,34.2,32.8,21.1,wood,18.57,130.0,0.0,23669.136000000002,8.290178571428571,2026-07
101954,2026-08-05,深圳,clothing,0,1.21,55.1,43.2,21.0,bubble,7.56,33.0,0.0,49986.72,6.24793388429752,2026-08
101467,2026-06-29,武汉,clothing,0,1.38,26.1,31.8,9.9,cardboard,8.86,33.0,0.0,8216.802,6.420289855072464,2026-06
100885,2026-08-07,杭州,clothing,0,1.23,52.7,14.7,38.5,bubble,8.66,24.0,0.0,29825.565000000002,7.040650406504065,2026-08
101698,2026-04-09,西安,glass,1,2.56,57.5,19.4,8.6,cardboard,11.01,140.0,0.0,9593.3,4.30078125,2026-04
100851,2026-07-27,深圳,clothing,0,0.31,37.8,17.6,40.0,bubble,6.64,27.0,0.0,26611.199999999997,21.419354838709676,2026-07
100735,2026-06-28,上海,electronics,0,1.69,53.7,12.7,23.5,cardboard,9.76,91.0,0.0,16026.765,5.775147928994083,2026-06
100718,2026-08-12,西安,books,0,0.81,37.9,30.1,39.5,bubble,8.17,52.0,0.0,45061.205,10.08641975308642,2026-08
100455,2026-01-19,上海,clothing,1,0.42,49.8,32.8,29.6,cardboard,9.92,33.0,0.0,48349.824,23.61904761904762,2026-01
100265,2026-08-02,北京,books,0,1.83,39.0,33.6,21.0,cardboard,11.15,52.0,0.0,27518.4,6.092896174863388,2026-08
100076,2026-06-24,西安,electronics,0,4.43,39.9,23.9,28.7,cardboard,16.74,125.0,0.0,27368.606999999996,3.7787810383747176,2026-06
101682,2026-02-10,北京,books,0,0.65,21.0,20.3,27.2,bubble,6.98,53.0,0.0,11595.36,10.73846153846154,2026-02
100445,2026-06-03,广州,electronics,0,2.77,36.6,17.7,22.05,bubble,9.75,109.0,0.0,14284.431000000002,3.51985559566787,2026-06
100396,2026-06-02,成都,clothing,0,0.44,17.3,41.2,29.2,bubble,5.95,32.0,0.0,20812.592000000004,13.522727272727273,2026-06
100177,2026-05-06,西安,electronics,0,2.55,36.9,42.4,12.0,cardboard,13.01,135.0,0.0,18774.72,5.101960784313726,2026-05
101043,2026-08-27,北京,books,0,2.65,19.7,10.9,21.7,bubble,9.77,40.0,0.0,4659.641,3.6867924528301885,2026-08
101762,2026-01-10,深圳,clothing,0,0.9,52.1,16.3,26.9,bubble,8.55,26.0,0.0,22844.287,9.5,2026-01
101422,2026-07-28,成都,books,0,2.03,46.2,44.2,13.5,bubble,10.83,33.0,0.0,27567.54,5.334975369458129,2026-07
101770,2026-06-07,西安,glass,1,4.17,58.4,27.4,7.1,wood,18.25,199.0,0.0,11361.135999999999,4.376498800959233,2026-06
101799,2026-07-30,西安,glass,0,2.42,19.0,34.5,11.8,bubble,8.97,189.0,0.0,7734.900000000001,3.7066115702479343,2026-07
100596,2026-07-02,西安,electronics,0,2.54,57.5,25.3,29.2,cardboard,12.23,116.0,0.0,42478.7,4.81496062992126,2026-07
100062,2026-03-15,深圳,clothing,0,0.97,37.4,14.7,17.8,bubble,5.94,24.0,0.0,9786.084,6.123711340206186,2026-03
101297,2026-04-12,深圳,ceramics,1,1.38,30.3,23.0,35.9,wood,15.13,132.0,0.0,25018.71,10.963768115942031,2026-04
100873,2026-04-06,西安,ceramics,1,1.67,15.5,12.5,25.8,cardboard,10.81,123.0,0.0,4998.75,6.473053892215569,2026-04
101513,2026-03-04,广州,ceramics,1,3.27,44.2,27.3,23.5,cardboard,12.52,86.0,0.0,28356.510000000002,3.8287461773700304,2026-03
101909,2026-08-02,武汉,electronics,0,3.51,46.5,28.4,19.4,wood,19.2,139.0,0.0,25619.639999999996,5.47008547008547,2026-08
100279,2026-01-17,武汉,electronics,0,4.47,33.4,16.4,30.6,cardboard,15.81,137.0,0.0,16761.456,3.5369127516778525,2026-01
100037,2026-06-16,广州,clothing,0,0.58,28.6,28.3,32.3,bubble,6.46,39.0,0.0,26142.974000000002,11.13793103448276,2026-06
101539,2026-01-04,上海,electronics,0,4.43,53.2,32.1,10.0,bubble,13.33,126.0,0.0,17077.200000000004,3.009029345372461,2026-01
100663,2026-07-17,武汉,electronics,0,4.59,44.7,40.8,21.7,cardboard,15.93,84.0,0.0,39575.592,3.4705882352941178,2026-07
101835,2026-01-15,深圳,clothing,0,1.46,43.7,42.0,29.2,cardboard,11.86,37.0,0.0,53593.68,8.123287671232877,2026-01
101465,2026-08-07,上海,clothing,0,1.33,57.5,29.3,17.8,cardboard,9.97,36.0,0.0,29988.550000000003,7.496240601503759,2026-08
100978,2026-07-26,深圳,electronics,0,1.86,21.7,21.7,36.0,bubble,7.82,109.0,0.0,16952.04,4.204301075268817,2026-07
101595,2026-01-05,杭州,glass,1,1.85,45.3,26.5,11.2,wood,16.56,172.0,0.0,13445.039999999997,8.95135135135135,2026-01
100739,2026-06-05,杭州,glass,1,3.13,29.6,19.9,14.1,cardboard,12.01,174.0,0.0,8305.464,3.8370607028753994,2026-06
100920,2026-08-21,北京,glass,1,4.49,53.0,29.5,12.4,wood,20.51,152.0,0.0,19387.4,4.56792873051225,2026-08
100457,2026-03-17,杭州,ceramics,1,3.05,41.6,10.9,5.3,wood,16.22,111.0,0.0,2403.2320000000004,5.3180327868852455,2026-03
100676,2026-03-07,深圳,clothing,0,1.26,17.2,32.9,27.5,cardboard,10.41,29.0,0.0,15561.7,8.261904761904763,2026-03
100761,2026-05-18,深圳,glass,1,2.58,19.9,20.9,11.0,wood,16.23,172.0,0.0,4575.009999999999,6.290697674418604,2026-05
101836,2026-04-08,武汉,books,0,2.25,16.8,37.1,18.5,bubble,10.61,51.0,0.0,11530.680000000002,4.7155555555555555,2026-04
100729,2026-06-21,武汉,glass,1,0.999,41.6,30.7,17.8,bubble,10.3,120.0,0.0,22732.736000000004,10.31031031031031,2026-06
101400,2026-02-28,武汉,ceramics,1,1.54,37.9,23.8,35.8,wood,15.22,127.0,0.0,32292.315999999995,9.883116883116884,2026-02
100413,2026-06-21,西安,ceramics,1,4.0,17.2,11.0,39.6,wood,17.38,96.0,0.0,7492.32,4.345,2026-06
101099,2026-06-18,成都,glass,1,3.32,46.4,13.6,15.7,cardboard,13.14,164.0,0.0,9907.328,3.957831325301205,2026-06
100826,2026-05-20,成都,electronics,0,3.2,40.0,44.0,22.05,cardboard,13.35,122.0,0.0,38808.0,4.171875,2026-05
101520,2026-05-13,上海,clothing,0,1.04,18.4,30.4,8.6,bubble,7.49,34.0,0.0,4810.495999999999,7.201923076923077,2026-05
100617,2026-04-29,深圳,glass,1,2.17,43.4,29.4,32.0,wood,16.98,134.0,0.0,40830.719999999994,7.824884792626729,2026-04
100115,2026-03-21,深圳,ceramics,1,4.49,29.6,43.2,25.2,wood,21.36,138.0,0.0,32223.744000000006,4.757238307349666,2026-03
100418,2026-03-24,西安,glass,1,3.87,59.0,25.2,11.4,wood,18.07,176.0,0.0,16949.52,4.669250645994832,2026-03
101941,2026-07-18,上海,electronics,0,2.32,22.0,25.8,36.7,bubble,10.82,95.0,0.0,20830.920000000002,4.663793103448277,2026-07
100970,2026-01-09,北京,clothing,0,1.3,52.3,40.6,21.8,bubble,8.11,33.0,0.0,46289.684,6.238461538461538,2026-01
100605,2026-01-19,上海,clothing,0,0.75,21.1,39.7,13.9,bubble,7.65,32.0,0.0,11643.613000000001,10.200000000000001,2026-01
101949,2026-02-08,成都,clothing,0,0.67,23.9,37.1,34.7,cardboard,8.26,30.0,0.0,30768.143,12.328358208955223,2026-02
100090,2026-01-14,武汉,clothing,0,1.16,56.4,21.9,6.8,cardboard,10.65,35.0,0.0,8399.087999999998,9.181034482758621,2026-01
100849,2026-05-19,杭州,ceramics,1,0.88,30.6,35.4,29.0,cardboard,10.94,118.0,0.0,31413.96,12.431818181818182,2026-05
101543,2026-01-20,西安,ceramics,1,1.8,49.0,17.0,24.8,bubble,9.74,91.0,0.0,20658.4,5.411111111111111,2026-01
101948,2026-07-08,北京,electronics,0,0.95,56.8,39.2,30.3,bubble,10.68,85.0,0.0,67464.768,11.242105263157894,2026-07
100754,2026-03-14,广州,glass,1,2.82,20.4,34.2,28.4,cardboard,8.32,200.0,0.0,19814.112,2.9503546099290783,2026-03
100499,2026-03-17,广州,electronics,0,2.35,44.8,18.3,16.3,cardboard,13.24,137.0,0.0,13363.392000000002,5.634042553191489,2026-03
101277,2026-07-03,深圳,clothing,0,0.7,58.2,36.5,27.6,bubble,7.8,36.0,0.0,58630.68000000001,11.142857142857144,2026-07
101326,2026-08-26,广州,books,0,1.66,38.9,35.8,39.2,cardboard,13.94,40.0,0.0,54590.704,8.397590361445783,2026-08
100012,2026-03-14,西安,ceramics,1,1.11,37.2,21.5,10.1,wood,15.64,90.0,0.0,8077.9800000000005,14.09009009009009,2026-03
100397,2026-01-09,广州,electronics,0,2.94,48.5,14.1,21.6,bubble,9.77,105.0,0.0,14771.160000000002,3.32312925170068,2026-01
100285,2026-01-18,武汉,ceramics,1,4.29,19.4,11.5,30.2,cardboard,14.4,83.0,0.0,6737.62,3.3566433566433567,2026-01
101067,2026-06-27,深圳,clothing,0,0.35,45.1,33.5,38.6,bubble,7.37,34.0,0.0,58318.810000000005,21.05714285714286,2026-06
101192,2026-04-02,上海,ceramics,1,2.88,51.0,22.1,23.0,cardboard,14.55,86.0,0.0,25923.300000000003,5.052083333333334,2026-04
101771,2026-07-29,广州,electronics,0,3.12,38.6,33.8,26.1,bubble,12.93,99.0,0.0,34052.148,4.144230769230769,2026-07
100691,2026-05-04,成都,electronics,0,1.95,48.4,33.4,19.5,bubble,9.53,97.0,0.0,31522.92,4.887179487179487,2026-05
101655,2026-05-20,成都,clothing,0,0.27,47.3,12.8,16.8,wood,13.36,35.0,0.0,10171.392,49.481481481481474,2026-05
101906,2026-08-05,西安,clothing,0,0.5,24.7,40.9,10.1,cardboard,8.45,35.0,0.0,10203.322999999999,16.9,2026-08
100690,2026-06-17,武汉,electronics,0,3.67,59.9,44.5,22.9,cardboard,15.17,139.0,0.0,61041.09499999999,4.133514986376022,2026-06
100852,2026-04-11,武汉,glass,1,2.86,38.2,41.0,33.6,wood,21.57,176.0,0.0,52624.32000000001,7.5419580419580425,2026-04
100160,2026-02-02,北京,clothing,0,0.65,58.8,41.6,37.3,cardboard,12.07,27.0,0.0,91238.78399999999,18.56923076923077,2026-02
100896,2026-03-28,广州,glass,1,0.8,56.6,11.5,33.7,wood,15.16,138.0,0.0,21935.33,18.95,2026-03
101841,2026-01-17,杭州,clothing,0,0.2,20.7,21.4,11.4,bubble,4.83,25.0,0.0,5049.972,24.15,2026-01
100258,2026-04-03,深圳,glass,1,2.74,43.9,32.7,14.5,cardboard,15.06,190.0,0.0,20815.185,5.4963503649635035,2026-04
100336,2026-01-10,深圳,glass,1,0.96,39.4,36.3,19.8,wood,14.19,122.0,0.0,28318.355999999996,14.78125,2026-01
101910,2026-07-17,西安,electronics,0,4.01,42.2,36.3,11.9,wood,18.4,104.0,0.0,18229.134,4.58852867830424,2026-07
101040,2026-05-30,广州,electronics,1,3.87,17.4,41.4,5.2,wood,17.78,119.0,0.0,3745.8719999999994,4.594315245478036,2026-05
100516,2026-07-04,北京,electronics,0,3.1,54.0,27.2,11.1,cardboard,11.65,80.0,0.0,16303.679999999998,3.7580645161290325,2026-07
101349,2026-05-20,深圳,ceramics,1,1.59,25.7,34.1,15.8,cardboard,10.7,87.0,0.0,13846.646,6.729559748427672,2026-05
101016,2026-04-30,上海,electronics,0,2.09,44.7,30.7,27.7,cardboard,10.5,90.0,0.0,38012.433,5.023923444976077,2026-04
100769,2026-05-05,武汉,glass,1,2.91,35.2,38.1,19.6,wood,18.45,140.0,0.0,26285.952000000005,6.34020618556701,2026-05
101914,2026-08-16,杭州,glass,1,2.82,33.5,35.4,15.3,cardboard,11.2,151.0,0.0,18144.27,3.971631205673759,2026-08
100762,2026-08-04,武汉,ceramics,1,3.28,46.6,12.1,23.9,wood,17.29,138.0,0.0,13476.253999999999,5.271341463414634,2026-08
101247,2026-05-03,成都,glass,1,3.98,38.0,23.0,38.1,cardboard,14.94,173.0,0.0,33299.4,3.7537688442211055,2026-05
101204,2026-08-28,武汉,clothing,0,0.67,30.3,16.9,22.9,cardboard,8.51,31.0,0.0,11726.402999999998,12.701492537313431,2026-08
101490,2026-04-12,西安,electronics,0,3.92,38.8,32.9,21.8,bubble,13.77,88.0,0.0,27828.135999999995,3.512755102040816,2026-04
100522,2026-03-22,武汉,clothing,0,1.08,57.9,43.9,38.9,cardboard,13.28,37.0,0.0,98876.409,12.296296296296294,2026-03
100023,2026-03-08,深圳,electronics,0,2.77,42.1,24.4,18.1,bubble,11.68,132.0,0.0,18593.044,4.216606498194945,2026-03
100357,2026-06-08,杭州,electronics,0,4.4,24.3,29.6,23.8,bubble,13.47,134.0,0.0,17118.864,3.061363636363636,2026-06
101278,2026-04-09,广州,ceramics,1,2.51,31.0,25.0,25.3,wood,17.38,122.0,0.0,19607.5,6.924302788844622,2026-04
101313,2026-02-26,广州,ceramics,1,3.06,49.5,33.2,9.6,wood,17.1,136.0,0.0,15776.64,5.588235294117648,2026-02
101916,2026-01-28,深圳,clothing,0,1.05,23.8,15.9,30.0,bubble,6.81,32.0,0.0,11352.6,6.485714285714285,2026-01
100341,2026-06-03,深圳,electronics,0,3.73,28.9,17.0,8.0,cardboard,13.0,125.0,0.0,3930.3999999999996,3.485254691689008,2026-06
100432,2026-04-09,北京,clothing,0,0.34,31.4,26.9,37.3,bubble,6.65,41.0,0.0,31505.817999999996,19.558823529411764,2026-04
100474,2026-03-25,杭州,electronics,0,4.83,35.2,23.1,6.3,cardboard,14.73,86.0,0.0,5122.656000000001,3.049689440993789,2026-03
100218,2026-02-23,武汉,clothing,1,0.67,59.6,19.0,11.6,cardboard,10.23,34.0,0.0,13135.84,15.26865671641791,2026-02
100912,2026-06-04,北京,glass,1,3.42,36.2,32.3,20.0,wood,19.08,120.0,0.0,23385.2,5.578947368421052,2026-06
101228,2026-08-28,西安,electronics,1,1.68,19.8,31.2,25.9,cardboard,11.19,92.0,0.0,15999.983999999999,6.660714285714286,2026-08
101620,2026-07-10,深圳,electronics,0,2.33,48.7,22.7,37.2,bubble,11.88,111.0,0.0,41124.228,5.098712446351931,2026-07
101012,2026-07-18,上海,electronics,1,3.57,19.9,34.2,9.9,wood,18.19,125.0,0.0,6737.742000000001,5.095238095238096,2026-07
101980,2026-05-11,武汉,clothing,0,0.4,20.2,27.4,24.1,bubble,5.21,24.0,0.0,13338.867999999999,13.024999999999999,2026-05
100094,2026-06-19,深圳,glass,1,3.9,47.4,27.8,36.7,wood,21.48,150.0,0.0,48360.32400000001,5.507692307692308,2026-06
101009,2026-01-21,杭州,ceramics,1,1.2,37.4,15.8,17.7,cardboard,9.79,134.0,0.0,10459.284,8.158333333333333,2026-01
101071,2026-05-14,成都,ceramics,1,3.53,22.5,20.1,31.7,wood,18.74,124.0,0.0,14336.325,5.308781869688385,2026-05
101093,2026-04-16,杭州,ceramics,1,2.77,18.1,38.1,37.3,wood,17.17,122.0,0.0,25722.453,6.1985559566787005,2026-04
101609,2026-01-02,深圳,glass,1,3.75,28.7,19.5,22.15,cardboard,11.34,209.0,0.0,12396.2475,3.024,2026-01
101309,2026-06-22,北京,clothing,0,1.16,56.5,29.8,19.2,cardboard,9.53,31.0,0.0,32327.04,8.21551724137931,2026-06
100697,2026-05-08,武汉,glass,1,2.77,58.4,41.9,39.1,wood,19.37,160.0,0.0,95676.136,6.992779783393502,2026-05
101821,2026-02-05,北京,ceramics,1,3.84,16.7,41.5,39.1,cardboard,14.89,129.0,0.0,27098.255,3.877604166666667,2026-02
100997,2026-04-08,西安,ceramics,1,2.05,21.3,34.9,12.8,wood,13.66,95.0,0.0,9515.136,6.663414634146342,2026-04
101459,2026-06-11,北京,electronics,0,0.68,29.4,33.4,22.0,bubble,6.93,86.0,0.0,21603.12,10.191176470588234,2026-06
100154,2026-03-23,武汉,ceramics,1,2.96,56.1,18.6,30.8,cardboard,12.96,91.0,0.0,32138.568000000003,4.378378378378379,2026-03
101100,2026-06-21,西安,electronics,0,3.34,47.4,12.5,22.05,cardboard,12.56,91.0,0.0,13064.625,3.760479041916168,2026-06
101744,2026-05-15,杭州,glass,1,4.1,28.8,43.6,31.6,cardboard,14.06,164.0,0.0,39679.488000000005,3.429268292682927,2026-05
100790,2026-05-27,北京,electronics,0,1.01,24.5,22.0,21.7,bubble,8.01,82.0,0.0,11696.3,7.930693069306931,2026-05
100581,2026-02-06,上海,ceramics,1,3.61,40.1,38.5,10.6,wood,19.73,111.0,1.0,16364.810000000001,5.465373961218837,2026-02
101471,2026-08-15,杭州,ceramics,1,2.605,39.0,43.3,16.3,cardboard,11.58,124.0,1.0,27525.809999999998,4.445297504798464,2026-08
100704,2026-07-23,广州,clothing,0,0.55,34.1,41.8,9.2,bubble,7.09,34.0,0.0,13113.495999999997,12.890909090909089,2026-07
101213,2026-01-03,成都,glass,1,2.82,28.5,43.9,18.3,wood,13.95,147.0,0.0,22896.045,4.946808510638298,2026-01
101296,2026-02-20,成都,books,0,1.39,22.8,32.3,20.0,bubble,8.85,49.0,0.0,14728.8,6.366906474820144,2026-02
101691,2026-04-15,成都,clothing,0,0.22,29.9,25.2,12.8,bubble,5.15,28.0,0.0,9644.544,23.40909090909091,2026-04
101261,2026-04-24,深圳,books,0,2.73,56.4,41.2,36.0,cardboard,16.62,50.0,0.0,83652.48000000001,6.0879120879120885,2026-04
100488,2026-03-14,广州,glass,1,4.09,21.5,44.9,6.1,wood,19.89,181.0,0.0,5888.635,4.863080684596578,2026-03
100560,2026-04-07,深圳,ceramics,1,2.06,44.4,31.1,21.1,cardboard,10.45,138.0,0.0,29135.724000000002,5.072815533980582,2026-04
101142,2026-04-11,北京,glass,1,4.91,22.2,16.2,22.15,wood,20.31,149.0,0.0,7966.025999999999,4.136456211812627,2026-04
101120,2026-05-21,武汉,electronics,1,2.7,47.7,31.7,20.7,wood,18.16,132.0,0.0,31300.263000000003,6.725925925925925,2026-05
100802,2026-01-05,上海,electronics,1,3.0,32.6,12.9,27.7,wood,18.88,121.0,0.0,11648.958,6.293333333333333,2026-01
100513,2026-02-15,广州,glass,1,3.42,18.7,25.2,11.4,wood,17.82,173.0,0.0,5372.1359999999995,5.2105263157894735,2026-02
100634,2026-07-14,北京,electronics,0,4.04,58.5,19.6,31.8,bubble,12.83,115.0,0.0,36461.880000000005,3.1757425742574257,2026-07
101502,2026-03-09,武汉,glass,1,4.55,28.8,26.9,12.7,wood,20.98,175.0,0.0,9838.944,4.6109890109890115,2026-03
101815,2026-04-28,武汉,glass,1,4.07,34.6,28.8,6.8,wood,18.13,197.0,0.0,6776.064,4.454545454545454,2026-04
101569,2026-02-01,杭州,electronics,0,0.76,15.3,41.5,11.1,bubble,5.48,101.0,0.0,7047.945000000001,7.210526315789474,2026-02
101151,2026-01-30,深圳,electronics,0,0.92,40.8,44.3,16.1,cardboard,9.16,87.0,0.0,29099.784,9.956521739130434,2026-01
100791,2026-08-30,北京,glass,1,3.82,47.2,10.1,5.9,cardboard,12.08,167.0,0.0,2812.648,3.162303664921466,2026-08
100117,2026-04-04,深圳,glass,1,2.52,56.7,42.6,18.7,cardboard,11.73,171.0,0.0,45168.354,4.654761904761905,2026-04
101498,2026-07-15,杭州,books,0,0.98,20.9,35.5,20.6,cardboard,10.15,37.0,0.0,15284.17,10.357142857142858,2026-07
100741,2026-05-14,西安,electronics,0,1.59,39.9,18.1,12.8,bubble,8.08,121.0,0.0,9244.032000000001,5.081761006289308,2026-05
101776,2026-01-22,西安,electronics,0,4.51,17.6,37.4,22.05,wood,17.9,115.0,0.0,14514.192000000001,3.9689578713968956,2026-01
101082,2026-08-30,广州,clothing,0,1.23,34.9,36.0,29.5,bubble,9.31,27.0,0.0,37063.799999999996,7.569105691056911,2026-08
100831,2026-02-20,深圳,electronics,0,2.06,58.8,26.5,37.0,bubble,12.93,93.0,0.0,57653.399999999994,6.276699029126213,2026-02
100120,2026-05-18,武汉,electronics,0,0.67,16.2,36.0,34.8,bubble,5.07,80.0,0.0,20295.359999999997,7.567164179104478,2026-05
100657,2026-01-26,广州,electronics,0,1.39,50.2,22.8,26.9,bubble,9.82,114.0,0.0,30788.664000000004,7.064748201438849,2026-01
101938,2026-03-09,北京,clothing,0,0.46,52.9,27.3,26.3,bubble,8.04,27.0,0.0,37981.671,17.478260869565215,2026-03
100636,2026-05-20,杭州,clothing,0,1.17,38.8,41.2,20.9,bubble,7.4,24.0,0.0,33409.903999999995,6.324786324786325,2026-05
100370,2026-08-31,上海,ceramics,1,1.24,46.3,41.9,11.3,wood,15.39,105.0,0.0,21921.661,12.411290322580646,2026-08
100269,2026-08-10,北京,electronics,0,4.61,22.1,10.4,13.7,cardboard,13.9,138.0,0.0,3148.8080000000004,3.0151843817787416,2026-08
100656,2026-08-22,广州,electronics,0,1.39,44.7,13.7,5.9,cardboard,10.4,139.0,0.0,3613.101,7.482014388489209,2026-08
100936,2026-02-02,杭州,electronics,1,3.66,37.0,30.0,40.0,wood,21.81,100.0,0.0,44400.0,5.959016393442623,2026-02
100823,2026-01-17,广州,books,0,1.59,42.1,22.6,25.9,cardboard,10.34,37.0,0.0,24642.814,6.50314465408805,2026-01
100867,2026-06-21,广州,ceramics,1,3.38,56.4,14.0,27.0,wood,17.59,81.0,0.0,21319.2,5.204142011834319,2026-06
100047,2026-08-08,北京,glass,1,1.29,37.3,19.8,16.7,bubble,7.04,186.0,0.0,12333.617999999999,5.457364341085271,2026-08
101374,2026-02-24,深圳,ceramics,1,2.88,26.2,36.4,19.4,wood,18.63,82.0,0.0,18501.391999999996,6.46875,2026-02
101746,2026-06-08,成都,electronics,0,2.09,47.2,36.7,24.9,cardboard,12.65,82.0,0.0,43132.776000000005,6.052631578947369,2026-06
100992,2026-08-01,深圳,electronics,0,1.32,55.3,22.6,14.0,bubble,8.43,111.0,0.0,17496.92,6.386363636363636,2026-08
100877,2026-03-06,西安,glass,1,1.0,31.2,36.6,14.2,cardboard,7.98,186.0,0.0,16215.264000000001,7.98,2026-03
100774,2026-08-10,上海,glass,1,4.86,52.5,38.7,29.3,wood,23.3,123.0,0.0,59530.27500000001,4.794238683127572,2026-08
101220,2026-02-19,广州,glass,1,2.19,20.3,37.3,8.7,wood,15.98,156.0,0.0,6587.552999999999,7.296803652968037,2026-02
101771,2026-07-29,广州,electronics,0,3.12,36.9,33.8,26.1,bubble,12.93,99.0,0.0,32552.441999999995,4.144230769230769,2026-07
100005,2026-04-25,成都,clothing,0,1.25,45.7,14.9,12.0,cardboard,9.48,35.0,0.0,8171.160000000001,7.5840000000000005,2026-04
101004,2026-03-22,西安,electronics,0,1.65,33.7,30.2,13.1,cardboard,10.05,100.0,0.0,13332.394,6.090909090909092,2026-03
101750,2026-06-06,深圳,electronics,0,0.85,23.3,10.3,5.8,cardboard,8.17,114.0,0.0,1391.9420000000002,9.611764705882353,2026-06
100264,2026-05-25,北京,electronics,0,3.3,56.9,15.2,39.9,cardboard,14.08,138.0,0.0,34508.71199999999,4.266666666666667,2026-05
101593,2026-07-18,深圳,glass,1,2.82,50.1,29.0,22.15,wood,18.09,152.0,0.0,32181.735,6.414893617021277,2026-07
101859,2026-02-10,成都,electronics,0,3.81,56.1,38.9,31.0,cardboard,17.24,109.0,0.0,67650.99,4.524934383202099,2026-02
101003,2026-08-12,成都,clothing,0,1.35,26.4,14.7,17.8,bubble,6.27,29.0,0.0,6907.824,4.644444444444444,2026-08
101078,2026-07-16,武汉,ceramics,1,3.35,32.0,37.7,6.4,wood,17.13,115.0,0.0,7720.960000000001,5.113432835820895,2026-07
100838,2026-02-23,成都,clothing,0,1.22,50.7,30.9,36.8,cardboard,13.97,30.0,0.0,57651.984,11.450819672131148,2026-02
101818,2026-08-30,成都,clothing,0,1.0,25.9,10.6,34.9,bubble,5.98,26.0,0.0,9581.445999999998,5.98,2026-08
100305,2026-05-18,成都,clothing,1,0.71,16.7,21.5,22.3,wood,12.77,32.0,0.0,8006.8150000000005,17.985915492957748,2026-05
101366,2026-06-29,武汉,clothing,0,0.32,59.1,39.7,34.6,bubble,9.36,39.0,0.0,81180.94200000002,29.249999999999996,2026-06
101581,2026-03-02,成都,books,0,0.32,34.7,13.9,32.3,bubble,5.52,45.0,0.0,15579.259,17.25,2026-03
100314,2026-02-18,西安,clothing,0,0.63,40.2,10.0,6.2,bubble,6.76,40.0,0.0,2492.4,10.73015873015873,2026-02
100150,2026-03-08,上海,electronics,0,1.33,50.8,41.8,33.1,cardboard,12.93,95.0,0.0,70285.86399999999,9.721804511278195,2026-03
101149,2026-01-28,成都,ceramics,1,1.79,47.9,43.2,12.8,wood,14.78,113.0,0.0,26486.784000000003,8.256983240223462,2026-01
101214,2026-04-15,武汉,ceramics,1,0.9,37.1,42.8,36.8,wood,16.54,127.0,0.0,58433.98399999999,18.377777777777776,2026-04
100575,2026-04-22,上海,glass,1,1.85,37.9,26.4,31.1,bubble,9.55,150.0,0.0,31117.416,5.162162162162162,2026-04
100051,2026-07-24,武汉,electronics,1,4.58,28.1,27.2,25.5,wood,17.91,94.0,0.0,19490.16,3.910480349344978,2026-07
101576,2026-05-15,西安,ceramics,1,2.75,57.6,11.4,22.4,cardboard,11.1,82.0,0.0,14708.735999999999,4.036363636363636,2026-05
100727,2026-01-25,广州,electronics,0,3.99,51.7,39.4,25.6,cardboard,16.64,120.0,0.0,52146.688,4.170426065162907,2026-01
100834,2026-06-04,广州,books,0,2.33,42.4,36.4,28.1,bubble,8.89,44.0,0.0,43368.416,3.815450643776824,2026-06
101378,2026-08-21,武汉,electronics,1,2.77,51.1,37.7,26.0,wood,20.61,82.0,0.0,50088.22000000001,7.44043321299639,2026-08
101116,2026-05-11,上海,ceramics,1,3.45,44.5,36.7,40.0,cardboard,16.15,88.0,0.0,65326.0,4.6811594202898545,2026-05
101167,2026-08-06,西安,books,0,0.69,43.4,11.3,7.7,bubble,5.87,45.0,0.0,3776.2340000000004,8.507246376811596,2026-08
100471,2026-04-20,西安,ceramics,1,2.75,15.1,33.6,6.9,wood,15.6,111.0,0.0,3500.784,5.672727272727273,2026-04
100972,2026-03-24,杭州,electronics,0,3.03,44.1,33.7,34.1,cardboard,14.85,90.0,0.0,50678.397000000004,4.900990099009901,2026-03
100654,2026-08-06,上海,clothing,0,1.1,15.3,44.4,26.2,cardboard,9.85,24.0,0.0,17798.184,8.954545454545453,2026-08
100400,2026-05-26,广州,ceramics,1,2.13,49.0,15.5,32.2,wood,15.97,81.0,0.0,24455.9,7.497652582159625,2026-05
100321,2026-06-02,成都,ceramics,1,2.4,52.7,27.0,6.7,wood,16.28,89.0,0.0,9533.43,6.783333333333334,2026-06
100020,2026-01-20,深圳,ceramics,1,3.37,51.2,35.0,30.9,wood,20.19,135.0,0.0,55372.799999999996,5.991097922848665,2026-01
100685,2026-05-19,成都,glass,0,3.52,28.7,28.6,6.9,cardboard,14.15,199.0,1.0,5663.658,4.019886363636363,2026-05
100036,2026-01-24,深圳,books,0,2.24,53.3,32.3,9.3,cardboard,12.99,32.0,0.0,16010.786999999998,5.799107142857142,2026-01
100903,2026-03-23,武汉,clothing,0,0.94,51.9,18.4,27.1,cardboard,10.26,41.0,1.0,25879.416,10.914893617021278,2026-03
101806,2026-02-03,成都,glass,1,3.52,39.5,36.4,34.1,wood,19.22,194.0,0.0,49028.98,5.4602272727272725,2026-02
100828,2026-06-18,广州,electronics,0,3.05,42.4,43.6,35.5,cardboard,13.88,137.0,0.0,65626.72,4.550819672131148,2026-06
101825,2026-01-06,杭州,electronics,0,4.31,30.9,27.2,39.3,wood,20.48,120.0,0.0,33030.863999999994,4.751740139211138,2026-01
100408,2026-07-30,武汉,ceramics,1,3.72,27.6,37.2,8.9,cardboard,14.13,111.0,0.0,9137.808,3.7983870967741935,2026-07
100921,2026-01-04,深圳,electronics,0,4.21,38.3,42.2,5.3,wood,19.61,120.0,0.0,8566.178,4.657957244655582,2026-01
100538,2026-03-02,北京,electronics,1,2.6,28.6,29.7,10.9,cardboard,13.0,132.0,0.0,9258.678000000002,5.0,2026-03
100759,2026-07-30,北京,ceramics,1,1.23,22.7,41.5,22.0,wood,13.85,138.0,0.0,20725.1,11.260162601626016,2026-07
101935,2026-08-02,深圳,electronics,0,4.82,54.6,40.2,6.4,bubble,15.62,100.0,0.0,14047.488000000001,3.2406639004149373,2026-08
101200,2026-01-14,广州,electronics,0,4.71,38.3,29.4,28.4,cardboard,16.74,114.0,0.0,31978.96799999999,3.5541401273885347,2026-01
100246,2026-05-16,成都,clothing,0,1.1,51.6,34.8,21.4,bubble,8.52,27.0,0.0,38427.551999999996,7.745454545454544,2026-05
101417,2026-07-12,上海,ceramics,1,1.6,33.3,27.9,6.1,wood,16.57,137.0,0.0,5667.326999999998,10.35625,2026-07
101128,2026-01-25,北京,glass,1,0.85,44.3,41.1,39.9,wood,17.58,196.0,0.0,72647.127,20.682352941176468,2026-01
100785,2026-04-11,北京,glass,1,2.15,26.1,26.1,27.6,cardboard,12.09,208.0,0.0,18801.396,5.623255813953489,2026-04
101794,2026-07-06,深圳,glass,1,3.5,46.5,29.3,32.0,wood,20.43,197.0,0.0,43598.4,5.837142857142857,2026-07
100490,2026-04-01,成都,glass,1,4.71,59.0,27.4,20.2,wood,20.34,149.0,0.0,32655.319999999996,4.318471337579618,2026-04
100155,2026-05-30,西安,books,0,2.25,30.8,32.3,21.6,bubble,10.87,41.0,0.0,21488.543999999998,4.8311111111111105,2026-05
100962,2026-07-22,深圳,clothing,0,0.85,18.2,41.4,30.6,bubble,7.33,38.0,0.0,23056.487999999998,8.623529411764705,2026-07
100854,2026-05-29,西安,glass,1,3.78,20.7,34.6,27.6,wood,17.64,142.0,0.0,19767.672000000002,4.666666666666667,2026-05
101312,2026-03-19,广州,clothing,0,1.23,40.7,36.2,12.6,cardboard,10.29,34.0,0.0,18564.084000000003,8.365853658536585,2026-03
100626,2026-05-07,西安,ceramics,1,3.1,24.5,15.4,9.3,wood,18.25,116.0,0.0,3508.8900000000003,5.887096774193548,2026-05
100686,2026-01-31,北京,electronics,0,1.5,28.5,21.3,34.9,bubble,8.25,111.0,0.0,21186.045000000002,5.5,2026-01
101992,2026-08-24,上海,electronics,1,4.13,15.6,29.4,26.0,wood,19.55,111.0,0.0,11924.64,4.733656174334141,2026-08
100570,2026-04-22,北京,electronics,0,0.66,44.5,36.2,7.1,cardboard,8.42,103.0,0.0,11437.39,12.757575757575756,2026-04
101939,2026-08-03,武汉,ceramics,1,3.06,16.2,41.3,29.3,wood,16.9,89.0,0.0,19603.458,5.522875816993463,2026-08
100018,2026-06-24,武汉,electronics,0,3.86,25.8,14.3,34.1,bubble,11.63,115.0,0.0,12580.854000000003,3.012953367875648,2026-06
100128,2026-01-31,西安,electronics,0,4.86,27.9,43.8,8.3,cardboard,16.53,129.0,0.0,10142.766,3.4012345679012346,2026-01
101347,2026-06-05,北京,clothing,0,0.72,38.7,11.7,7.3,cardboard,9.15,35.0,0.0,3305.367,12.708333333333334,2026-06
101280,2026-05-05,上海,electronics,0,4.66,25.9,41.7,39.7,wood,22.76,126.0,0.0,42877.191,4.88412017167382,2026-05
101999,2026-04-03,北京,glass,1,3.46,37.9,12.4,13.3,wood,18.18,122.0,0.0,6250.468,5.254335260115607,2026-04
100928,2026-05-28,北京,electronics,0,0.77,36.9,33.2,29.8,bubble,9.0,124.0,0.0,36507.384000000005,11.688311688311687,2026-05
100981,2026-01-10,成都,electronics,0,2.98,28.2,18.0,37.7,cardboard,12.91,98.0,0.0,19136.52,4.332214765100671,2026-01
101995,2026-07-13,北京,electronics,1,2.43,21.1,21.8,12.0,wood,15.75,90.0,0.0,5519.76,6.481481481481481,2026-07
100191,2026-02-24,杭州,books,0,1.23,20.6,18.3,31.1,bubble,7.61,54.0,0.0,11724.078000000001,6.1869918699187,2026-02
101140,2026-06-10,广州,books,0,1.41,42.3,19.0,14.4,cardboard,11.17,54.0,0.0,11573.279999999999,7.921985815602837,2026-06
100993,2026-03-11,西安,electronics,0,4.03,56.3,33.1,37.5,cardboard,15.49,136.0,0.0,69882.375,3.8436724565756824,2026-03
101986,2026-08-19,成都,glass,1,2.89,30.8,37.6,11.8,cardboard,12.09,133.0,0.0,13665.344000000003,4.1833910034602075,2026-08
101681,2026-06-15,北京,ceramics,1,4.45,49.2,35.0,38.8,wood,22.2,103.0,0.0,66813.59999999999,4.98876404494382,2026-06
100607,2026-05-24,深圳,ceramics,1,4.08,25.0,22.3,38.0,cardboard,14.81,108.0,0.0,21185.0,3.6299019607843137,2026-05
100181,2026-04-11,深圳,ceramics,1,4.23,59.4,15.3,8.1,cardboard,13.38,84.0,0.0,7361.442,3.1631205673758864,2026-04
100302,2026-02-18,武汉,electronics,1,3.82,29.0,10.4,20.2,wood,18.75,116.0,0.0,6092.320000000001,4.908376963350785,2026-02
100497,2026-01-14,上海,clothing,0,1.23,19.3,32.1,7.2,bubble,6.0,36.0,0.0,4460.616000000001,4.878048780487805,2026-01
101721,2026-01-13,上海,glass,1,4.68,50.2,24.9,5.4,cardboard,13.93,133.0,0.0,6749.892000000001,2.9764957264957266,2026-01
101735,2026-04-08,北京,electronics,0,3.48,24.2,14.2,17.7,cardboard,12.73,85.0,0.0,6082.428,3.6580459770114944,2026-04
101867,2026-02-14,杭州,clothing,0,1.06,52.3,28.9,39.7,bubble,8.69,34.0,0.0,60005.359,8.198113207547168,2026-02
100518,2026-05-31,杭州,electronics,1,4.21,49.1,28.8,19.5,wood,19.77,83.0,0.0,27574.56,4.695961995249406,2026-05
101070,2026-07-26,上海,ceramics,1,3.16,29.5,37.1,11.6,cardboard,13.98,119.0,0.0,12695.62,4.424050632911392,2026-07
100477,2026-04-19,武汉,glass,1,3.54,19.6,38.8,21.8,wood,18.76,192.0,0.0,16578.464,5.299435028248588,2026-04
100158,2026-07-13,上海,electronics,0,3.87,48.6,41.0,12.6,cardboard,14.86,94.0,0.0,25106.760000000002,3.8397932816537463,2026-07
101244,2026-05-11,上海,electronics,0,4.42,38.5,14.3,32.1,wood,19.24,136.0,0.0,17672.655000000002,4.352941176470588,2026-05
101196,2026-02-08,西安,electronics,0,4.32,20.3,27.5,17.4,wood,20.96,107.0,0.0,9713.55,4.851851851851852,2026-02
100017,2026-04-10,广州,glass,1,4.97,55.1,41.3,23.2,cardboard,18.9,179.0,0.0,52794.616,3.8028169014084505,2026-04
101536,2026-05-23,西安,electronics,1,1.13,22.4,34.1,33.6,wood,16.36,139.0,0.0,25665.024,14.47787610619469,2026-05
101073,2026-08-03,深圳,ceramics,1,1.68,50.4,21.4,32.5,cardboard,11.13,97.0,0.0,35053.2,6.625000000000001,2026-08
100460,2026-01-11,广州,ceramics,1,3.03,22.3,20.6,10.1,wood,16.32,117.0,0.0,4639.738,5.3861386138613865,2026-01
100547,2026-05-19,西安,clothing,0,1.43,21.0,40.7,34.4,bubble,10.31,26.0,0.0,29401.68,7.20979020979021,2026-05
101540,2026-08-21,武汉,books,0,2.15,41.9,35.7,18.5,bubble,10.1,44.0,0.0,27672.855000000003,4.6976744186046515,2026-08
100659,2026-02-20,北京,ceramics,1,2.79,55.9,34.9,6.8,wood,16.99,112.0,0.0,13266.187999999998,6.089605734767025,2026-02
101671,2026-03-28,杭州,glass,1,1.23,47.5,23.1,20.9,wood,17.02,192.0,0.0,22932.524999999998,13.83739837398374,2026-03
101020,2026-05-22,杭州,electronics,0,4.22,34.7,36.5,30.9,cardboard,15.74,84.0,0.0,39136.395000000004,3.7298578199052135,2026-05
101687,2026-05-30,北京,electronics,0,4.6,49.7,18.1,39.9,cardboard,16.29,83.0,0.0,35892.84300000001,3.541304347826087,2026-05
101505,2026-07-11,北京,glass,1,1.02,16.8,37.3,35.3,cardboard,9.58,164.0,0.0,22120.391999999996,9.392156862745098,2026-07
100960,2026-04-09,杭州,glass,1,2.48,49.8,24.7,14.2,cardboard,11.27,157.0,0.0,17466.852,4.544354838709677,2026-04
101912,2026-08-05,广州,electronics,0,2.11,47.4,13.3,37.6,cardboard,10.87,114.0,0.0,23703.791999999998,5.151658767772512,2026-08
100284,2026-03-03,上海,ceramics,1,1.8,30.0,21.6,20.9,wood,16.55,112.0,0.0,13543.199999999999,9.194444444444445,2026-03
100798,2026-04-26,深圳,ceramics,1,3.24,54.8,39.9,16.6,cardboard,13.28,115.0,0.0,36296.232,4.098765432098765,2026-04
101650,2026-02-24,深圳,clothing,0,1.18,32.1,11.1,6.4,bubble,5.32,39.0,0.0,2280.384,4.508474576271187,2026-02
100226,2026-08-13,杭州,books,0,1.66,30.2,38.6,18.4,cardboard,10.49,34.0,0.0,21449.248,6.319277108433735,2026-08
100027,2026-02-28,西安,electronics,0,2.18,52.5,11.8,37.4,cardboard,9.9,134.0,0.0,23169.3,4.541284403669724,2026-02
101798,2026-06-01,北京,ceramics,1,1.68,42.8,33.9,7.4,cardboard,11.37,120.0,0.0,10736.807999999999,6.767857142857142,2026-06
100438,2026-08-27,深圳,glass,1,0.87,37.3,29.3,30.0,cardboard,10.39,183.0,0.0,32786.7,11.942528735632184,2026-08
101979,2026-07-03,成都,glass,0,4.01,22.4,39.2,29.9,cardboard,15.08,169.0,0.0,26254.592,3.7605985037406486,2026-07
101389,2026-06-10,成都,electronics,1,4.91,51.4,18.6,12.8,wood,19.65,130.0,0.0,12237.312000000002,4.0020366598778,2026-06
100230,2026-05-08,北京,ceramics,1,4.18,55.6,39.0,27.1,cardboard,14.59,121.0,0.0,58763.64000000001,3.4904306220095696,2026-05
100038,2026-07-27,武汉,clothing,0,0.999,44.3,13.2,36.4,bubble,7.14,26.0,0.0,21285.263999999996,7.147147147147147,2026-07
100750,2026-08-26,上海,electronics,0,3.92,18.8,39.0,37.9,cardboard,15.09,136.0,0.0,27788.280000000002,3.8494897959183674,2026-08
101046,2026-05-08,杭州,ceramics,1,2.3,15.7,41.4,32.7,cardboard,11.24,126.0,0.0,21254.345999999998,4.886956521739131,2026-05
101399,2026-01-31,北京,electronics,0,4.76,48.7,18.5,9.9,cardboard,15.92,99.0,0.0,8919.405,3.3445378151260505,2026-01
100470,2026-05-27,北京,clothing,0,0.36,43.2,39.3,6.6,bubble,6.28,27.0,0.0,11205.215999999999,17.444444444444446,2026-05
101718,2026-03-02,武汉,electronics,0,2.45,55.8,16.8,11.6,cardboard,12.18,116.0,0.0,10874.303999999998,4.971428571428571,2026-03
101998,2026-05-10,深圳,glass,1,2.23,45.2,31.6,28.4,wood,16.67,199.0,0.0,40564.288,7.475336322869956,2026-05
100688,2026-04-10,杭州,electronics,0,4.92,15.8,22.8,14.0,wood,17.68,127.0,0.0,5043.360000000001,3.5934959349593494,2026-04
101872,2026-01-01,杭州,electronics,0,1.75,37.4,42.8,35.7,cardboard,14.85,116.0,0.0,57145.704,8.485714285714286,2026-01
100640,2026-08-28,深圳,electronics,0,4.83,29.7,27.9,15.2,cardboard,14.15,102.0,0.0,12595.175999999998,2.929606625258799,2026-08
101738,2026-08-25,广州,electronics,0,3.64,26.9,37.5,29.1,bubble,12.33,131.0,0.0,29354.625,3.3873626373626373,2026-08
101219,2026-05-24,武汉,glass,0,2.24,23.0,43.9,38.6,bubble,11.09,181.0,0.0,38974.42,4.950892857142857,2026-05
101159,2026-03-02,北京,clothing,0,0.8,29.7,31.1,9.7,cardboard,7.77,36.0,0.0,8959.599,9.712499999999999,2026-03
101416,2026-08-16,上海,electronics,0,2.07,27.5,17.6,28.9,bubble,9.33,105.0,0.0,13987.6,4.507246376811595,2026-08
101528,2026-06-07,广州,clothing,0,1.05,20.9,38.8,35.3,bubble,10.28,31.0,0.0,28625.47599999999,9.79047619047619,2026-06
101680,2026-04-09,杭州,glass,1,4.13,45.0,33.3,31.3,wood,21.47,206.0,0.0,46903.049999999996,5.198547215496368,2026-04
101301,2026-08-31,广州,books,0,0.83,18.5,11.2,7.2,bubble,5.37,51.0,0.0,1491.84,6.46987951807229,2026-08
101851,2026-01-14,武汉,clothing,0,0.38,57.1,43.4,6.1,bubble,6.3,33.0,0.0,15116.653999999999,16.57894736842105,2026-01
100801,2026-06-25,西安,clothing,0,0.7,48.2,40.8,35.7,bubble,10.67,27.0,0.0,70206.19200000001,15.242857142857144,2026-06
101604,2026-07-15,成都,electronics,0,1.5,38.1,33.3,25.6,bubble,10.1,95.0,0.0,32479.488,6.733333333333333,2026-07
100161,2026-03-16,成都,electronics,0,0.82,21.0,39.0,25.3,cardboard,9.42,132.0,0.0,20720.7,11.487804878048781,2026-03
100957,2026-05-14,杭州,books,0,2.8,49.8,18.5,34.5,cardboard,11.71,45.0,0.0,31784.85,4.182142857142858,2026-05
101187,2026-08-20,广州,ceramics,1,1.7,37.1,26.9,30.3,bubble,11.29,105.0,0.0,30239.097,6.641176470588235,2026-08
100822,2026-08-12,武汉,electronics,0,3.12,36.9,42.5,27.3,cardboard,12.62,130.0,0.0,42813.225,4.044871794871795,2026-08
101707,2026-03-02,北京,glass,1,4.73,17.7,15.2,17.4,wood,19.96,193.0,0.0,4681.295999999999,4.219873150105708,2026-03
100878,2026-03-02,成都,books,0,2.79,58.5,42.5,23.7,cardboard,14.12,46.0,0.0,58924.125,5.060931899641576,2026-03
100914,2026-04-02,武汉,electronics,0,3.08,58.2,17.7,8.7,cardboard,11.99,98.0,0.0,8962.218,3.892857142857143,2026-04
100153,2026-03-17,杭州,clothing,0,0.77,48.5,38.7,31.2,bubble,8.7,28.0,0.0,58560.84,11.298701298701298,2026-03
101865,2026-07-26,深圳,glass,1,2.93,16.3,11.9,18.0,wood,16.91,129.0,0.0,3491.4600000000005,5.771331058020477,2026-07
101804,2026-01-04,北京,clothing,0,0.84,56.5,29.8,18.6,cardboard,8.44,28.0,0.0,31316.820000000003,10.047619047619047,2026-01
100510,2026-06-03,深圳,electronics,0,3.7,43.2,17.9,20.4,cardboard,14.5,84.0,0.0,15774.911999999998,3.918918918918919,2026-06
101136,2026-08-25,深圳,electronics,0,1.43,37.9,36.2,23.0,bubble,8.47,92.0,0.0,31555.54,5.923076923076923,2026-08
101251,2026-07-05,杭州,glass,1,4.34,33.0,44.5,30.2,wood,21.25,183.0,0.0,44348.7,4.8963133640553,2026-07
101689,2026-06-05,西安,glass,1,4.67,44.9,27.2,6.7,wood,20.11,207.0,0.0,8182.576,4.3062098501070665,2026-06
100104,2026-06-23,武汉,glass,1,1.02,50.4,39.1,33.7,cardboard,13.26,187.0,0.0,66410.56800000001,13.0,2026-06
101446,2026-01-25,西安,clothing,0,1.09,43.6,27.4,7.7,cardboard,7.64,24.0,0.0,9198.728,7.009174311926604,2026-01
101444,2026-03-11,西安,clothing,0,0.2,31.9,25.0,38.0,cardboard,8.98,35.0,0.0,30305.0,44.9,2026-03
101765,2026-04-16,杭州,clothing,0,1.04,24.7,11.0,10.4,cardboard,8.02,26.0,0.0,2825.68,7.711538461538461,2026-04
100587,2026-07-14,深圳,electronics,0,3.82,40.0,39.9,13.7,cardboard,12.59,131.0,0.0,21865.199999999997,3.2958115183246073,2026-07
101937,2026-03-10,广州,glass,1,3.92,57.7,27.4,35.9,bubble,15.41,193.0,0.0,56757.182,3.931122448979592,2026-03
101144,2026-02-07,广州,ceramics,1,2.25,37.1,15.5,12.1,cardboard,11.14,134.0,0.0,6958.1050000000005,4.9511111111111115,2026-02
100054,2026-04-11,广州,ceramics,1,1.46,16.1,42.5,20.7,wood,15.23,80.0,0.0,14163.975000000002,10.431506849315069,2026-04
100152,2026-02-08,西安,clothing,0,1.3,54.0,20.7,26.7,cardboard,10.72,38.0,0.0,29845.26,8.246153846153847,2026-02
100404,2026-05-01,深圳,electronics,0,2.77,29.2,40.7,36.9,cardboard,10.08,102.0,0.0,43853.436,3.6389891696750905,2026-05
101973,2026-07-24,杭州,electronics,0,4.32,33.3,29.0,34.1,cardboard,15.43,132.0,0.0,32930.37,3.571759259259259,2026-07
100208,2026-02-10,成都,electronics,0,2.03,19.2,41.1,31.7,cardboard,10.6,138.0,0.0,25015.104,5.221674876847291,2026-02
101925,2026-06-19,成都,clothing,0,0.99,15.1,37.6,24.0,cardboard,8.3,27.0,0.0,13626.24,8.383838383838384,2026-06
101123,2026-05-15,武汉,electronics,1,2.94,23.6,15.4,5.4,cardboard,12.53,84.0,0.0,1962.5760000000005,4.261904761904762,2026-05
101777,2026-04-06,成都,electronics,0,4.81,49.5,40.0,25.8,bubble,14.6,124.0,0.0,51084.0,3.0353430353430357,2026-04
100009,2026-03-25,北京,electronics,1,2.75,35.1,23.3,15.6,cardboard,11.96,85.0,0.0,12758.148000000001,4.34909090909091,2026-03
101015,2026-03-29,杭州,clothing,0,1.4,15.8,31.7,35.3,cardboard,10.76,40.0,0.0,17680.358,7.685714285714286,2026-03
101824,2026-01-01,上海,books,0,1.81,33.2,21.7,31.4,cardboard,12.39,32.0,0.0,22621.816,6.845303867403315,2026-01
101061,2026-02-16,广州,clothing,0,1.29,41.8,33.0,12.1,cardboard,11.43,28.0,0.0,16690.739999999998,8.86046511627907,2026-02
100453,2026-04-21,北京,books,0,0.9,28.8,21.6,27.2,cardboard,8.39,34.0,0.0,16920.576,9.322222222222223,2026-04
101676,2026-07-27,广州,clothing,0,0.6,27.2,23.5,15.5,bubble,5.33,32.0,0.0,9907.599999999999,8.883333333333335,2026-07
100254,2026-07-26,广州,ceramics,1,4.26,18.4,35.9,39.6,cardboard,16.85,117.0,0.0,26158.176,3.9553990610328644,2026-07
101328,2026-05-13,成都,electronics,0,3.93,36.0,17.4,6.6,cardboard,12.73,89.0,0.0,4134.24,3.2391857506361323,2026-05
100897,2026-02-28,成都,clothing,0,1.32,25.7,14.3,27.6,bubble,8.36,39.0,0.0,10143.276,6.333333333333333,2026-02
101760,2026-03-13,广州,electronics,0,4.34,16.8,41.3,28.1,cardboard,15.43,98.0,0.0,19496.904000000002,3.555299539170507,2026-03
100881,2026-05-21,武汉,electronics,0,1.02,28.8,14.4,31.4,cardboard,8.86,116.0,0.0,13022.208,8.686274509803921,2026-05
101596,2026-07-25,武汉,clothing,0,0.21,23.7,44.3,19.1,bubble,6.57,41.0,0.0,20053.281,31.28571428571429,2026-07
101919,2026-07-23,西安,glass,1,2.15,38.5,15.2,37.3,cardboard,8.8,159.0,0.0,21827.959999999995,4.093023255813954,2026-07
100624,2026-08-07,广州,electronics,0,3.42,40.5,25.3,17.3,cardboard,12.34,81.0,0.0,17726.445000000003,3.608187134502924,2026-08
100346,2026-03-04,武汉,electronics,1,0.57,23.0,10.7,10.5,cardboard,8.32,136.0,0.0,2584.0499999999997,14.596491228070176,2026-03
101728,2026-03-24,杭州,electronics,0,4.24,47.2,38.9,39.5,cardboard,17.65,86.0,0.0,72525.16,4.162735849056603,2026-03
100263,2026-04-06,西安,electronics,1,4.74,21.6,44.3,22.05,wood,19.19,85.0,0.0,21099.204,4.048523206751055,2026-04
101635,2026-08-05,杭州,clothing,0,0.85,20.3,36.7,35.2,cardboard,11.47,25.0,0.0,26224.352000000006,13.494117647058825,2026-08
101322,2026-08-22,西安,glass,1,2.97,50.2,35.5,23.5,bubble,11.52,144.0,0.0,41879.350000000006,3.8787878787878785,2026-08
101439,2026-04-08,西安,books,0,1.24,34.0,43.9,36.5,bubble,9.93,48.0,0.0,54479.899999999994,8.008064516129032,2026-04
100151,2026-04-06,西安,books,0,1.39,33.0,30.1,10.7,bubble,7.47,37.0,0.0,10628.31,5.374100719424461,2026-04
100473,2026-08-07,深圳,electronics,1,1.27,22.7,10.7,6.8,cardboard,9.82,84.0,0.0,1651.6519999999998,7.73228346456693,2026-08
100641,2026-04-04,深圳,electronics,0,2.22,41.3,24.2,11.0,cardboard,11.26,83.0,0.0,10994.06,5.072072072072071,2026-04
101913,2026-08-29,上海,clothing,0,0.22,43.6,41.2,7.2,cardboard,6.33,25.0,0.0,12933.504,28.772727272727273,2026-08
100551,2026-04-13,北京,electronics,0,2.31,36.9,17.9,15.1,bubble,9.09,83.0,0.0,9973.700999999997,3.935064935064935,2026-04
101984,2026-03-20,西安,electronics,1,1.07,55.7,35.3,10.0,wood,15.13,129.0,0.0,19662.1,14.14018691588785,2026-03
100929,2026-08-31,广州,electronics,0,2.13,30.1,19.6,32.4,bubble,10.26,104.0,0.0,19114.704,4.816901408450704,2026-08
100489,2026-02-18,上海,clothing,0,0.48,46.4,37.4,11.6,cardboard,7.29,25.0,0.0,20130.176,15.1875,2026-02
101840,2026-04-18,武汉,clothing,0,0.35,46.2,43.1,7.7,bubble,6.0,30.0,0.0,15332.394000000002,17.142857142857142,2026-04
101172,2026-05-25,武汉,clothing,0,1.11,37.8,20.0,15.1,wood,14.26,33.0,0.0,11415.6,12.846846846846846,2026-05
100147,2026-02-20,上海,electronics,0,0.999,36.9,17.5,5.2,cardboard,14.65,82.0,0.0,3357.9,14.664664664664665,2026-02
101959,2026-02-03,武汉,glass,1,4.02,27.6,26.8,30.9,cardboard,14.61,160.0,0.0,22856.112,3.6343283582089554,2026-02
100403,2026-07-15,武汉,electronics,1,1.12,28.9,41.6,34.1,wood,14.07,111.0,0.0,40996.384000000005,12.562499999999998,2026-07
100955,2026-08-07,成都,ceramics,0,3.0,48.7,10.7,21.8,bubble,10.03,137.0,0.0,11359.762,3.3433333333333333,2026-08
101908,2026-07-29,广州,ceramics,1,3.59,54.1,19.1,36.0,cardboard,15.25,131.0,0.0,37199.16,4.247910863509749,2026-07
100660,2026-07-25,成都,ceramics,1,1.0,56.1,22.5,35.1,cardboard,10.27,94.0,1.0,44304.975,10.27,2026-07
101373,2026-05-02,武汉,electronics,0,2.77,52.8,16.5,11.1,cardboard,14.98,83.0,0.0,9670.32,5.4079422382671485,2026-05
100464,2026-04-13,杭州,electronics,0,0.6,35.3,15.8,15.1,bubble,6.66,90.0,0.0,8421.874,11.100000000000001,2026-04
101350,2026-06-08,深圳,electronics,0,2.94,57.1,40.4,25.2,bubble,11.68,135.0,0.0,58132.368,3.9727891156462585,2026-06
100187,2026-06-26,西安,books,0,0.34,29.6,26.8,39.2,bubble,7.76,33.0,0.0,31096.576000000005,22.823529411764703,2026-06
101148,2026-03-27,北京,glass,1,1.98,21.1,21.4,11.7,bubble,8.09,188.0,0.0,5283.018,4.085858585858586,2026-03
101225,2026-08-12,武汉,electronics,0,4.0,42.9,25.1,14.2,cardboard,14.53,122.0,0.0,15290.417999999998,3.6325,2026-08
100609,2026-08-03,广州,books,0,0.63,22.5,28.6,26.2,bubble,7.5,52.0,0.0,16859.7,11.904761904761905,2026-08
100144,2026-08-30,杭州,clothing,0,1.49,29.1,24.1,14.4,bubble,9.25,30.0,0.0,10098.864000000001,6.208053691275168,2026-08
100752,2026-06-28,上海,glass,1,2.82,37.7,13.7,10.9,wood,17.19,151.0,0.0,5629.741,6.095744680851064,2026-06
101535,2026-08-15,深圳,electronics,0,2.48,47.5,26.2,18.1,bubble,10.67,125.0,0.0,22525.45,4.30241935483871,2026-08
100982,2026-07-01,广州,electronics,0,0.82,26.9,22.4,38.5,bubble,8.14,105.0,0.0,23198.559999999998,9.926829268292684,2026-07
100198,2026-05-01,西安,electronics,1,2.76,40.5,24.5,33.8,wood,18.19,127.0,0.0,33538.049999999996,6.590579710144929,2026-05
101634,2026-07-06,武汉,electronics,0,0.87,53.6,21.0,9.8,bubble,5.93,101.0,0.0,11030.880000000003,6.816091954022988,2026-07
100884,2026-08-29,成都,electronics,0,0.85,23.1,31.8,28.1,wood,14.49,114.0,0.0,20641.698000000004,17.04705882352941,2026-08
100280,2026-03-15,武汉,clothing,0,1.33,42.5,28.3,14.4,cardboard,10.83,35.0,0.0,17319.600000000002,8.142857142857142,2026-03
100294,2026-02-28,广州,electronics,0,3.42,20.0,28.1,8.5,cardboard,12.01,137.0,0.0,4777.0,3.5116959064327484,2026-02
101852,2026-04-16,北京,electronics,0,3.3,15.5,44.0,9.3,bubble,10.97,116.0,0.0,6342.6,3.3242424242424247,2026-04
100401,2026-06-02,广州,glass,1,3.3,54.4,15.7,18.0,wood,18.38,133.0,0.0,15373.439999999999,5.569696969696969,2026-06
100123,2026-08-17,杭州,glass,1,2.35,50.8,39.3,15.0,wood,17.82,122.0,0.0,29946.6,7.582978723404255,2026-08
101208,2026-05-25,武汉,clothing,0,1.01,22.9,15.3,16.1,bubble,7.44,24.0,0.0,5640.957,7.366336633663367,2026-05
100203,2026-04-29,上海,clothing,1,0.29,30.3,32.9,8.3,cardboard,6.88,39.0,0.0,8274.021,23.724137931034484,2026-04
101463,2026-07-24,上海,books,0,0.36,59.9,42.5,33.1,cardboard,11.89,32.0,0.0,84264.325,33.02777777777778,2026-07
100836,2026-07-13,成都,clothing,0,1.01,48.5,43.1,18.3,cardboard,10.63,24.0,0.0,38253.405,10.524752475247526,2026-07
100247,2026-05-06,杭州,books,0,0.97,53.7,17.9,22.6,cardboard,9.05,45.0,0.0,21723.798000000003,9.329896907216495,2026-05
101440,2026-03-28,上海,glass,1,2.82,44.4,13.4,21.8,bubble,13.62,202.0,0.0,12970.128,4.829787234042553,2026-03
101734,2026-06-29,北京,electronics,0,2.69,16.4,19.5,6.8,bubble,8.49,119.0,0.0,2174.6399999999994,3.156133828996283,2026-06
101780,2026-08-07,上海,glass,0,4.93,18.1,29.8,38.3,cardboard,15.66,137.0,0.0,20658.254000000004,3.1764705882352944,2026-08
101932,2026-05-09,武汉,glass,1,4.34,38.9,39.0,24.8,wood,20.16,130.0,0.0,37624.08,4.645161290322581,2026-05
101708,2026-02-03,杭州,clothing,0,0.95,55.6,13.3,25.0,bubble,6.63,25.0,0.0,18487.0,6.978947368421053,2026-02
101154,2026-03-16,深圳,glass,1,1.87,44.5,28.0,10.3,wood,15.81,185.0,0.0,12833.800000000001,8.454545454545455,2026-03
101662,2026-02-12,杭州,electronics,0,2.75,42.4,19.5,19.5,bubble,8.38,99.0,0.0,16122.599999999999,3.0472727272727274,2026-02
101427,2026-05-07,成都,clothing,0,0.83,15.8,40.1,31.3,bubble,6.42,29.0,0.0,19831.054,7.734939759036145,2026-05
100385,2026-04-23,杭州,ceramics,0,1.75,48.0,37.1,7.4,cardboard,10.76,132.0,0.0,13177.920000000002,6.148571428571429,2026-04
101785,2026-06-02,广州,ceramics,1,3.41,20.1,25.4,36.1,wood,20.37,92.0,0.0,18430.494000000002,5.973607038123167,2026-06
100855,2026-03-11,杭州,clothing,0,0.93,38.7,44.2,6.9,bubble,6.79,27.0,0.0,11802.726000000002,7.301075268817204,2026-03
101590,2026-08-01,深圳,clothing,0,0.48,42.4,19.4,24.9,cardboard,8.84,38.0,0.0,20481.744,18.416666666666668,2026-08
100220,2026-07-23,北京,ceramics,1,2.605,38.7,12.4,37.6,wood,15.96,125.0,0.0,18043.488,6.126679462571977,2026-07
100642,2026-07-17,上海,clothing,0,1.14,46.9,33.3,12.6,bubble,7.9,32.0,0.0,19678.301999999996,6.929824561403509,2026-07
100002,2026-06-20,广州,books,0,2.04,25.2,29.4,7.2,bubble,9.41,50.0,0.0,5334.336,4.612745098039215,2026-06
100113,2026-08-14,杭州,electronics,1,2.4,53.7,21.2,17.6,wood,15.96,95.0,0.0,20036.544,6.65,2026-08
100699,2026-07-07,杭州,ceramics,1,1.98,41.0,15.6,22.4,wood,16.88,105.0,0.0,14327.039999999999,8.525252525252524,2026-07
101946,2026-02-19,广州,books,0,0.55,19.9,18.6,18.7,bubble,5.14,35.0,0.0,6921.6179999999995,9.345454545454544,2026-02
100952,2026-07-17,西安,electronics,1,3.36,59.7,32.3,13.9,wood,17.34,106.0,0.0,26803.509,5.160714285714286,2026-07
101649,2026-01-04,武汉,glass,1,4.1,49.8,19.9,5.5,bubble,13.48,193.0,0.0,5450.61,3.2878048780487807,2026-01
101775,2026-04-18,上海,clothing,0,0.97,18.7,35.9,7.1,bubble,6.14,27.0,0.0,4766.442999999999,6.329896907216495,2026-04
101411,2026-06-13,深圳,ceramics,1,1.64,24.7,29.4,17.4,bubble,6.64,121.0,0.0,12635.531999999997,4.048780487804878,2026-06
101410,2026-05-19,广州,books,0,2.85,49.9,13.7,23.2,bubble,10.7,54.0,0.0,15860.215999999999,3.7543859649122804,2026-05
101534,2026-08-25,广州,electronics,0,3.96,57.1,25.2,9.7,bubble,12.14,131.0,0.0,13957.524,3.0656565656565657,2026-08
101292,2026-08-21,北京,glass,1,4.67,24.1,16.9,20.6,cardboard,16.16,177.0,0.0,8390.173999999999,3.4603854389721627,2026-08
101901,2026-07-15,杭州,clothing,0,1.25,44.4,15.9,39.2,bubble,9.4,38.0,0.0,27673.632000000005,7.5200000000000005,2026-07
100442,2026-02-19,深圳,electronics,0,1.75,27.2,37.1,28.2,bubble,7.99,94.0,0.0,28457.184,4.565714285714286,2026-02
101521,2026-04-10,武汉,ceramics,1,2.07,37.5,18.8,23.4,cardboard,11.47,133.0,0.0,16497.0,5.541062801932368,2026-04
101137,2026-05-19,杭州,ceramics,1,4.27,21.9,35.0,5.4,cardboard,14.13,90.0,0.0,4139.1,3.3091334894613587,2026-05
101716,2026-06-26,北京,clothing,0,1.37,46.7,18.8,15.2,bubble,9.2,38.0,0.0,13344.992,6.715328467153284,2026-06
101257,2026-05-27,广州,clothing,0,0.99,49.3,17.3,35.7,cardboard,11.71,32.0,0.0,30448.173000000003,11.828282828282829,2026-05
101893,2026-05-15,成都,ceramics,1,2.3,42.2,15.5,15.0,cardboard,11.11,120.0,0.0,9811.5,4.8304347826086955,2026-05
101632,2026-08-14,西安,electronics,0,4.45,42.1,44.2,35.6,cardboard,18.74,112.0,0.0,66245.19200000001,4.211235955056179,2026-08
101696,2026-08-09,北京,ceramics,1,1.38,57.2,33.4,22.4,cardboard,9.93,93.0,0.0,42794.752,7.195652173913044,2026-08
101398,2026-02-03,广州,books,0,1.02,22.4,34.0,24.5,bubble,7.77,36.0,0.0,18659.199999999997,7.617647058823529,2026-02
101258,2026-07-22,深圳,glass,1,1.58,29.2,27.8,35.2,bubble,8.44,160.0,0.0,28573.952,5.341772151898733,2026-07
101801,2026-07-06,西安,books,0,2.01,49.2,42.7,21.7,bubble,10.52,38.0,0.0,45588.228,5.233830845771145,2026-07
101701,2026-05-16,北京,electronics,0,4.51,15.2,17.7,29.2,bubble,11.75,125.0,0.0,7855.967999999999,2.6053215077605323,2026-05
100318,2026-08-24,杭州,electronics,0,4.35,51.7,35.1,22.05,wood,21.93,104.0,0.0,40013.4735,5.041379310344828,2026-08
100649,2026-07-23,杭州,electronics,0,4.33,49.4,35.5,26.0,cardboard,15.92,111.0,0.0,45596.200000000004,3.676674364896074,2026-07
101435,2026-04-20,武汉,clothing,1,1.27,23.9,32.9,26.8,wood,13.78,25.0,0.0,21073.108,10.8503937007874,2026-04
101480,2026-07-25,成都,electronics,0,3.66,54.4,36.6,23.2,cardboard,13.0,137.0,0.0,46192.128,3.551912568306011,2026-07
100710,2026-08-12,武汉,ceramics,0,3.24,44.2,30.2,16.1,cardboard,13.21,92.0,0.0,21490.924000000003,4.077160493827161,2026-08
101383,2026-01-04,北京,electronics,1,2.78,45.4,31.8,30.6,cardboard,14.32,128.0,0.0,44177.832,5.151079136690648,2026-01
101283,2026-03-26,杭州,clothing,0,1.44,47.5,26.8,25.9,bubble,6.76,38.0,0.0,32970.7,4.694444444444445,2026-03
101769,2026-04-20,西安,glass,1,4.11,53.7,21.1,35.5,bubble,14.07,132.0,0.0,40223.98500000001,3.4233576642335763,2026-04
100973,2026-06-11,西安,electronics,0,2.78,40.4,16.1,14.8,wood,16.47,139.0,0.0,9626.512,5.924460431654676,2026-06
100628,2026-02-10,武汉,ceramics,1,3.27,54.9,22.2,27.9,cardboard,13.63,125.0,0.0,34003.962,4.1681957186544345,2026-02
100633,2026-06-21,武汉,ceramics,1,1.44,49.8,22.7,13.7,cardboard,9.6,81.0,0.0,15487.301999999996,6.666666666666667,2026-06
101307,2026-02-24,西安,clothing,0,0.49,23.7,35.0,9.4,cardboard,8.65,37.0,0.0,7797.3,17.653061224489797,2026-02
101401,2026-08-24,西安,ceramics,1,4.24,32.2,22.2,22.7,wood,18.69,98.0,0.0,16226.868,4.408018867924528,2026-08
101409,2026-04-20,广州,clothing,0,0.31,20.7,32.2,28.6,bubble,7.18,33.0,0.0,19063.044,23.161290322580644,2026-04
101249,2026-03-13,成都,electronics,0,4.4,23.7,24.7,21.0,cardboard,14.92,98.0,0.0,12293.19,3.3909090909090907,2026-03
101983,2026-02-25,武汉,glass,1,3.19,59.0,35.4,39.6,wood,22.09,186.0,0.0,82708.56,6.924764890282132,2026-02
101255,2026-08-24,上海,books,0,2.76,19.3,33.7,17.0,bubble,10.17,32.0,0.0,11056.970000000001,3.6847826086956523,2026-08
101497,2026-04-27,武汉,books,0,1.66,17.1,29.2,28.3,bubble,9.08,49.0,0.0,14130.756000000001,5.46987951807229,2026-04
101372,2026-02-01,杭州,glass,1,4.96,38.9,12.3,37.3,wood,19.57,144.0,0.0,17846.931,3.9455645161290325,2026-02
101530,2026-02-25,武汉,clothing,0,0.9,50.8,23.8,13.6,bubble,7.05,38.0,0.0,16442.944,7.833333333333333,2026-02
101664,2026-04-17,广州,glass,1,3.55,27.5,21.6,7.9,wood,17.49,207.0,0.0,4692.6,4.926760563380282,2026-04
101355,2026-06-09,武汉,glass,1,1.8,36.1,38.3,21.0,cardboard,11.73,137.0,0.0,29035.229999999996,6.516666666666667,2026-06
101956,2026-01-10,深圳,electronics,0,0.68,16.0,12.9,11.9,cardboard,7.47,114.0,0.0,2456.1600000000003,10.985294117647058,2026-01
101931,2026-03-26,广州,electronics,0,2.72,29.0,42.9,14.9,bubble,9.51,130.0,0.0,18537.09,3.4963235294117645,2026-03
101644,2026-01-25,上海,electronics,1,3.43,41.8,39.2,30.4,wood,18.83,100.0,0.0,49812.223999999995,5.489795918367347,2026-01
101878,2026-02-04,杭州,ceramics,1,1.91,38.2,37.3,7.4,cardboard,11.6,99.0,0.0,10543.964,6.0732984293193715,2026-02
100796,2026-01-20,成都,glass,1,2.57,40.4,12.8,8.6,bubble,8.44,187.0,0.0,4447.232,3.2840466926070038,2026-01
101013,2026-07-24,杭州,electronics,0,4.58,26.9,16.6,30.2,cardboard,15.0,129.0,0.0,13485.508,3.2751091703056767,2026-07
101868,2026-07-08,北京,ceramics,1,4.28,36.6,37.6,17.6,wood,20.65,120.0,0.0,24220.416000000005,4.824766355140186,2026-07
100557,2026-07-30,上海,ceramics,1,1.23,47.6,19.2,16.5,cardboard,7.6,91.0,0.0,15079.679999999998,6.178861788617886,2026-07
100682,2026-08-10,广州,ceramics,1,2.605,17.7,34.4,30.1,wood,17.72,120.0,0.0,18327.288,6.802303262955854,2026-08
100578,2026-03-09,北京,ceramics,1,2.72,31.2,25.1,12.2,cardboard,11.21,132.0,0.0,9554.064,4.1213235294117645,2026-03
101820,2026-02-16,广州,clothing,0,0.33,31.3,31.2,34.3,cardboard,9.51,35.0,0.0,33496.007999999994,28.818181818181817,2026-02
101110,2026-03-18,西安,electronics,1,1.5,54.4,31.3,22.5,cardboard,10.67,84.0,0.0,38311.2,7.113333333333333,2026-03
101267,2026-05-27,西安,books,0,2.55,25.2,23.6,31.3,bubble,10.3,36.0,0.0,18614.736,4.0392156862745106,2026-05
101723,2026-01-23,北京,electronics,1,3.23,54.0,14.3,29.7,wood,18.57,81.0,0.0,22934.34,5.74922600619195,2026-01
101184,2026-03-26,北京,books,0,2.93,47.4,43.7,32.3,cardboard,13.47,55.0,0.0,66905.574,4.597269624573379,2026-03
100525,2026-07-17,西安,clothing,0,0.91,59.8,44.8,21.3,cardboard,9.79,37.0,0.0,57063.55199999999,10.758241758241757,2026-07
101060,2026-07-29,西安,clothing,0,0.21,57.5,27.7,17.8,cardboard,9.11,39.0,0.0,28350.95,43.38095238095238,2026-07
100541,2026-08-28,深圳,glass,1,0.99,39.6,12.6,28.4,cardboard,7.96,134.0,1.0,14170.463999999998,8.04040404040404,2026-08
101195,2026-07-11,西安,electronics,0,1.43,27.8,32.0,11.4,cardboard,8.74,93.0,0.0,10141.44,6.1118881118881125,2026-07
101679,2026-03-07,杭州,electronics,0,1.8,56.2,21.5,29.4,wood,18.27,134.0,0.0,35524.02,10.15,2026-03
100749,2026-05-11,武汉,electronics,0,0.83,32.8,14.8,30.6,cardboard,10.33,92.0,0.0,14854.464,12.44578313253012,2026-05
101899,2026-05-29,深圳,ceramics,1,0.82,50.7,23.8,17.3,cardboard,8.39,91.0,0.0,20875.218,10.231707317073171,2026-05
101431,2026-05-03,北京,books,0,1.66,28.1,10.2,34.9,bubble,8.9,55.0,0.0,10003.038,5.36144578313253,2026-05
100485,2026-06-22,杭州,electronics,0,2.11,45.0,39.0,14.7,bubble,8.95,132.0,0.0,25798.5,4.241706161137441,2026-06
101758,2026-07-20,西安,clothing,0,0.95,42.5,18.1,8.2,bubble,9.76,40.0,0.0,6307.85,10.273684210526316,2026-07
100096,2026-05-13,成都,electronics,1,3.51,21.2,19.9,28.6,wood,18.54,112.0,0.0,12065.767999999998,5.282051282051282,2026-05
101021,2026-07-10,上海,ceramics,1,3.84,37.1,18.8,23.5,wood,17.98,94.0,0.0,16390.78,4.682291666666667,2026-07
100564,2026-03-26,成都,electronics,0,0.64,48.7,23.4,26.0,cardboard,11.15,112.0,0.0,29629.079999999998,17.421875,2026-03
101265,2026-07-10,武汉,clothing,0,0.85,49.3,24.5,34.8,bubble,9.53,40.0,0.0,42033.17999999999,11.211764705882352,2026-07
100743,2026-02-16,成都,glass,1,1.87,16.5,24.0,37.5,cardboard,13.39,192.0,0.0,14850.0,7.160427807486631,2026-02
100864,2026-07-18,杭州,clothing,0,0.43,31.2,20.7,9.8,bubble,5.38,24.0,0.0,6329.232,12.511627906976743,2026-07
101599,2026-01-15,上海,glass,1,0.95,42.2,22.2,28.3,wood,15.22,204.0,0.0,26512.572,16.02105263157895,2026-01
101715,2026-04-02,深圳,clothing,0,0.95,50.3,12.3,26.3,bubble,7.52,40.0,0.0,16271.547000000002,7.91578947368421,2026-04
101485,2026-06-01,北京,glass,1,4.0,56.5,17.0,16.0,wood,19.5,148.0,0.0,15368.0,4.875,2026-06
100892,2026-02-16,上海,books,0,1.74,17.1,41.8,22.4,bubble,10.13,51.0,0.0,16011.071999999998,5.82183908045977,2026-02
101578,2026-01-22,杭州,clothing,0,0.83,56.9,38.1,10.3,bubble,7.77,36.0,0.0,22329.267,9.36144578313253,2026-01
101039,2026-07-09,广州,electronics,0,0.73,50.5,19.0,29.2,wood,14.01,137.0,0.0,28017.399999999998,19.19178082191781,2026-07
100207,2026-04-29,深圳,ceramics,1,3.07,37.1,11.3,24.5,cardboard,13.24,118.0,0.0,10271.135,4.312703583061889,2026-04
100393,2026-03-20,北京,books,0,2.43,36.6,29.3,26.6,bubble,9.73,45.0,0.0,28525.308000000005,4.004115226337449,2026-03
100795,2026-02-07,成都,clothing,0,0.38,22.5,23.7,11.8,cardboard,9.28,28.0,0.0,6292.35,24.421052631578945,2026-02
100871,2026-02-13,杭州,clothing,0,0.33,37.2,27.0,11.3,bubble,6.96,33.0,0.0,11349.720000000001,21.09090909090909,2026-02
100398,2026-07-08,广州,electronics,1,2.8,22.6,35.3,11.8,wood,16.56,111.0,0.0,9413.804,5.914285714285715,2026-07
100767,2026-05-03,上海,clothing,0,0.23,20.0,37.7,38.0,bubble,8.11,41.0,0.0,28652.0,35.26086956521739,2026-05
101870,2026-02-12,成都,glass,1,2.33,34.6,30.2,37.2,bubble,13.04,169.0,0.0,38871.024000000005,5.59656652360515,2026-02
101242,2026-06-25,广州,glass,1,3.06,21.7,11.0,30.3,wood,15.55,166.0,0.0,7232.61,5.0816993464052285,2026-06
101029,2026-03-08,上海,books,0,1.42,16.6,18.6,21.7,cardboard,9.79,46.0,0.0,6700.092000000001,6.894366197183098,2026-03
101793,2026-02-11,西安,electronics,0,1.53,31.7,19.7,31.4,bubble,8.93,92.0,0.0,19608.986,5.836601307189542,2026-02
100643,2026-02-21,广州,books,0,0.61,52.8,37.8,12.3,bubble,7.24,49.0,0.0,24548.832,11.868852459016393,2026-02
101922,2026-05-12,北京,electronics,1,2.41,48.8,28.8,20.1,cardboard,11.14,133.0,0.0,28249.344000000005,4.622406639004149,2026-05
100613,2026-03-29,武汉,ceramics,1,2.75,15.8,19.5,32.2,cardboard,11.53,84.0,0.0,9920.820000000002,4.192727272727272,2026-03
101763,2026-05-15,西安,ceramics,1,1.75,28.4,21.8,35.0,cardboard,9.32,134.0,0.0,21669.2,5.325714285714286,2026-05
100961,2026-08-28,深圳,glass,1,2.61,58.7,27.4,25.1,cardboard,11.3,175.0,0.0,40370.337999999996,4.329501915708812,2026-08
101571,2026-07-14,上海,glass,1,2.99,56.0,21.1,38.6,cardboard,13.48,183.0,0.0,45609.76000000001,4.508361204013378,2026-07
100726,2026-08-19,广州,electronics,1,4.39,21.1,26.8,13.1,wood,20.25,133.0,0.0,7407.7880000000005,4.612756264236903,2026-08
100684,2026-04-23,西安,electronics,0,0.89,30.0,43.7,22.8,cardboard,7.79,96.0,0.0,29890.8,8.752808988764045,2026-04
100099,2026-06-04,广州,books,0,2.58,49.4,36.7,21.8,bubble,9.73,47.0,0.0,39522.964,3.7713178294573644,2026-06
100805,2026-01-10,武汉,ceramics,1,1.05,33.3,24.1,27.7,wood,15.4,80.0,0.0,22230.081,14.666666666666666,2026-01
101752,2026-04-17,武汉,ceramics,1,0.97,26.8,29.2,19.0,wood,14.27,134.0,0.0,14868.64,14.711340206185566,2026-04
101598,2026-02-01,成都,electronics,0,2.64,23.0,14.0,7.4,cardboard,11.46,87.0,0.0,2382.8,4.340909090909091,2026-02
100407,2026-04-19,深圳,books,0,1.05,37.3,32.9,23.8,cardboard,11.91,55.0,0.0,29206.645999999997,11.342857142857142,2026-04
101072,2026-08-16,成都,ceramics,1,3.06,52.9,43.7,21.3,wood,20.37,109.0,0.0,49239.849,6.6568627450980395,2026-08
101057,2026-05-21,深圳,clothing,0,0.3,41.6,16.4,25.4,bubble,7.84,39.0,0.0,17328.896,26.133333333333333,2026-05
100930,2026-01-28,西安,electronics,0,1.56,36.9,11.7,18.6,cardboard,10.44,127.0,0.0,8030.178,6.692307692307692,2026-01
100780,2026-06-10,深圳,glass,1,3.48,54.2,26.0,7.7,wood,17.75,178.0,0.0,10850.84,5.100574712643678,2026-06
101864,2026-06-25,深圳,glass,1,4.12,32.5,44.8,25.6,wood,19.62,149.0,0.0,37273.6,4.762135922330097,2026-06
100201,2026-07-07,西安,glass,1,3.27,22.0,13.6,40.0,wood,18.41,163.0,0.0,11968.0,5.629969418960244,2026-07
100135,2026-05-01,西安,glass,1,2.81,41.7,27.4,22.15,wood,17.81,162.0,0.0,25308.146999999997,6.338078291814946,2026-05
101052,2026-08-08,广州,books,0,2.4,24.4,24.8,13.3,cardboard,11.44,42.0,0.0,8048.0960000000005,4.766666666666667,2026-08
100041,2026-04-22,成都,clothing,0,0.45,59.1,31.4,6.9,bubble,5.32,39.0,0.0,12804.606000000002,11.822222222222223,2026-04
101018,2026-05-08,广州,ceramics,1,3.66,22.0,13.2,36.1,wood,18.43,126.0,0.0,10483.439999999999,5.03551912568306,2026-05
100231,2026-02-03,杭州,books,0,1.88,15.6,27.8,22.8,bubble,9.35,37.0,0.0,9887.904,4.973404255319149,2026-02
101514,2026-01-03,深圳,ceramics,1,4.2,54.9,23.2,14.5,wood,18.62,117.0,0.0,18468.359999999997,4.433333333333334,2026-01
101797,2026-02-02,上海,books,0,2.31,44.5,42.8,7.7,cardboard,9.85,48.0,0.0,14665.42,4.2640692640692635,2026-02
100379,2026-03-15,西安,clothing,0,0.72,15.9,24.1,23.8,cardboard,10.02,36.0,0.0,9119.922000000002,13.916666666666666,2026-03
100289,2026-07-18,深圳,clothing,0,1.48,54.0,22.8,5.2,cardboard,9.73,28.0,0.0,6402.240000000001,6.574324324324325,2026-07
100419,2026-01-18,成都,books,0,2.06,53.6,17.6,8.7,cardboard,10.01,39.0,0.0,8207.232,4.859223300970873,2026-01
101699,2026-03-03,上海,clothing,0,0.84,39.2,30.9,36.2,cardboard,10.56,27.0,0.0,43848.336,12.571428571428573,2026-03
100392,2026-04-19,杭州,electronics,0,2.99,43.2,28.2,32.9,bubble,11.65,80.0,0.0,40080.096,3.8963210702341136,2026-04
100593,2026-04-24,北京,glass,1,0.91,27.3,44.7,29.7,wood,14.33,164.0,0.0,36243.207,15.747252747252746,2026-04
101523,2026-01-03,上海,electronics,0,2.71,34.6,28.1,6.4,bubble,10.99,80.0,0.0,6222.464000000001,4.055350553505535,2026-01
101163,2026-07-07,武汉,books,0,2.86,44.8,11.2,14.3,bubble,10.65,54.0,0.0,7175.168,3.723776223776224,2026-07
101087,2026-06-13,杭州,clothing,0,0.49,19.7,18.4,7.6,cardboard,8.59,39.0,0.0,2754.8479999999995,17.53061224489796,2026-06
101496,2026-03-28,杭州,clothing,0,0.85,51.5,38.8,24.8,bubble,10.03,41.0,0.0,49555.35999999999,11.799999999999999,2026-03
100648,2026-03-02,武汉,electronics,0,2.4,21.1,18.1,29.9,bubble,9.19,122.0,0.0,11419.109000000002,3.8291666666666666,2026-03
101153,2026-04-14,上海,clothing,0,1.2,47.4,34.4,28.5,bubble,9.18,28.0,0.0,46470.96,7.65,2026-04
101368,2026-06-14,成都,clothing,0,0.26,55.0,16.1,26.9,wood,14.46,34.0,0.0,23819.95,55.61538461538462,2026-06
100521,2026-07-30,武汉,ceramics,1,4.11,42.6,33.4,37.0,bubble,14.12,118.0,0.0,52645.079999999994,3.4355231143552305,2026-07
101863,2026-08-02,上海,electronics,0,4.39,58.2,43.8,29.0,cardboard,16.86,107.0,0.0,73925.64,3.8405466970387243,2026-08
101881,2026-07-31,深圳,glass,1,2.79,18.5,27.4,31.9,cardboard,14.65,143.0,1.0,16170.109999999999,5.250896057347671,2026-07
100065,2026-02-11,杭州,clothing,0,1.22,59.8,33.6,33.5,bubble,9.82,27.0,0.0,67310.88,8.049180327868854,2026-02
101837,2026-03-28,西安,clothing,0,0.59,52.4,32.6,26.4,cardboard,8.61,32.0,0.0,45097.536,14.59322033898305,2026-03
100015,2026-02-04,杭州,electronics,0,3.53,47.7,36.9,8.8,cardboard,12.92,82.0,0.0,15489.144000000002,3.6600566572237963,2026-02
101181,2026-07-31,成都,ceramics,1,2.37,35.4,31.2,39.5,wood,18.14,90.0,0.0,43626.96,7.654008438818566,2026-07
101065,2026-08-03,广州,clothing,0,0.44,58.4,14.1,34.3,bubble,7.44,38.0,0.0,28243.991999999995,16.90909090909091,2026-08
100493,2026-01-03,深圳,glass,1,4.1,44.1,43.3,33.6,cardboard,17.76,152.0,0.0,64160.208,4.331707317073172,2026-01
100380,2026-03-26,深圳,electronics,0,4.05,59.4,32.9,36.5,cardboard,18.07,121.0,0.0,71330.48999999999,4.461728395061729,2026-03
100188,2026-02-09,深圳,electronics,1,2.77,56.9,27.6,39.0,wood,19.62,131.0,0.0,61247.16,7.0830324909747295,2026-02
100764,2026-01-04,武汉,ceramics,1,3.16,52.2,43.0,35.0,wood,19.88,96.0,0.0,78561.0,6.291139240506329,2026-01
100217,2026-07-26,杭州,clothing,0,0.51,17.1,36.7,39.6,wood,14.89,25.0,0.0,24851.772000000004,29.19607843137255,2026-07
100792,2026-01-27,上海,clothing,0,0.84,37.8,42.4,39.7,bubble,8.61,30.0,0.0,63627.984,10.25,2026-01
101077,2026-08-16,北京,books,0,2.99,31.5,30.3,17.3,bubble,9.76,37.0,0.0,16511.985,3.264214046822742,2026-08
100879,2026-05-01,北京,glass,1,2.51,58.1,20.1,9.9,wood,16.72,197.0,0.0,11561.319000000001,6.661354581673307,2026-05
100338,2026-05-18,杭州,clothing,0,1.49,52.5,35.6,33.1,bubble,11.67,35.0,0.0,61863.9,7.832214765100671,2026-05
101773,2026-01-21,成都,glass,1,4.18,46.9,31.8,28.6,wood,20.71,170.0,0.0,42654.612,4.954545454545455,2026-01
100720,2026-02-03,上海,electronics,1,2.48,28.3,29.5,7.5,cardboard,11.72,98.0,0.0,6261.375,4.725806451612904,2026-02
101749,2026-07-27,北京,electronics,0,2.81,29.8,13.5,37.2,bubble,9.58,114.0,0.0,14965.560000000001,3.409252669039146,2026-07
100296,2026-02-17,北京,glass,1,4.88,37.0,11.3,33.1,wood,19.0,170.0,0.0,13839.11,3.8934426229508197,2026-02
101726,2026-05-20,杭州,books,1,1.88,19.2,33.5,25.6,cardboard,10.62,43.0,0.0,16465.92,5.648936170212766,2026-05
101017,2026-08-25,上海,electronics,1,3.81,23.0,14.1,10.7,cardboard,13.31,128.0,0.0,3470.0099999999998,3.493438320209974,2026-08
101276,2026-08-14,上海,clothing,0,1.44,17.5,28.1,18.2,bubble,6.73,26.0,0.0,8949.85,4.673611111111112,2026-08
101751,2026-07-18,武汉,glass,1,3.96,53.4,34.1,21.7,wood,20.71,123.0,0.0,39514.398,5.22979797979798,2026-07
101486,2026-05-10,上海,glass,1,2.9,31.6,32.5,36.2,wood,18.86,193.0,0.0,37177.4,6.503448275862069,2026-05
100456,2026-04-24,成都,clothing,0,0.46,36.9,31.0,20.3,bubble,6.45,39.0,0.0,23221.17,14.021739130434783,2026-04
100816,2026-01-10,深圳,ceramics,1,2.605,16.4,23.5,35.9,bubble,11.84,101.0,0.0,13835.859999999999,4.54510556621881,2026-01
101887,2026-04-27,广州,clothing,0,0.65,40.9,44.7,21.4,bubble,6.81,28.0,0.0,39124.121999999996,10.476923076923075,2026-04
100270,2026-03-05,西安,ceramics,1,1.75,27.8,30.1,11.4,cardboard,9.74,87.0,0.0,9539.292000000001,5.565714285714286,2026-03
100996,2026-04-18,杭州,ceramics,1,2.3,56.1,24.0,26.3,cardboard,12.82,93.0,0.0,35410.32000000001,5.573913043478261,2026-04
100202,2026-07-28,广州,electronics,0,1.01,29.2,22.4,20.8,bubble,7.0,133.0,0.0,13604.864,6.930693069306931,2026-07
100162,2026-07-14,武汉,ceramics,1,3.44,36.0,15.9,32.9,wood,18.56,94.0,0.0,18831.96,5.395348837209302,2026-07
101580,2026-08-24,成都,clothing,0,1.19,28.0,31.4,13.6,cardboard,7.85,37.0,0.0,11957.119999999999,6.5966386554621845,2026-08
100730,2026-06-15,成都,glass,1,2.87,22.7,24.4,34.4,cardboard,13.14,138.0,0.0,19053.471999999998,4.578397212543554,2026-06
100402,2026-03-03,深圳,clothing,1,0.9,38.0,20.7,11.3,wood,12.94,34.0,0.0,8888.58,14.377777777777776,2026-03
100703,2026-05-19,武汉,glass,1,2.93,56.0,37.5,25.4,cardboard,13.88,145.0,0.0,53340.0,4.737201365187714,2026-05
101501,2026-05-02,深圳,electronics,0,4.14,22.4,24.3,35.9,cardboard,14.16,139.0,0.0,19541.087999999996,3.420289855072464,2026-05
101796,2026-07-29,深圳,glass,1,2.04,53.1,34.5,15.4,wood,16.78,151.0,0.0,28212.030000000002,8.225490196078432,2026-07
101130,2026-06-23,杭州,glass,1,1.48,51.5,25.7,14.8,cardboard,9.76,183.0,0.0,19588.54,6.594594594594595,2026-06
100566,2026-05-01,杭州,glass,1,4.61,25.2,22.3,7.6,cardboard,15.37,195.0,0.0,4270.896,3.3340563991323204,2026-05
101414,2026-01-21,武汉,ceramics,0,1.94,41.2,26.2,7.7,cardboard,12.16,86.0,0.0,8311.688,6.268041237113402,2026-01
101022,2026-06-25,北京,glass,1,1.01,36.9,19.4,24.6,cardboard,9.58,145.0,0.0,17610.156,9.485148514851485,2026-06
101026,2026-05-20,北京,clothing,0,1.03,58.2,39.7,32.1,bubble,9.81,39.0,0.0,74168.33400000002,9.524271844660195,2026-05
101412,2026-01-13,杭州,ceramics,1,3.21,54.0,18.7,7.0,wood,18.68,134.0,0.0,7068.599999999999,5.8193146417445485,2026-01
101896,2026-07-24,深圳,clothing,0,0.85,36.3,20.7,32.9,cardboard,10.58,29.0,0.0,24721.389,12.447058823529412,2026-07
101586,2026-07-13,成都,electronics,0,2.13,58.3,20.3,26.9,cardboard,14.5,119.0,0.0,31835.880999999998,6.807511737089202,2026-07
101105,2026-07-09,广州,electronics,0,3.26,28.0,29.4,38.3,cardboard,14.97,133.0,0.0,31528.559999999994,4.592024539877301,2026-07
100206,2026-07-22,武汉,glass,0,3.73,19.2,29.7,9.4,cardboard,13.25,185.0,0.0,5360.256,3.552278820375335,2026-07
100035,2026-02-04,深圳,electronics,0,1.17,32.2,35.5,24.4,bubble,7.44,108.0,0.0,27891.640000000003,6.3589743589743595,2026-02
100776,2026-02-23,武汉,glass,1,2.92,48.5,33.2,26.3,wood,19.08,183.0,0.0,42348.26,6.534246575342466,2026-02
100509,2026-03-13,成都,glass,1,3.03,56.0,29.2,24.5,cardboard,14.12,158.0,0.0,40062.4,4.66006600660066,2026-03
101452,2026-07-03,上海,electronics,0,3.19,58.0,21.9,31.2,cardboard,13.39,101.0,0.0,39630.23999999999,4.197492163009405,2026-07
101479,2026-08-21,深圳,ceramics,1,2.06,44.2,25.0,19.9,wood,16.28,93.0,0.0,21989.5,7.902912621359223,2026-08
101391,2026-04-25,成都,ceramics,1,2.01,29.2,19.6,8.5,cardboard,11.27,130.0,0.0,4864.72,5.606965174129353,2026-04
100092,2026-05-30,西安,electronics,0,3.35,29.4,35.4,21.1,bubble,11.05,108.0,0.0,21960.036,3.298507462686567,2026-05
101364,2026-08-31,上海,ceramics,1,3.82,36.0,33.1,25.6,wood,19.79,90.0,0.0,30504.960000000006,5.180628272251309,2026-08
100898,2026-08-22,武汉,clothing,0,0.25,37.7,10.4,36.4,bubble,5.59,35.0,0.0,14271.712000000001,22.36,2026-08
100565,2026-02-25,深圳,electronics,0,2.46,40.4,15.1,22.8,cardboard,9.04,98.0,0.0,13908.912,3.6747967479674792,2026-02
101370,2026-01-10,上海,ceramics,1,1.99,50.8,30.1,38.5,wood,19.78,129.0,0.0,58869.579999999994,9.939698492462313,2026-01
100777,2026-04-22,广州,electronics,0,3.55,54.4,20.7,13.5,cardboard,15.24,104.0,0.0,15202.079999999998,4.292957746478874,2026-04
100242,2026-05-17,武汉,books,0,1.36,25.2,39.4,18.9,cardboard,10.32,43.0,0.0,18765.431999999997,7.588235294117647,2026-05
100014,2026-03-15,杭州,ceramics,1,2.55,38.4,25.4,5.8,wood,17.43,88.0,0.0,5657.087999999999,6.835294117647059,2026-03
100316,2026-03-13,杭州,books,0,1.49,33.4,29.3,20.1,bubble,6.51,54.0,0.0,19670.262000000002,4.369127516778524,2026-03
100601,2026-05-31,北京,books,0,0.64,26.0,19.3,33.3,bubble,7.19,42.0,1.0,16709.94,11.234375,2026-05
100388,2026-04-25,深圳,clothing,0,0.57,38.0,24.8,33.5,bubble,8.1,41.0,0.0,31570.399999999998,14.210526315789474,2026-04
101298,2026-05-11,深圳,clothing,0,0.38,40.2,43.5,28.0,cardboard,10.07,40.0,0.0,48963.6,26.5,2026-05
100167,2026-06-22,北京,glass,1,4.84,37.3,13.3,5.0,wood,20.1,186.0,0.0,2480.45,4.152892561983472,2026-06
100841,2026-03-02,北京,books,0,0.61,21.8,35.0,21.4,bubble,7.24,52.0,0.0,16328.199999999999,11.868852459016393,2026-03
100021,2026-06-25,上海,glass,1,2.85,27.9,42.4,5.9,bubble,10.15,129.0,0.0,6979.463999999999,3.56140350877193,2026-06
100647,2026-04-15,成都,electronics,0,4.8,59.9,21.1,21.1,cardboard,17.86,107.0,0.0,26668.079000000005,3.720833333333333,2026-04
101843,2026-08-15,西安,electronics,0,0.8,56.7,45.0,10.0,cardboard,8.93,109.0,0.0,25515.0,11.1625,2026-08
101509,2026-03-21,北京,clothing,0,1.11,44.9,10.2,29.5,bubble,7.15,26.0,0.0,13510.409999999998,6.441441441441441,2026-03
101155,2026-08-15,成都,electronics,1,1.83,58.8,13.4,9.4,wood,17.11,106.0,0.0,7406.448,9.349726775956283,2026-08
101529,2026-04-03,深圳,clothing,0,0.6,44.6,38.5,10.8,cardboard,8.85,26.0,0.0,18544.680000000004,14.75,2026-04
100832,2026-04-02,成都,glass,1,4.44,37.1,23.9,26.4,wood,18.21,135.0,0.0,23408.615999999998,4.101351351351351,2026-04
101268,2026-03-04,深圳,glass,0,4.33,46.3,17.9,33.0,cardboard,14.61,164.0,0.0,27349.409999999996,3.3741339491916857,2026-03
101591,2026-01-01,武汉,glass,1,3.41,33.1,43.0,35.7,cardboard,14.57,180.0,0.0,50811.810000000005,4.2727272727272725,2026-01
101900,2026-04-09,武汉,ceramics,1,0.82,43.4,41.7,20.4,cardboard,9.24,87.0,0.0,36919.511999999995,11.26829268292683,2026-04
100563,2026-04-05,深圳,electronics,0,2.37,35.7,44.6,22.7,cardboard,13.24,120.0,0.0,36143.39400000001,5.586497890295359,2026-04
101982,2026-07-13,深圳,electronics,1,1.37,47.4,25.9,6.6,wood,14.23,95.0,0.0,8102.555999999999,10.386861313868613,2026-07
100687,2026-02-22,广州,glass,1,2.04,43.5,41.7,39.2,wood,18.66,126.0,0.0,71106.84000000001,9.147058823529411,2026-02
100958,2026-04-20,广州,books,0,0.88,49.6,42.2,18.8,cardboard,11.5,52.0,0.0,39350.65600000001,13.068181818181818,2026-04
100190,2026-03-06,上海,electronics,0,3.54,30.7,35.1,21.3,cardboard,12.43,114.0,0.0,22952.240999999998,3.5112994350282483,2026-03
101807,2026-08-27,上海,ceramics,1,1.02,32.8,43.3,12.3,cardboard,9.63,117.0,0.0,17468.951999999997,9.441176470588236,2026-08
100976,2026-06-12,西安,glass,1,1.47,37.3,16.3,27.6,wood,16.47,163.0,0.0,16780.524,11.204081632653061,2026-06
100700,2026-01-07,杭州,electronics,0,2.58,34.6,37.3,19.9,bubble,11.9,82.0,0.0,25682.541999999998,4.612403100775194,2026-01
101500,2026-07-15,杭州,clothing,0,0.41,36.7,27.9,11.9,cardboard,6.88,24.0,0.0,12184.767000000002,16.78048780487805,2026-07
101706,2026-07-28,上海,ceramics,0,0.82,37.1,42.2,27.0,bubble,9.52,139.0,0.0,42271.740000000005,11.609756097560975,2026-07
100511,2026-06-26,上海,glass,1,3.49,42.3,35.7,31.9,wood,19.39,157.0,0.0,48172.509000000005,5.555873925501433,2026-06
101083,2026-02-12,西安,glass,1,3.94,50.5,30.9,9.9,cardboard,14.12,177.0,0.0,15448.454999999998,3.583756345177665,2026-02
100475,2026-02-19,深圳,electronics,0,0.96,21.2,10.2,11.8,bubble,7.55,134.0,0.0,2551.632,7.864583333333333,2026-02
101585,2026-08-07,杭州,books,0,2.29,19.4,38.3,13.8,bubble,8.82,47.0,0.0,10253.676,3.851528384279476,2026-08
100857,2026-02-04,杭州,electronics,0,3.89,40.3,43.2,29.7,cardboard,14.99,96.0,0.0,51706.512,3.853470437017995,2026-02
100748,2026-03-29,上海,electronics,0,4.66,31.8,12.1,38.5,cardboard,12.3,136.0,0.0,14814.029999999999,2.639484978540773,2026-03
100253,2026-02-28,成都,ceramics,1,2.7,20.3,26.9,27.3,wood,17.99,121.0,0.0,14907.711,6.662962962962962,2026-02
100022,2026-03-02,武汉,glass,1,4.86,51.2,26.4,32.5,cardboard,17.29,194.0,0.0,43929.6,3.5576131687242794,2026-03
101338,2026-07-21,武汉,electronics,0,3.86,50.4,31.6,22.8,cardboard,14.65,136.0,0.0,36312.192,3.795336787564767,2026-07
101185,2026-03-07,广州,electronics,1,4.24,27.7,18.5,5.9,wood,19.64,113.0,0.0,3023.455,4.632075471698113,2026-03
100277,2026-02-20,西安,glass,1,4.68,48.7,44.1,21.1,wood,21.63,142.0,0.0,45315.83700000001,4.621794871794872,2026-02
101216,2026-02-14,深圳,clothing,0,1.21,56.2,14.8,18.7,cardboard,11.62,28.0,0.0,15553.912000000002,9.603305785123966,2026-02
100386,2026-05-27,武汉,ceramics,1,3.7,37.9,26.9,14.2,wood,17.13,91.0,0.0,14477.041999999998,4.629729729729729,2026-05
100806,2026-02-05,深圳,electronics,0,1.87,22.7,27.2,30.3,bubble,10.05,81.0,0.0,18708.431999999997,5.374331550802139,2026-02
101438,2026-01-06,西安,books,0,2.18,34.3,12.9,37.5,bubble,10.75,36.0,0.0,16592.625,4.931192660550458,2026-01
101516,2026-03-27,广州,electronics,0,1.38,32.0,12.8,8.5,bubble,7.08,105.0,0.0,3481.6000000000004,5.130434782608696,2026-03
100344,2026-05-09,上海,electronics,0,3.91,52.6,42.7,12.9,wood,19.54,137.0,0.0,28973.658000000007,4.997442455242966,2026-05
100770,2026-07-07,北京,glass,1,1.98,22.8,38.9,24.3,wood,16.03,204.0,0.0,21552.156,8.095959595959597,2026-07
101333,2026-04-21,西安,clothing,0,1.22,32.7,42.2,12.9,bubble,7.23,39.0,0.0,17801.226000000002,5.926229508196722,2026-04
101686,2026-03-14,成都,ceramics,1,2.605,49.3,31.4,19.6,cardboard,12.23,110.0,0.0,30341.192,4.694817658349328,2026-03
100131,2026-02-06,上海,electronics,1,4.89,57.1,44.2,13.3,wood,21.18,83.0,0.0,33566.806000000004,4.331288343558282,2026-02
101688,2026-06-30,上海,electronics,0,0.52,34.4,18.2,7.2,cardboard,8.84,98.0,0.0,4507.776,17.0,2026-06
100872,2026-02-27,成都,electronics,0,3.61,57.5,27.7,23.5,cardboard,17.33,136.0,0.0,37429.625,4.800554016620499,2026-02
101124,2026-06-28,武汉,clothing,0,0.53,49.9,21.3,24.8,bubble,7.25,34.0,0.0,26359.176000000003,13.679245283018867,2026-06
101397,2026-03-15,广州,electronics,1,3.27,26.5,39.9,24.4,wood,19.96,129.0,0.0,25799.339999999997,6.103975535168196,2026-03
100088,2026-08-22,上海,ceramics,1,2.79,20.7,43.3,21.9,wood,19.09,113.0,0.0,19629.189,6.842293906810036,2026-08
101483,2026-01-26,北京,clothing,0,1.17,55.1,27.5,8.5,cardboard,9.32,33.0,0.0,12879.625,7.965811965811967,2026-01
100331,2026-04-17,北京,ceramics,1,1.03,51.2,28.7,14.7,wood,15.14,90.0,0.0,21600.768,14.699029126213592,2026-04
101239,2026-07-09,广州,electronics,0,4.08,19.4,26.0,32.9,cardboard,14.02,102.0,0.0,16594.76,3.4362745098039214,2026-07
100467,2026-03-04,广州,clothing,0,0.85,25.2,39.5,26.8,cardboard,10.58,40.0,0.0,26676.72,12.447058823529412,2026-03
100122,2026-06-27,杭州,clothing,0,0.44,31.9,13.5,33.4,bubble,7.18,41.0,0.0,14383.71,16.318181818181817,2026-06
101639,2026-07-23,武汉,ceramics,1,4.24,15.9,14.1,11.5,bubble,12.81,131.0,0.0,2578.185,3.0212264150943398,2026-07
101045,2026-04-12,上海,clothing,0,0.6,41.3,14.3,14.3,bubble,5.57,31.0,0.0,8445.437000000002,9.283333333333335,2026-04
101725,2026-05-31,武汉,clothing,0,0.82,42.8,10.4,39.4,bubble,8.54,34.0,0.0,17537.728,10.414634146341463,2026-05
101096,2026-05-04,深圳,ceramics,1,3.41,16.9,29.5,39.8,wood,19.22,87.0,0.0,19842.289999999997,5.636363636363636,2026-05
101131,2026-05-31,武汉,clothing,0,0.5,21.0,38.3,17.3,bubble,6.49,39.0,0.0,13914.39,12.98,2026-05
101295,2026-05-16,西安,electronics,0,0.85,52.5,39.6,27.1,bubble,9.69,128.0,0.0,56340.9,11.4,2026-05
100861,2026-05-27,深圳,books,0,1.27,48.7,18.8,27.5,bubble,8.1,53.0,0.0,25177.9,6.377952755905511,2026-05
101460,2026-06-07,广州,electronics,0,3.65,49.0,28.7,15.9,cardboard,14.05,97.0,0.0,22360.17,3.849315068493151,2026-06
101127,2026-04-12,广州,clothing,0,1.39,58.5,41.9,5.1,bubble,7.95,29.0,0.0,12500.865,5.7194244604316555,2026-04
